*,*,tavg,tmin,tmax,grad,prec,rh,wind
2018,208,,,,,,,
2018,209,,,,,,,
2018,210,,,,,,,
2018,211,,,,,,,
2018,212,,,,,,,
2018,213,,,,,,,
2018,214,,,,,,,
2018,215,,,,,,,
2018,216,,,,,,,
2018,217,,,,,,,
2018,218,,,,,,,
2018,219,,,,,,,
2018,220,,,,,,,
2018,221,,,,,,,
2018,222,,,,,,,
2018,223,,,,,,,
2018,224,,,,,,,
2018,225,,,,,,,
2018,226,,,,,,,
2018,227,,,,,,,
2018,228,,,,,,,
2018,229,,,,,,,
2018,230,,,,,,,
2018,231,,,,,,,
2018,232,,,,,,,
2018,233,,,,,,,
2018,234,,,,,,,
2018,235,,,,,,,
2018,236,,,,,,,
2018,237,,,,,,,
2018,238,,,,,,,
2018,239,,,,,,,
2018,240,,,,,,,
2018,241,,,,,,,
2018,242,,,,,,,
2018,243,,,,,,,
2018,244,,,,,,,
2018,245,,,,,,,
2018,246,,,,,,,
2018,247,,,,,,,
2018,248,,,,,,,
2018,249,,,,,,,
2018,250,,,,,,,
2018,251,,,,,,,
2018,252,,,,,,,
2018,253,,,,,,,
2018,254,,,,,,,
2018,255,,,,,,,
2018,256,,,,,,,
2018,257,,,,,,,
2018,258,,,,,,,
2018,259,,,,,,,
2018,260,,,,,,,
2018,261,,,,,,,
2018,262,,,,,,,
2018,263,,,,,,,
2018,264,,,,,,,
2018,265,,,,,,,
2018,266,,,,,,,
2018,267,,,,,,,
2018,268,,,,,,,
2018,269,,,,,,,
2018,270,,,,,,,
2018,271,,,,,,,
2018,272,,,,,,,
2018,273,,,,,,,
2018,274,,,,,,,
2018,275,,,,,,,
2018,276,,,,,,,
2018,277,,,,,,,
2018,278,,,,,,,
2018,279,,,,,,,
2018,280,,,,,,,
2018,281,,,,,,,
2018,282,,,,,,,
2018,283,,,,,,,
2018,284,,,,,,,
2018,285,,,,,,,
2018,286,,,,,,,
2018,287,,,,,,,
2018,288,,,,,,,
2018,289,,,,,,,
2018,290,,,,,,,
2018,291,,,,,,,
2018,292,,,,,,,
2018,293,,,,,,,
2018,294,,,,,,,
2018,295,,,,,,,
2018,296,,,,,,,
2018,297,,,,,,,
2018,298,,,,,,,
2018,299,,,,,,,
2018,300,,,,,,,
2018,301,,,,,,,
2018,302,,,,,,,
2018,303,,,,,,,
2018,304,,,,,,,
2018,305,,,,,,,
2018,306,,,,,,,
2018,307,,,,,,,
2018,308,,,,,,,
2018,309,,,,,,,
2018,310,,,,,,,
2018,311,,,,,,,
2018,312,,,,,,,
2018,313,,,,,,,
2018,314,,,,,,,
2018,315,,,,,,,
2018,316,,,,,,,
2018,317,,,,,,,
2018,318,,,,,,,
2018,319,,,,,,,
2018,320,,,,,,,
2018,321,,,,,,,
2018,322,,,,,,,
2018,323,,,,,,,
2018,324,,,,,,,
2018,325,,,,,,,
2018,326,,,,,,,
2018,327,,,,,,,
2018,328,,,,,,,
2018,329,,,,,,,
2018,330,,,,,,,
2018,331,,,,,,,
2018,332,,,,,,,
2018,333,,,,,,,
2018,334,,,,,,,
2018,335,,,,,,,
2018,336,,,,,,,
2018,337,,,,,,,
2018,338,,,,,,,
2018,339,,,,,,,
2018,340,,,,,,,
2018,341,,,,,,,
2018,342,,,,,,,
2018,343,,,,,,,
2018,344,,,,,,,
2018,345,,,,,,,
2018,346,,,,,,,
2018,347,,,,,,,
2018,348,,,,,,,
2018,349,,,,,,,
2018,350,,,,,,,
2018,351,,,,,,,
2018,352,,,,,,,
2018,353,,,,,,,
2018,354,,,,,,,
2018,355,,,,,,,
2018,356,,,,,,,
2018,357,,,,,,,
2018,358,,,,,,,
2018,359,,,,,,,
2018,360,,,,,,,
2018,361,,,,,,,
2018,362,,,,,,,
2018,363,,,,,,,
2018,364,,,,,,,
2018,365,,,,,,,
2019,1,,,,,,,
2019,2,,,,,,,
2019,3,,,,,,,
2019,4,,,,,,,
2019,5,,,,,,,
2019,6,,,,,,,
2019,7,,,,,,,
2019,8,,,,,,,
2019,9,,,,,,,
2019,10,,,,,,,
2019,11,,,,,,,
2019,12,,,,,,,
2019,13,,,,,,,
2019,14,,,,,,,
2019,15,,,,,,,
2019,16,,,,,,,
2019,17,,,,,,,
2019,18,,,,,,,
2019,19,,,,,,,
2019,20,,,,,,,
2019,21,,,,,,,
2019,22,,,,,,,
2019,23,,,,,,,
2019,24,,,,,,,
2019,25,,,,,,,
2019,26,,,,,,,
2019,27,,,,,,,
2019,28,,,,,,,
2019,29,,,,,,,
2019,30,,,,,,,
2019,31,,,,,,,
2019,32,,,,,,,
2019,33,,,,,,,
2019,34,,,,,,,
2019,35,,,,,,,
2019,36,,,,,,,
2019,37,,,,,,,
2019,38,,,,,,,
2019,39,,,,,,,
2019,40,,,,,,,
2019,41,,,,,,,
2019,42,,,,,,,
2019,43,,,,,,,
2019,44,,,,,,,
2019,45,,,,,,,
2019,46,,,,,,,
2019,47,,,,,,,
2019,48,,,,,,,
2019,49,,,,,,,
2019,50,,,,,,,
2019,51,,,,,,,
2019,52,,,,,,,
2019,53,,,,,,,
2019,54,,,,,,,
2019,55,,,,,,,
2019,56,,,,,,,
2019,57,,,,,,,
2019,58,,,,,,,
2019,59,,,,,,,
2019,60,,,,,,,
2019,61,,,,,,,
2019,62,,,,,,,
2019,63,,,,,,,
2019,64,,,,,,,
2019,65,,,,,,,
2019,66,,,,,,,
2019,67,,,,,,,
2019,68,,,,,,,
2019,69,,,,,,,
2019,70,,,,,,,
2019,71,,,,,,,
2019,72,,,,,,,
2019,73,,,,,,,
2019,74,,,,,,,
2019,75,,,,,,,
2019,76,,,,,,,
2019,77,,,,,,,
2019,78,,,,,,,
2019,79,,,,,,,
2019,80,,,,,,,
2019,81,,,,,,,
2019,82,,,,,,,
2019,83,,,,,,,
2019,84,,,,,,,
2019,85,,,,,,,
2019,86,,,,,,,
2019,87,,,,,,,
2019,88,,,,,,,
2019,89,,,,,,,
2019,90,,,,,,,
2019,91,,,,,,,
2019,92,,,,,,,
2019,93,,,,,,,
2019,94,,,,,,,
2019,95,,,,,,,
2019,96,,,,,,,
2019,97,,,,,,,
2019,98,,,,,,,
2019,99,,,,,,,
2019,100,,,,,,,
2019,101,,,,,,,
2019,102,,,,,,,
2019,103,,,,,,,
2019,104,,,,,,,
2019,105,,,,,,,
2019,106,,,,,,,
2019,107,,,,,,,
2019,108,,,,,,,
2019,109,,,,,,,
2019,110,,,,,,,
2019,111,,,,,,,
2019,112,,,,,,,
2019,113,,,,,,,
2019,114,,,,,,,
2019,115,,,,,,,
2019,116,,,,,,,
2019,117,,,,,,,
2019,118,,,,,,,
2019,119,,,,,,,
2019,120,,,,,,,
2019,121,,,,,,,
2019,122,,,,,,,
2019,123,,,,,,,
2019,124,,,,,,,
2019,125,,,,,,,
2019,126,,,,,,,
2019,127,,,,,,,
2019,128,,,,,,,
2019,129,,,,,,,
2019,130,,,,,,,
2019,131,,,,,,,
2019,132,,,,,,,
2019,133,,,,,,,
2019,134,,,,,,,
2019,135,,,,,,,
2019,136,,,,,,,
2019,137,,,,,,,
2019,138,,,,,,,
2019,139,,,,,,,
2019,140,,,,,,,
2019,141,,,,,,,
2019,142,,,,,,,
2019,143,,,,,,,
2019,144,,,,,,,
2019,145,,,,,,,
2019,146,,,,,,,
2019,147,,,,,,,
2019,148,,,,,,,
2019,149,,,,,,,
2019,150,,,,,,,
2019,151,,,,,,,
2019,152,,,,,,,
2019,153,,,,,,,
2019,154,,,,,,,
2019,155,,,,,,,
2019,156,,,,,,,
2019,157,,,,,,,
2019,158,,,,,,,
2019,159,,,,,,,
2019,160,,,,,,,
2019,161,,,,,,,
2019,162,,,,,,,
2019,163,,,,,,,
2019,164,,,,,,,
2019,165,,,,,,,
2019,166,,,,,,,
2019,167,,,,,,,
2019,168,,,,,,,
2019,169,,,,,,,
2019,170,,,,,,,
2019,171,,,,,,,
2019,172,,,,,,,
2019,173,,,,,,,
2019,174,,,,,,,
2019,175,,,,,,,
2019,176,,,,,,,
2019,177,,,,,,,
2019,178,,,,,,,
2019,179,,,,,,,
2019,180,,,,,,,
2019,181,,,,,,,
2019,182,,,,,,,
2019,183,,,,,,,
2019,184,,,,,,,
2019,185,,,,,,,
2019,186,,,,,,,
2019,187,,,,,,,
2019,188,,,,,,,
2019,189,,,,,,,
2019,190,,,,,,,
2019,191,,,,,,,
2019,192,,,,,,,
2019,193,,,,,,,
2019,194,,,,,,,
2019,195,,,,,,,
2019,196,,,,,,,
2019,197,,,,,,,
2019,198,,,,,,,
2019,199,,,,,,,
2019,200,,,,,,,
2019,201,,,,,,,
2019,202,,,,,,,
2019,203,,,,,,,
2019,204,,,,,,,
2019,205,,,,,,,
2019,206,,,,,,,
2019,207,,,,,,,
2019,208,,,,,,,
2019,209,,,,,,,
2019,210,,,,,,,
2019,211,,,,,,,
2019,212,,,,,,,
2019,213,,,,,,,
2019,214,,,,,,,
2019,215,,,,,,,
2019,216,,,,,,,
2019,217,,,,,,,
2019,218,,,,,,,
2019,219,,,,,,,
2019,220,,,,,,,
2019,221,,,,,,,
2019,222,,,,,,,
2019,223,,,,,,,
2019,224,,,,,,,
2019,225,,,,,,,
2019,226,,,,,,,
2019,227,,,,,,,
2019,228,,,,,,,
2019,229,,,,,,,
2019,230,,,,,,,
2019,231,,,,,,,
2019,232,,,,,,,
2019,233,,,,,,,
2019,234,,,,,,,
2019,235,,,,,,,
2019,236,,,,,,,
2019,237,,,,,,,
2019,238,,,,,,,
2019,239,,,,,,,
2019,240,,,,,,,
2019,241,,,,,,,
2019,242,,,,,,,
2019,243,,,,,,,
2019,244,,,,,,,
2019,245,,,,,,,
2019,246,,,,,,,
2019,247,,,,,,,
2019,248,,,,,,,
2019,249,,,,,,,
2019,250,,,,,,,
2019,251,,,,,,,
2019,252,,,,,,,
2019,253,,,,,,,
2019,254,,,,,,,
2019,255,,,,,,,
2019,256,,,,,,,
2019,257,,,,,,,
2019,258,,,,,,,
2019,259,,,,,,,
2019,260,,,,,,,
2019,261,,,,,,,
2019,262,,,,,,,
2019,263,,,,,,,
2019,264,,,,,,,
2019,265,,,,,,,
2019,266,,,,,,,
2019,267,,,,,,,
2019,268,,,,,,,
2019,269,,,,,,,
2019,270,,,,,,,
2019,271,,,,,,,
2019,272,,,,,,,
2019,273,,,,,,,
2019,274,,,,,,,
2019,275,,,,,,,
2019,276,,,,,,,
2019,277,,,,,,,
2019,278,,,,,,,
2019,279,,,,,,,
2019,280,,,,,,,
2019,281,,,,,,,
2019,282,,,,,,,
2019,283,,,,,,,
2019,284,,,,,,,
2019,285,,,,,,,
2019,286,,,,,,,
2019,287,,,,,,,
2019,288,,,,,,,
2019,289,,,,,,,
2019,290,,,,,,,
2019,291,,,,,,,
2019,292,,,,,,,
2019,293,,,,,,,
2019,294,,,,,,,
2019,295,,,,,,,
2019,296,,,,,,,
2019,297,,,,,,,
2019,298,,,,,,,
2019,299,,,,,,,
2019,300,,,,,,,
2019,301,,,,,,,
2019,302,,,,,,,
2019,303,,,,,,,
2019,304,,,,,,,
2019,305,,,,,,,
2019,306,,,,,,,
2019,307,,,,,,,
2019,308,,,,,,,
2019,309,,,,,,,
2019,310,,,,,,,
2019,311,,,,,,,
2019,312,,,,,,,
2019,313,,,,,,,
2019,314,,,,,,,
2019,315,,,,,,,
2019,316,,,,,,,
2019,317,,,,,,,
2019,318,,,,,,,
2019,319,,,,,,,
2019,320,,,,,,,
2019,321,,,,,,,
2019,322,,,,,,,
2019,323,,,,,,,
2019,324,,,,,,,
2019,325,,,,,,,
2019,326,,,,,,,
2019,327,,,,,,,
2019,328,,,,,,,
2019,329,,,,,,,
2019,330,,,,,,,
2019,331,,,,,,,
2019,332,,,,,,,
2019,333,,,,,,,
2019,334,,,,,,,
2019,335,,,,,,,
2019,336,,,,,,,
2019,337,,,,,,,
2019,338,,,,,,,
2019,339,,,,,,,
2019,340,,,,,,,
2019,341,,,,,,,
2019,342,,,,,,,
2019,343,,,,,,,
2019,344,,,,,,,
2019,345,,,,,,,
2019,346,,,,,,,
2019,347,,,,,,,
2019,348,,,,,,,
2019,349,,,,,,,
2019,350,,,,,,,
2019,351,,,,,,,
2019,352,,,,,,,
2019,353,,,,,,,
2019,354,,,,,,,
2019,355,,,,,,,
2019,356,,,,,,,
2019,357,,,,,,,
2019,358,,,,,,,
2019,359,,,,,,,
2019,360,,,,,,,
2019,361,,,,,,,
2019,362,,,,,,,
2019,363,,,,,,,
2019,364,,,,,,,
2019,365,,,,,,,
2020,1,,,,,,,
2020,2,,,,,,,
2020,3,,,,,,,
2020,4,,,,,,,
2020,5,,,,,,,
2020,6,,,,,,,
2020,7,,,,,,,
2020,8,,,,,,,
2020,9,,,,,,,
2020,10,,,,,,,
2020,11,,,,,,,
2020,12,,,,,,,
2020,13,,,,,,,
2020,14,,,,,,,
2020,15,,,,,,,
2020,16,,,,,,,
2020,17,,,,,,,
2020,18,,,,,,,
2020,19,,,,,,,
2020,20,,,,,,,
2020,21,,,,,,,
2020,22,,,,,,,
2020,23,,,,,,,
2020,24,,,,,,,
2020,25,,,,,,,
2020,26,,,,,,,
2020,27,,,,,,,
2020,28,,,,,,,
2020,29,,,,,,,
2020,30,,,,,,,
2020,31,,,,,,,
2020,32,,,,,,,
2020,33,,,,,,,
2020,34,,,,,,,
2020,35,,,,,,,
2020,36,,,,,,,
2020,37,,,,,,,
2020,38,,,,,,,
2020,39,,,,,,,
2020,40,,,,,,,
2020,41,,,,,,,
2020,42,,,,,,,
2020,43,,,,,,,
2020,44,,,,,,,
2020,45,,,,,,,
2020,46,,,,,,,
2020,47,,,,,,,
2020,48,,,,,,,
2020,49,,,,,,,
2020,50,,,,,,,
2020,51,,,,,,,
2020,52,,,,,,,
2020,53,,,,,,,
2020,54,,,,,,,
2020,55,,,,,,,
2020,56,,,,,,,
2020,57,,,,,,,
2020,58,,,,,,,
2020,59,,,,,,,
2020,60,,,,,,,
2020,61,,,,,,,
2020,62,,,,,,,
2020,63,,,,,,,
2020,64,,,,,,,
2020,65,,,,,,,
2020,66,,,,,,,
2020,67,,,,,,,
2020,68,,,,,,,
2020,69,,,,,,,
2020,70,,,,,,,
2020,71,,,,,,,
2020,72,,,,,,,
2020,73,,,,,,,
2020,74,,,,,,,
2020,75,,,,,,,
2020,76,,,,,,,
2020,77,,,,,,,
2020,78,,,,,,,
2020,79,,,,,,,
2020,80,,,,,,,
2020,81,,,,,,,
2020,82,,,,,,,
2020,83,,,,,,,
2020,84,,,,,,,
2020,85,,,,,,,
2020,86,,,,,,,
2020,87,,,,,,,
2020,88,,,,,,,
2020,89,,,,,,,
2020,90,,,,,,,
2020,91,,,,,,,
2020,92,,,,,,,
2020,93,,,,,,,
2020,94,,,,,,,
2020,95,,,,,,,
2020,96,,,,,,,
2020,97,,,,,,,
2020,98,,,,,,,
2020,99,,,,,,,
2020,100,,,,,,,
2020,101,,,,,,,
2020,102,,,,,,,
2020,103,,,,,,,
2020,104,,,,,,,
2020,105,,,,,,,
2020,106,,,,,,,
2020,107,,,,,,,
2020,108,,,,,,,
2020,109,,,,,,,
2020,110,,,,,,,
2020,111,,,,,,,
2020,112,,,,,,,
2020,113,,,,,,,
2020,114,,,,,,,
2020,115,,,,,,,
2020,116,,,,,,,
2020,117,,,,,,,
2020,118,,,,,,,
2020,119,,,,,,,
2020,120,,,,,,,
2020,121,,,,,,,
2020,122,,,,,,,
2020,123,,,,,,,
2020,124,,,,,,,
2020,125,,,,,,,
2020,126,,,,,,,
2020,127,,,,,,,
2020,128,,,,,,,
2020,129,,,,,,,
2020,130,,,,,,,
2020,131,,,,,,,
2020,132,,,,,,,
2020,133,,,,,,,
2020,134,,,,,,,
2020,135,,,,,,,
2020,136,,,,,,,
2020,137,,,,,,,
2020,138,,,,,,,
2020,139,,,,,,,
2020,140,,,,,,,
2020,141,,,,,,,
2020,142,,,,,,,
2020,143,,,,,,,
2020,144,,,,,,,
2020,145,,,,,,,
2020,146,,,,,,,
2020,147,,,,,,,
2020,148,,,,,,,
2020,149,,,,,,,
2020,150,,,,,,,
2020,151,,,,,,,
2020,152,,,,,,,
2020,153,,,,,,,
2020,154,,,,,,,
2020,155,,,,,,,
2020,156,,,,,,,
2020,157,,,,,,,
2020,158,,,,,,,
2020,159,,,,,,,
2020,160,,,,,,,
2020,161,,,,,,,
2020,162,,,,,,,
2020,163,,,,,,,
2020,164,,,,,,,
2020,165,,,,,,,
2020,166,,,,,,,
2020,167,,,,,,,
2020,168,,,,,,,
2020,169,,,,,,,
2020,170,,,,,,,
2020,171,,,,,,,
2020,172,,,,,,,
2020,173,,,,,,,
2020,174,,,,,,,
2020,175,,,,,,,
2020,176,,,,,,,
2020,177,,,,,,,
2020,178,,,,,,,
2020,179,,,,,,,
2020,180,,,,,,,
2020,181,,,,,,,
2020,182,,,,,,,
2020,183,,,,,,,
2020,184,,,,,,,
2020,185,,,,,,,
2020,186,,,,,,,
2020,187,,,,,,,
2020,188,,,,,,,
2020,189,,,,,,,
2020,190,,,,,,,
2020,191,,,,,,,
2020,192,,,,,,,
2020,193,,,,,,,
2020,194,,,,,,,
2020,195,,,,,,,
2020,196,,,,,,,
2020,197,,,,,,,
2020,198,,,,,,,
2020,199,,,,,,,
2020,200,,,,,,,
2020,201,,,,,,,
2020,202,,,,,,,
2020,203,,,,,,,
2020,204,,,,,,,
2020,205,,,,,,,
2020,206,,,,,,,
2020,207,,,,,,,
2020,208,,,,,,,
2020,209,,,,,,,
2020,210,,,,,,,
2020,211,,,,,,,
2020,212,,,,,,,
2020,213,,,,,,,
2020,214,,,,,,,
2020,215,,,,,,,
2020,216,,,,,,,
2020,217,,,,,,,
2020,218,,,,,,,
2020,219,,,,,,,
2020,220,,,,,,,
2020,221,,,,,,,
2020,222,,,,,,,
2020,223,,,,,,,
2020,224,,,,,,,
2020,225,,,,,,,
2020,226,,,,,,,
2020,227,,,,,,,
2020,228,,,,,,,
2020,229,,,,,,,
2020,230,,,,,,,
2020,231,,,,,,,
2020,232,,,,,,,
2020,233,,,,,,,
2020,234,,,,,,,
2020,235,,,,,,,
2020,236,,,,,,,
2020,237,,,,,,,
2020,238,,,,,,,
2020,239,,,,,,,
2020,240,,,,,,,
2020,241,,,,,,,
2020,242,,,,,,,
2020,243,,,,,,,
2020,244,,,,,,,
2020,245,,,,,,,
2020,246,,,,,,,
2020,247,,,,,,,
2020,248,,,,,,,
2020,249,,,,,,,
2020,250,,,,,,,
2020,251,,,,,,,
2020,252,,,,,,,
2020,253,,,,,,,
2020,254,,,,,,,
2020,255,,,,,,,
2020,256,,,,,,,
2020,257,,,,,,,
2020,258,,,,,,,
2020,259,,,,,,,
2020,260,,,,,,,
2020,261,,,,,,,
2020,262,,,,,,,
2020,263,,,,,,,
2020,264,,,,,,,
2020,265,,,,,,,
2020,266,,,,,,,
2020,267,,,,,,,
2020,268,,,,,,,
2020,269,,,,,,,
2020,270,,,,,,,
2020,271,,,,,,,
2020,272,,,,,,,
2020,273,,,,,,,
2020,274,,,,,,,
2020,275,,,,,,,
2020,276,,,,,,,
2020,277,,,,,,,
2020,278,,,,,,,
2020,279,,,,,,,
2020,280,,,,,,,
2020,281,,,,,,,
2020,282,,,,,,,
2020,283,,,,,,,
2020,284,,,,,,,
2020,285,,,,,,,
2020,286,,,,,,,
2020,287,,,,,,,
2020,288,,,,,,,
2020,289,,,,,,,
2020,290,,,,,,,
2020,291,,,,,,,
2020,292,,,,,,,
2020,293,,,,,,,
2020,294,,,,,,,
2020,295,,,,,,,
2020,296,,,,,,,
2020,297,,,,,,,
2020,298,,,,,,,
2020,299,,,,,,,
2020,300,,,,,,,
2020,301,,,,,,,
2020,302,,,,,,,
2020,303,,,,,,,
2020,304,,,,,,,
2020,305,,,,,,,
2020,306,,,,,,,
2020,307,,,,,,,
2020,308,,,,,,,
2020,309,,,,,,,
2020,310,,,,,,,
2020,311,,,,,,,
2020,312,,,,,,,
2020,313,,,,,,,
2020,314,,,,,,,
2020,315,,,,,,,
2020,316,,,,,,,
2020,317,,,,,,,
2020,318,,,,,,,
2020,319,,,,,,,
2020,320,,,,,,,
2020,321,,,,,,,
2020,322,,,,,,,
2020,323,,,,,,,
2020,324,,,,,,,
2020,325,,,,,,,
2020,326,,,,,,,
2020,327,,,,,,,
2020,328,,,,,,,
2020,329,,,,,,,
2020,330,,,,,,,
2020,331,,,,,,,
2020,332,,,,,,,
2020,333,,,,,,,
2020,334,,,,,,,
2020,335,,,,,,,
2020,336,,,,,,,
2020,337,,,,,,,
2020,338,,,,,,,
2020,339,,,,,,,
2020,340,,,,,,,
2020,341,,,,,,,
2020,342,,,,,,,
2020,343,,,,,,,
2020,344,,,,,,,
2020,345,,,,,,,
2020,346,,,,,,,
2020,347,,,,,,,
2020,348,,,,,,,
2020,349,,,,,,,
2020,350,,,,,,,
2020,351,,,,,,,
2020,352,,,,,,,
2020,353,,,,,,,
2020,354,,,,,,,
2020,355,,,,,,,
2020,356,,,,,,,
2020,357,,,,,,,
2020,358,,,,,,,
2020,359,,,,,,,
2020,360,,,,,,,
2020,361,,,,,,,
2020,362,,,,,,,
2020,363,,,,,,,
2020,364,,,,,,,
2020,365,,,,,,,
2021,,,,,,,,
2021,,,,,,,,
2021,,,,,,,,
2021,,,,,,,,
2021,,,,,,,,
2021,,,,,,,,
2021,,,,,,,,
2021,,,,,,,,
2021,,,,,,,,
2021,,,,,,,,
2021,,,,,,,,
2021,,,,,,,,
2021,,,,,,,,
2021,,,,,,,,
2021,,,,,,,,
2021,,,,,,,,
2021,,,,,,,,
2021,,,,,,,,
2021,,,,,,,,
2021,,,,,,,,
2021,,,,,,,,
2021,,,,,,,,
2021,,,,,,,,
2021,,,,,,,,
2021,,,,,,,,
2021,,,,,,,,
2021,,,,,,,,
2021,,,,,,,,
2021,,,,,,,,
2021,,,,,,,,
2021,,,,,,,,
2021,,,,,,,,
2021,,,,,,,,
2021,,,,,,,,
2021,,,,,,,,
2021,,,,,,,,
2021,,,,,,,,
2021,,,,,,,,
2021,,,,,,,,
2021,,,,,,,,
2021,,,,,,,,
2021,,,,,,,,
2021,,,,,,,,
2021,,,,,,,,
2021,,,,,,,,
2021,,,,,,,,
2021,,,,,,,,
2021,,,,,,,,
2021,,,,,,,,
2021,,,,,,,,
2021,,,,,,,,
2021,,,,,,,,
2021,,,,,,,,
2021,,,,,,,,
2021,,,,,,,,
2021,,,,,,,,
2021,,,,,,,,
2021,,,,,,,,
2021,,,,,,,,
2021,,,,,,,,
2021,,,,,,,,
2021,,,,,,,,
2021,,,,,,,,
2021,,,,,,,,
2021,,,,,,,,
2021,,,,,,,,
2021,,,,,,,,
2021,,,,,,,,
2021,,,,,,,,
2021,,,,,,,,
2021,,,,,,,,
2021,,,,,,,,
2021,,,,,,,,
2021,,,,,,,,
2021,,,,,,,,
2021,,,,,,,,
2021,,,,,,,,
2021,,,,,,,,
2021,,,,,,,,
2021,,,,,,,,
2021,,,,,,,,
2021,,,,,,,,
2021,,,,,,,,
2021,,,,,,,,
2021,,,,,,,,
2021,,,,,,,,
2021,,,,,,,,
2021,,,,,,,,
2021,,,,,,,,
2021,,,,,,,,
2021,,,,,,,,
2021,,,,,,,,
2021,,,,,,,,
2021,,,,,,,,
2021,,,,,,,,
2021,,,,,,,,
2021,,,,,,,,
2021,,,,,,,,
2021,,,,,,,,
2021,,,,,,,,
2021,,,,,,,,
2021,,,,,,,,
2022,1,,,,,,,
2022,2,,,,,,,
2022,3,,,,,,,
2022,4,,,,,,,
2022,5,,,,,,,
2022,6,,,,,,,
2022,7,,,,,,,
2022,8,,,,,,,
2022,9,,,,,,,
2022,10,,,,,,,
2022,11,,,,,,,
2022,12,,,,,,,
2022,13,,,,,,,
2022,14,,,,,,,
2022,15,,,,,,,
2022,16,,,,,,,
2022,17,,,,,,,
2022,18,,,,,,,
2022,19,,,,,,,
2022,20,,,,,,,
2022,21,,,,,,,
2022,22,,,,,,,
2022,23,,,,,,,
2022,24,,,,,,,
2022,25,,,,,,,
2022,26,,,,,,,
2022,27,,,,,,,
2022,28,,,,,,,
2022,29,,,,,,,
2022,30,,,,,,,
2022,31,,,,,,,
2022,32,,,,,,,
2022,33,,,,,,,
2022,34,,,,,,,
2022,35,,,,,,,
2022,36,,,,,,,
2022,37,,,,,,,
2022,38,,,,,,,
2022,39,,,,,,,
2022,40,,,,,,,
2022,41,,,,,,,
2022,42,,,,,,,
2022,43,,,,,,,
2022,44,,,,,,,
2022,45,,,,,,,
2022,46,,,,,,,
2022,47,,,,,,,
2022,48,,,,,,,
2022,49,,,,,,,
2022,50,,,,,,,
2022,51,,,,,,,
2022,52,,,,,,,
2022,53,,,,,,,
2022,54,,,,,,,
2022,55,,,,,,,
2022,56,,,,,,,
2022,57,,,,,,,
2022,58,,,,,,,
2022,59,,,,,,,
2022,60,,,,,,,
2022,61,,,,,,,
2022,62,,,,,,,
2022,63,,,,,,,
2022,64,,,,,,,
2022,65,,,,,,,
2022,66,,,,,,,
2022,67,,,,,,,
2022,68,,,,,,,
2022,69,,,,,,,
2022,70,,,,,,,
2022,71,,,,,,,
2022,72,,,,,,,
2022,73,,,,,,,
2022,74,,,,,,,
2022,75,,,,,,,
2022,76,,,,,,,
2022,77,,,,,,,
2022,78,,,,,,,
2022,79,,,,,,,
2022,80,,,,,,,
2022,81,,,,,,,
2022,82,,,,,,,
2022,83,,,,,,,
2022,84,,,,,,,
2022,85,,,,,,,
2022,86,,,,,,,
2022,87,,,,,,,
2022,88,,,,,,,
2022,89,,,,,,,
2022,90,,,,,,,
2022,91,,,,,,,
2022,92,,,,,,,
2022,93,,,,,,,
2022,94,,,,,,,
2022,95,,,,,,,
2022,96,,,,,,,
2022,97,,,,,,,
2022,98,,,,,,,
2022,99,,,,,,,
2022,100,,,,,,,
2022,101,,,,,,,
2022,102,,,,,,,
2022,103,,,,,,,
2022,104,,,,,,,
2022,105,,,,,,,
2022,106,,,,,,,
2022,107,,,,,,,
2022,108,,,,,,,
2022,109,,,,,,,
2022,110,,,,,,,
2022,111,,,,,,,
2022,112,,,,,,,
2022,113,,,,,,,
2022,114,,,,,,,
2022,115,,,,,,,
2022,116,,,,,,,
2022,117,,,,,,,
2022,118,,,,,,,
2022,119,,,,,,,
2022,120,,,,,,,
2022,121,,,,,,,
2022,122,,,,,,,
2022,123,,,,,,,
2022,124,,,,,,,
2022,125,,,,,,,
2022,126,,,,,,,
2022,127,,,,,,,
2022,128,,,,,,,
2022,129,,,,,,,
2022,130,,,,,,,
2022,131,,,,,,,
2022,132,,,,,,,
2022,133,,,,,,,
2022,134,,,,,,,
2022,135,,,,,,,
2022,136,,,,,,,
2022,137,,,,,,,
2022,138,,,,,,,
2022,139,,,,,,,
2022,140,,,,,,,
2022,141,,,,,,,
2022,142,,,,,,,
2022,143,,,,,,,
2022,144,,,,,,,
2022,145,,,,,,,
2022,146,,,,,,,
2022,147,,,,,,,
2022,148,,,,,,,
2022,149,,,,,,,
2022,150,,,,,,,
2022,151,,,,,,,
2022,152,,,,,,,
2022,153,,,,,,,
2022,154,,,,,,,
2022,155,,,,,,,
2022,156,,,,,,,
2022,157,,,,,,,
2022,158,,,,,,,
2022,159,,,,,,,
2022,160,,,,,,,
2022,161,,,,,,,
2022,162,,,,,,,
2022,163,,,,,,,
2022,164,,,,,,,
2022,165,,,,,,,
2022,166,,,,,,,
2022,167,,,,,,,
2022,168,,,,,,,
2022,169,,,,,,,
2022,170,,,,,,,
2022,171,,,,,,,
2022,172,,,,,,,
2022,173,,,,,,,
2022,174,,,,,,,
2022,175,,,,,,,
2022,176,,,,,,,
2022,177,,,,,,,
2022,178,,,,,,,
2022,179,,,,,,,
2022,180,,,,,,,
2022,181,,,,,,,
2022,182,,,,,,,
2022,183,,,,,,,
2022,184,,,,,,,
2022,185,,,,,,,
2022,186,,,,,,,
2022,187,,,,,,,
2022,188,,,,,,,
2022,189,,,,,,,
2022,190,,,,,,,
2022,191,,,,,,,
2022,192,,,,,,,
2022,193,,,,,,,
2022,194,,,,,,,
2022,195,,,,,,,
2022,196,,,,,,,
2022,197,,,,,,,
2022,198,,,,,,,
2022,199,,,,,,,
2022,200,,,,,,,
2022,201,,,,,,,
2022,202,,,,,,,
2022,203,,,,,,,
2022,204,,,,,,,
2022,205,,,,,,,
2022,206,,,,,,,
2022,207,,,,,,,
2022,208,,,,,,,
2022,209,,,,,,,
2022,210,,,,,,,
2022,211,,,,,,,
2022,212,,,,,,,
2022,213,,,,,,,
2022,214,,,,,,,
2022,215,,,,,,,
2022,216,,,,,,,
2022,217,,,,,,,
2022,218,,,,,,,
2022,219,,,,,,,
2022,220,,,,,,,
2022,221,,,,,,,
2022,222,,,,,,,
2022,223,,,,,,,
2022,224,,,,,,,
2022,225,,,,,,,
2022,226,,,,,,,
2022,227,,,,,,,
2022,228,,,,,,,
2022,229,,,,,,,
2022,230,,,,,,,
2022,231,,,,,,,
2022,232,,,,,,,
2022,233,,,,,,,
2022,234,,,,,,,
2022,235,,,,,,,
2022,236,,,,,,,
2022,237,,,,,,,
2022,238,,,,,,,
2022,239,,,,,,,
2022,240,,,,,,,
2022,241,,,,,,,
2022,242,,,,,,,
2022,243,,,,,,,
2022,244,,,,,,,
2022,245,,,,,,,
2022,246,,,,,,,
2022,247,,,,,,,
2022,248,,,,,,,
2022,249,,,,,,,
2022,250,,,,,,,
2022,251,,,,,,,
2022,252,,,,,,,
2022,253,,,,,,,
2022,254,,,,,,,
2022,255,,,,,,,
2022,256,,,,,,,
2022,257,,,,,,,
2022,258,,,,,,,
2022,259,,,,,,,
2022,260,,,,,,,
2022,261,,,,,,,
2022,262,,,,,,,
2022,263,,,,,,,
2022,264,,,,,,,
2022,265,,,,,,,
2022,266,,,,,,,
2022,267,,,,,,,
2022,268,,,,,,,
2022,269,,,,,,,
2022,270,,,,,,,
2022,271,,,,,,,
2022,272,,,,,,,
2022,273,,,,,,,
2022,274,,,,,,,
2022,275,,,,,,,
2022,276,,,,,,,
2022,277,,,,,,,
2022,278,,,,,,,
2022,279,,,,,,,
2022,280,,,,,,,
2022,281,,,,,,,
2022,282,,,,,,,
2022,283,,,,,,,
2022,284,,,,,,,
2022,285,,,,,,,
2022,286,,,,,,,
2022,287,,,,,,,
2022,288,,,,,,,
2022,289,,,,,,,
2022,290,,,,,,,
2022,291,,,,,,,
2022,292,,,,,,,
2022,293,,,,,,,
2022,294,,,,,,,
2022,295,,,,,,,
2022,296,,,,,,,
2022,297,,,,,,,
2022,298,,,,,,,
2022,299,,,,,,,
2022,300,,,,,,,
2022,301,,,,,,,
2022,302,,,,,,,
2022,303,,,,,,,
2022,304,,,,,,,
2022,305,,,,,,,
2022,306,,,,,,,
2022,307,,,,,,,
2022,308,,,,,,,
2022,309,,,,,,,
2022,310,,,,,,,
2022,311,,,,,,,
2022,312,,,,,,,
2022,313,,,,,,,
2022,314,,,,,,,
2022,315,,,,,,,
2022,316,,,,,,,
2022,317,,,,,,,
2022,318,,,,,,,
2022,319,,,,,,,
2022,320,,,,,,,
2022,321,,,,,,,
2022,322,,,,,,,
2022,323,,,,,,,
2022,324,,,,,,,
2022,325,,,,,,,
2022,326,,,,,,,
2022,327,,,,,,,
2022,328,,,,,,,
2022,329,,,,,,,
2022,330,,,,,,,
2022,331,,,,,,,
2022,332,,,,,,,
2022,333,,,,,,,
2022,334,,,,,,,
2022,335,,,,,,,
2022,336,,,,,,,
2022,337,,,,,,,
2022,338,,,,,,,
2022,339,,,,,,,
2022,340,,,,,,,
2022,341,,,,,,,
2022,342,,,,,,,
2022,343,,,,,,,
2022,344,,,,,,,
2022,345,,,,,,,
2022,346,,,,,,,
2022,347,,,,,,,
2022,348,,,,,,,
2022,349,,,,,,,
2022,350,,,,,,,
2022,351,,,,,,,
2022,352,,,,,,,
2022,353,,,,,,,
2022,354,,,,,,,
2022,355,,,,,,,
2022,356,,,,,,,
2022,357,,,,,,,
2022,358,,,,,,,
2022,359,,,,,,,
2022,360,,,,,,,
2022,361,,,,,,,
2022,362,,,,,,,
2022,363,,,,,,,
2022,364,,,,,,,
2022,365,,,,,,,
2023,1,,,,,,,
2023,2,,,,,,,
2023,3,,,,,,,
2023,4,,,,,,,
2023,5,,,,,,,
2023,6,,,,,,,
2023,7,,,,,,,
2023,8,,,,,,,
2023,9,,,,,,,
2023,10,,,,,,,
2023,11,,,,,,,
2023,12,,,,,,,
2023,13,,,,,,,
2023,14,,,,,,,
2023,15,,,,,,,
2023,16,,,,,,,
2023,17,,,,,,,
2023,18,,,,,,,
2023,19,,,,,,,
2023,20,,,,,,,
2023,21,,,,,,,
2023,22,,,,,,,
2023,23,,,,,,,
2023,24,,,,,,,
2023,25,,,,,,,
2023,26,,,,,,,
2023,27,,,,,,,
2023,28,,,,,,,
2023,29,,,,,,,
2023,30,,,,,,,
2023,31,,,,,,,
2023,32,,,,,,,
2023,33,,,,,,,
2023,34,,,,,,,
2023,35,,,,,,,
2023,36,,,,,,,
2023,37,,,,,,,
2023,38,,,,,,,
2023,39,,,,,,,
2023,40,,,,,,,
2023,41,,,,,,,
2023,42,,,,,,,
2023,43,,,,,,,
2023,44,,,,,,,
2023,45,,,,,,,
2023,46,,,,,,,
2023,47,,,,,,,
2023,48,,,,,,,
2023,49,,,,,,,
2023,50,,,,,,,
2023,51,,,,,,,
2023,52,,,,,,,
2023,53,,,,,,,
2023,54,,,,,,,
2023,55,,,,,,,
2023,56,,,,,,,
2023,57,,,,,,,
2023,58,,,,,,,
2023,59,,,,,,,
2023,60,,,,,,,
2023,61,,,,,,,
2023,62,,,,,,,
2023,63,,,,,,,
2023,64,,,,,,,
2023,65,,,,,,,
2023,66,,,,,,,
2023,67,,,,,,,
2023,68,,,,,,,
2023,69,,,,,,,
2023,70,,,,,,,
2023,71,,,,,,,
2023,72,,,,,,,
2023,73,,,,,,,
2023,74,,,,,,,
2023,75,,,,,,,
2023,76,,,,,,,
2023,77,,,,,,,
2023,78,,,,,,,
2023,79,,,,,,,
2023,80,,,,,,,
2023,81,,,,,,,
2023,82,,,,,,,
2023,83,,,,,,,
2023,84,,,,,,,
2023,85,,,,,,,
2023,86,,,,,,,
2023,87,,,,,,,
2023,88,,,,,,,
2023,89,,,,,,,
2023,90,,,,,,,
2023,91,,,,,,,
2023,92,,,,,,,
2023,93,,,,,,,
2023,94,,,,,,,
2023,95,,,,,,,
2023,96,,,,,,,
2023,97,,,,,,,
2023,98,,,,,,,
2023,99,,,,,,,
2023,100,,,,,,,
2023,101,,,,,,,
2023,102,,,,,,,
2023,103,,,,,,,
2023,104,,,,,,,
2023,105,,,,,,,
2023,106,,,,,,,
2023,107,,,,,,,
2023,108,,,,,,,
2023,109,,,,,,,
2023,110,,,,,,,
2023,111,20.15835417,17.067,25.364,NA,16.7,55,2.1959375
2023,112,NA,NA,NA,NA,0,55,2.622118056
2023,113,19.18964583,15.333,23.636,NA,0,55,1.788125
2023,114,NA,NA,NA,NA,5.1,55,1.538993056
2023,115,18.91864583,15.945,22.833,NA,35,55,2.300138889
2023,116,18.5533125,16.407,22.86,NA,0.1,55,2.293298611
2023,117,19.05835417,15.697,23.061,NA,11.7,55,1.697326389
2023,118,17.8461875,16.687,20.076,NA,0,55,2.0590625
2023,119,NA,NA,NA,NA,14.3,55,2.383298611
2023,120,18.660125,16.793,22.474,NA,22.6,55,2.617048611
2023,121,18.0178125,16.165,20.283,NA,0.6,55,2.469756944
2023,122,18.541,14.621,22.182,NA,0.1,55,2.5440625
2023,123,18.26514583,16.542,21.519,NA,0,55,2.602891986
2023,124,NA,NA,NA,NA,0,55,2.282361111
2023,125,18.66897917,14.483,23.521,NA,0,55,1.982083333
2023,126,18.86385417,15.231,23.423,NA,0,55,2.332534722
2023,127,18.78858333,15.605,23.073,NA,0,55,3.082951389
2023,128,19.0858125,15.801,23.443,NA,0.1,55,2.590555556
2023,129,18.16904167,16.241,21.579,NA,0,55,2.756284722
2023,130,18.558,16.061,22.683,NA,0,55,2.261458333
2023,131,18.14697917,15.101,22.147,NA,0,55,2.459444444
2023,132,18.06102083,14.02,23.32,NA,0,55,2.691944444
2023,133,19.241625,15.48,24.248,NA,0,55,2.203645833
2023,134,NA,NA,NA,NA,0,55,2.421493056
2023,135,18.5895,14.765,23.401,NA,0,55,1.506145833
2023,136,NA,NA,NA,NA,0,55,1.994513889
2023,137,19.06660417,15.983,23.059,NA,0,55,1.875347222
2023,138,18.29320833,13.914,22.885,NA,0,55,2.597118056
2023,139,18.374875,14.627,23.802,NA,0,55,2.609652778
2023,140,19.40935417,13.126,26.121,NA,0,55,2.221805556
2023,141,19.27408333,13.296,24.697,NA,0,55,2.587604167
2023,142,NA,NA,NA,NA,0,55,2.725277778
2023,143,19.77970833,16.039,24.785,NA,0,55,2.753020833
2023,144,18.9878125,14.958,23.772,NA,0,55,2.456736111
2023,145,19.10935417,14.577,23.869,NA,0,55,1.996284722
2023,146,NA,NA,NA,NA,0.3,55,2.184618056
2023,147,16.6354375,12.718,21.045,NA,0.1,55,2.62125
2023,148,17.50116667,14.023,22.45,NA,2.6,55,2.525972222
2023,149,16.5326875,14.068,19.748,NA,0,55,1.7684375
2023,150,17.25722917,13.761,20.815,165.3650893,0,55,1.8671875
2023,151,18.1921875,15.48,23.031,252.1772647,0,55,1.8375
2023,152,19.10395833,14.833,24.043,273.0846067,2.6,55,1.483055556
2023,153,19.108375,15.584,23.989,69.77948,0,55,1.962604167
2023,154,18.00385417,14.686,22.032,199.4673385,0,55,2.588645833
2023,155,17.65804167,13.893,22.83,306.0276383,0,55,2.671041667
2023,156,19.151125,14.114,24.665,200.9633714,0.2,55,2.725416667
2023,157,18.82566667,15.246,23.877,360.3519167,0,55,1.765555556
2023,158,18.95079167,13.437,24.912,365.9479824,0,55,1.714583333
2023,159,19.35622917,12.314,26.039,229.6349615,0,55,1.840347222
2023,160,18.78770833,15.88,23.801,251.44168,0,55,1.612256944
2023,161,18.29933333,13.625,24.316,351.3917059,0,55,1.761388889
2023,162,19.58770833,14.985,24.609,241.6040406,0.2,55,2.070416667
2023,163,NA,NA,NA,190.263558,0,55,2.313854167
2023,164,17.84072917,13.519,22.291,245.0552889,0,55,1.707916667
2023,165,18.80566667,14.979,25.013,141.3783667,0,55,2.273576389
2023,166,NA,NA,NA,188.5644818,0,55,2.373020833
2023,167,18.5400625,14.653,23.946,54.06803333,0,55,2.6096875
2023,168,16.826125,14.586,19.369,172.23637,0,55,2.623958333
2023,169,17.376375,13.353,22.42,224.3715714,0,55,2.207430556
2023,170,17.84489583,12.974,22.965,138.1813471,0,55,2.263090278
2023,171,18.42052083,14.648,22.697,191.656682,0,55,2.000381944
2023,172,NA,NA,NA,117.71066,0,55,1.987916667
2023,173,17.10552083,14.771,20.052,61.62432571,0,55,1.622326389
2023,174,16.86997917,15.437,18.651,198.4669,0,55,2.105625
2023,175,17.71604167,14.228,22.799,249.2748707,0,55,2.400798611
2023,176,18.16064583,13.409,24.209,115.1999844,0,55,2.221875
2023,177,16.67145833,13.496,21.314,94.91048,0,55,2.044513889
2023,178,16.59075,13.909,20.482,236.0908182,0,55,2.890659722
2023,179,17.32795833,12.337,22.773,114.412731,0,55,3.185
2023,180,16.3421875,13.535,19.664,109.4048438,0,55,2.355972222
2023,181,17.49902083,14.715,21.099,26.13132,0,55,1.588333333
2023,182,17.09160417,14.496,20.392,85.0538,0,55,1.573715278
2023,183,16.911875,14.711,19.945,61.39194667,0,55,2.031180556
2023,184,17.14410417,13.457,21.055,167.1146344,0,55,2.854652778
2023,185,16.5005625,13.967,19.815,12.182875,0,55,3.388055556
2023,186,NA,NA,NA,95.6315,0,55,3.021354167
2023,187,NA,NA,NA,100.5588167,0,55,2.290138889
2023,188,16.22908333,14.205,18.338,159.0215725,0,55,2.773645833
2023,189,16.25775,12.365,20.808,248.1138125,0,55,2.519340278
2023,190,16.7728125,11.201,23.563,315.3078312,0,55,2.547118056
2023,191,18.69414583,10.526,26.258,289.7096118,0,55,1.890902778
2023,192,18.72854167,13.047,25.434,189.5511636,0,55,2.104513889
2023,193,16.82085417,13.68,20.287,192.6995375,0,55,2.413333333
2023,194,16.93177083,12.667,20.859,212.7694994,0,55,2.763958333
2023,195,18.07570833,13.391,23.37,132.9099863,0,55,2.619340278
2023,196,17.13008333,12.581,22.485,203.15679,0,55,1.641736111
2023,197,16.51620833,12.526,20.623,67.6549,0,55,2.1559375
2023,198,15.85635417,11.927,19.803,91.40406875,0,55,3.212118056
2023,199,16.3076875,12.248,21.51,65.78089231,0,55,2.835763889
2023,200,16.74254167,12.407,21.445,312.2287471,0,55,1.621076389
2023,201,18.8194375,12.138,25.914,317.91795,0,55,1.621076389
2023,202,18.53270833,13.183,24.255,64.00795267,0,55,1.621076389
2023,203,17.8510625,14.488,22.474,183.77623,0,55,2.017777778
2023,204,17.6249375,14.847,21.876,87.99448333,0,55,1.741041667
2023,205,17.3805,13.129,21.379,164.1166091,0,55,2.108333333
2023,206,18.01325,15.604,22.061,164.79628,0,55,1.697881944
2023,207,16.767875,14.221,22.159,97.1178,0,55,2.224548611
2023,208,16.96397917,12.305,21.475,100.0814436,0,55,2.580069444
2023,209,16.7824375,14.6,20.272,84.46176667,0,55,1.858229167
2023,210,16.6664375,13.595,21.407,309.8307923,0,55,2.211770833
2023,211,17.7510625,12.736,24.262,320.3987063,0,55,2.546215278
2023,212,18.63352083,12.907,25.688,108.0952538,0,55,2.604097222
2023,213,17.262,14.019,21.612,245.2215714,0.1,55,2.645729167
2023,214,17.02785417,13.911,20.317,NA,0,55,2.202682927
2023,215,NA,NA,NA,NA,0,55,1.99625
2023,216,NA,NA,NA,NA,0,55,2.373611111
2023,217,NA,NA,NA,NA,0,55,2.627083333
2023,218,NA,NA,NA,NA,0,55,2.910868056
2023,219,NA,NA,NA,NA,0,55,2.649305556
2023,220,NA,NA,NA,99.71858625,1.5,55,2.903159722
2023,221,16.30152083,14.345,19.474,NA,0,55,3.014027778
2023,222,17.408,14.541,21.896,NA,0,55,2.388680556
2023,223,17.2586875,13.47,21.836,NA,0,55,2.314479167
2023,224,NA,NA,NA,NA,0,55,2.530868056
2023,225,17.56810417,11.74,23.439,NA,0,55,1.825902778
2023,226,18.22675,12.316,24.093,NA,0,55,1.758090278
2023,227,19.11425,13.956,24.685,NA,0,55,1.758090278
2023,228,18.74364583,15.676,22.93,NA,0,55,1.831458333
2023,229,18.18716667,14.993,22.602,NA,0,55,1.9759375
2023,230,17.98954167,14.351,23.52,NA,0,55,2.004895833
2023,231,18.83910417,13.732,25.125,NA,0,55,2.624166667
2023,232,19.24627083,12.044,25.809,NA,0,55,2.467083333
2023,233,19.13147917,12.717,24.831,NA,0,55,2.224166667
2023,234,20.0821875,15.128,25.935,278.2914385,0,55,2.485520833
2023,235,NA,NA,NA,286.1716824,0,55,2.295173611
2023,236,18.12525,13.515,24.141,339.2560222,0,55,2.637013889
2023,237,18.431375,12.481,24.749,370.3865706,0,55,2.685625
2023,238,19.72879167,14.787,25.964,348.3735,0,55,2.609548611
2023,239,19.4253125,14.237,26.093,204.7322467,0,55,2.522395833
2023,240,18.37739583,14.17,23.006,203.2066692,0,55,2.541076389
2023,241,18.07752083,13.665,22.525,184.284475,0,55,2.301701389
2023,242,18.024625,15.118,21.837,132.612175,0,55,2.161423611
2023,243,18.073875,15.239,22.706,134.2499538,0,55,1.867048611
2023,244,NA,NA,NA,177.4641,0,55,1.911770833
2023,245,18.67966667,15.53,23.494,309.2844506,0,55,1.710763889
2023,246,18.90041667,12.729,25.891,183.6883385,0,55,1.663229167
2023,247,18.7764375,14.349,24.476,239.4060471,0,55,2.101909722
2023,248,19.6305625,13.736,25.63,276.9307313,0,55,2.002916667
2023,249,20.41591667,13.625,26.98,183.0069333,23.2,55,1.848993056
2023,250,18.54616667,15.469,24.235,216.3071769,1.5,55,2.714861111
2023,251,17.82627083,15.345,20.883,237.6906,0,55,2.371041667
2023,252,NA,NA,NA,304.8400059,0,55,2.371041667
2023,253,18.7040625,13.124,24.802,286.3938118,0,55,2.371041667
2023,254,19.6343125,15.061,25.398,311.1784706,0,55,2.371041667
2023,255,20.10154167,15.272,26.385,212.3662583,0,55,1.994826389
2023,256,18.544125,15.581,23.426,303.0766595,0,55,1.695
2023,257,19.3026875,15.091,24.612,305.07546,0,55,1.887673611
2023,258,18.24591667,15.113,22.307,335.7980625,0,55,2.209270833
2023,259,NA,NA,NA,352.8750462,7.9,55,2.110451389
2023,260,20.0790625,15.784,27.177,296.6136681,0,55,2.037291667
2023,261,19.2705,15.203,24.899,321.4852781,0,55,2.686354167
2023,262,19.43258333,14.032,24.854,425.0056923,0,55,2.610729167
2023,263,20.1345,15.045,27.251,335.6144711,0,55,2.120902778
2023,264,20.10579167,14.46,26.739,292.6119563,0,55,2.141909722
2023,265,20.326125,15.959,25.848,214.4121353,0,55,2.266284722
2023,266,19.53754167,15.602,24.746,306.5698,0,55,2.171041667
2023,267,18.87377083,16.083,24.308,310.9818,0,55,2.240868056
2023,268,20.51345833,14.709,27.223,291.1571941,0,55,2.465590278
2023,269,20.2265625,13.955,27.282,303.7445447,0,55,2.326076389
2023,270,20.27185417,14.796,26.274,79.79812,0,55,1.983888889
2023,271,18.89033333,16.028,22.688,315.9823333,0,55,1.8528125
2023,272,19.89458333,13.945,26.59,221.8500375,0,55,2.038854167
2023,273,19.7404375,15.228,26.395,279.4792453,0,55,1.898263889
2023,274,20.86591667,16.394,27.582,290.7448625,0,55,1.772604167
2023,275,20.7868125,14.592,27.581,355.8871222,0,55,1.853090278
2023,276,18.97916667,12.246,25.451,NA,0,55,2.174826389
2023,277,17.96977083,16.285,21.069,NA,0.1,55,1.988194444
2023,278,18.71410417,15.172,23.322,NA,0,55,2.217638889
2023,279,20.0886875,15.802,26.429,NA,0,55,1.675277778
2023,280,20.11845833,14.916,26.075,NA,0,55,2.080034722
2023,281,20.73739583,13.074,27.895,NA,0,55,2.471736111
2023,282,21.14566667,14.465,27.939,NA,0,55,2.860763889
2023,283,NA,NA,NA,NA,0,55,2.220416667
2023,284,20.65133333,14.572,26.529,29.4434,0,55,1.627777778
2023,285,NA,NA,NA,427.229765,0,55,1.925
2023,286,NA,NA,NA,428.301035,0,55,2.0978125
2023,287,22.09370833,16.24,28.139,348.2606095,0,55,2.041319444
2023,288,21.9380625,17.653,27.562,391.8616273,0.5,55,2.0740625
2023,289,20.6519375,16.415,25.559,287.0201524,0.1,55,2.188854167
2023,290,20.58683333,16.998,26.705,391.8947762,0,55,2.308923611
2023,291,21.14316667,17.401,25.88,333.0048636,0.9,55,2.041875
2023,292,19.66808333,16.879,24.565,333.19557,0,55,2.253055556
2023,293,19.63377083,14.752,24.338,317.3772238,0,55,2.259548611
2023,294,20.13320833,15.766,25.426,335.4798909,0,55,2.1303125
2023,295,21.29479167,16.207,26.313,386.78877,0,55,2.082013889
2023,296,20.91883333,15.512,26.956,361.8258545,0,55,2.066805556
2023,297,21.25577083,15.268,26.838,373.886511,0,55,1.920451389
2023,298,21.42902083,17.083,26.312,302.0152736,1.9,55,1.963125
2023,299,19.75302083,16.887,24.274,275.1679095,0,55,2.08375
2023,300,19.9925625,16.107,24.466,299.9179952,0,55,2.744236111
2023,301,20.44425,15.294,26.183,293.1710143,0,55,2.074861111
2023,302,20.4365,16.2,25.093,320.1238095,0,55,2.462743056
2023,303,19.83872917,16.069,25.109,286.4357941,4.5,55,1.737361111
2023,304,19.57747917,16.661,24.131,301.5811227,0,55,1.707638889
2023,305,20.1858125,15.984,25.036,304.4031864,32.9,55,1.899236111
2023,306,18.8945,16.545,22.208,326.5011732,8.3,55,3.093541667
2023,307,18.27916667,16.62,22.504,294.1589378,8.6,55,2.051145833
2023,308,18.2175,15.528,21.34,313.0037945,7.2,55,2.458368056
2023,309,18.80229167,16.419,23.165,442.3029682,27.8,55,2.4896875
2023,310,NA,NA,NA,471.3682235,35.8,55,2.0171875
2023,311,19.12183333,15.6,23.813,329.3809182,3.1,55,1.935868056
2023,312,18.588125,16.887,21.94,388.7485333,0,55,2.551319444
2023,313,19.13610417,15.534,23.055,265.69565,17.8,55,2.158923611
2023,314,18.7955,16.011,22.5,278.5872027,11.1,55,2.3378125
2023,315,18.0381875,15.136,21.423,342.7816727,4.4,55,2.214930556
2023,316,18.82325,16.501,23.126,418.3622545,3.9,55,2.010833333
2023,317,18.97466667,16.485,22.721,332.4272714,22.2,55,1.932465278
2023,318,18.5663125,16.327,23.09,327.1107174,5.7,55,2.107013889
2023,319,18.42410417,16.633,22.498,379.3306682,6.6,55,2.193576389
2023,320,18.5588125,16.259,22.067,301.9217548,2.5,55,2.404027778
2023,321,18.58395833,16.268,22.186,360.3715091,1.7,55,2.681875
2023,322,NA,NA,NA,426.0244773,1.4,55,2.254756944
2023,323,19.327125,16.451,23.334,398.0372591,0.4,55,1.893090278
2023,324,18.81029167,15.887,23.295,319.6408987,14.2,55,2.342361111
2023,325,18.88514583,16.914,22.183,360.6054891,8.7,55,2.344166667
2023,326,18.29110417,16.524,21.889,332.8827504,3.6,55,2.3703125
2023,327,18.41197917,16.009,21.807,392.3933364,9,55,2.215416667
2023,328,18.59654167,16.201,22.586,319.9198857,6.8,55,2.256701389
2023,329,18.62602083,16.171,22.4,339.0046445,8.4,55,1.936180556
2023,330,18.31283333,15.642,21.965,471.5076864,2.6,55,1.944826389
2023,331,19.46889583,15.776,24.041,349.5513,0,55,2.816458333
2023,332,NA,NA,NA,498.2127905,0,55,3.066423611
2023,333,19.53754167,16.519,23.983,483.4082143,0,55,2.211423611
2023,334,19.19629167,15.457,23.404,461.9597773,0,55,2.049618056
2023,335,19.08458333,14.869,23.944,411.9766045,0,55,2.395868056
2023,336,19.513,14.764,24.388,401.6812939,0,55,1.919201389
2023,337,19.26483333,16.648,23.413,363.49848,0,55,2.453472222
2023,338,NA,NA,NA,404.0892523,0,55,2.771979167
2023,339,19.2105,15.701,24.028,383.1767364,0,55,2.559722222
2023,340,NA,NA,NA,473.767581,0,55,2.473923611
2023,341,19.162,13.776,24.675,446.4881636,0,55,2.480416667
2023,342,19.31308333,14.632,24.828,398.5653227,0,55,2.083680556
2023,343,18.68914583,14.402,23.861,397.2559429,0.8,55,2.273333333
2023,344,19.388,16.503,23.565,396.1808536,0.1,55,2.641076389
2023,345,19.18322917,15.521,23.854,353.7523018,0,55,2.4721875
2023,346,19.24414583,15.004,24.279,349.7017476,0,55,2.6271875
2023,347,19.63789583,15.866,24.745,355.748605,0.1,55,2.830208333
2023,348,19.65102083,17.216,23.878,373.1566364,4.7,55,2.398125
2023,349,18.96766667,16.036,22.86,235.5942922,0,55,2.559236111
2023,350,18.26897917,16.297,21.587,376.4523452,0,55,2.344756944
2023,351,18.92733333,15.664,23.38,400.2908086,0.1,55,2.593576389
2023,352,NA,NA,NA,350.9354473,0,55,2.660590278
2023,353,19.29127083,16.034,23.725,403.1487667,0,55,2.0015625
2023,354,18.8055625,14.531,23.848,407.9879095,0,55,2.673923611
2023,355,19.55102083,15.624,24.474,323.9358778,2.2,55,2.787430556
2023,356,19.30689583,15.924,23.698,309.7718273,6.7,55,3.115486111
2023,357,18.93652083,16.357,23.239,409.7844182,0.7,55,2.579652778
2023,358,20.2195625,16.905,24.796,417.5960773,0,55,2.442118056
2023,359,20.300375,17.159,25.006,248.0669057,0.6,55,2.249236111
2023,360,18.96475,16.807,22.359,434.4231476,0,55,2.358298611
2023,361,18.91252083,14.839,23.137,444.7668209,0,55,2.593333333
2023,362,19.95714583,15.719,24.862,410.62315,0,55,2.377256944
2023,363,20.2183125,15.596,25.202,330.6289957,0,55,2.364513889
2023,364,20.21089583,16.759,25.209,386.3208182,0,55,2.710138889
2023,365,NA,NA,NA,395.6497257,2.1,55,2.579583333
2024,1,NA,NA,NA,328.0415783,18.7,55,2.285590278
2024,2,20.070875,16.559,24.677,425.1261636,0,55,2.397083333
2024,3,20.13277083,17.197,24.79,390.4259476,0,55,2.419722222
2024,4,19.95854167,16.085,24.532,303.8777333,9.3,55,2.895486111
2024,5,19.13522917,16.565,24.905,280.3164409,10.8,55,2.1709375
2024,6,19.09489583,16.539,23.044,273.2328164,11,55,2.635520833
2024,7,18.92102083,16.762,22.923,356.87425,0,55,3.228125
2024,8,19.4325,16.566,23.663,462.743835,0,55,3.356770833
2024,9,19.07589583,15.932,23.211,326.6636091,0.7,55,3.312430556
2024,10,18.7933125,14.917,22.806,297.4166609,3,55,2.970798611
2024,11,19.14558333,16.004,24.147,259.6113652,15.9,55,3.016423611
2024,12,NA,NA,NA,190.8428382,31,55,3.3078125
2024,13,18.52058333,16.359,22.042,277.5327429,0,55,3.723472222
2024,14,20.08610417,17.754,24.479,379.9297591,0.1,55,4.086388889
2024,15,20.3378125,17.241,24.64,366.7652864,0,55,3.504340278
2024,16,20.38164583,16.408,25.062,312.1532667,0,55,3.077395833
2024,17,20.19129167,16.927,24.187,311.0208455,0,55,3.554548611
2024,18,19.37389583,17.009,23.031,315.6817325,0,55,3.916875
2024,19,NA,NA,NA,NA,0,55,4.312083333
2024,20,NA,NA,NA,NA,0,55,3.847430556
2024,21,NA,NA,NA,NA,0,55,4.461145833
2024,22,NA,NA,NA,NA,0,55,3.208993056
2024,23,NA,NA,NA,NA,0,55,3.296006944
2024,24,NA,NA,NA,NA,0,55,2.128506944
2024,25,NA,NA,NA,NA,0,55,2.631354167
2024,26,NA,NA,NA,NA,0,55,2.2265625
2024,27,NA,NA,NA,NA,0,55,2.167326389
2024,28,NA,NA,NA,NA,0,55,2.741909722
2024,29,NA,NA,NA,NA,0,55,2.408611111
2024,30,NA,NA,NA,NA,0,55,3.338506944
2024,31,NA,NA,NA,NA,0,55,3.084791667
2024,32,NA,NA,NA,NA,0,55,3.493020833
2024,33,NA,NA,NA,NA,0,55,3.112430556
2024,34,NA,NA,NA,NA,0,55,3.297569444
2024,35,NA,NA,NA,NA,0,55,3.447569444
2024,36,NA,NA,NA,NA,0,55,3.239722222
2024,37,NA,NA,NA,221.3082,0,55,4.134583333
2024,38,NA,NA,NA,346.4680105,0,55,3.23125
2024,39,NA,NA,NA,462.2422818,0,55,2.7890625
2024,40,20.99225,15.873,26.338,447.4777455,0,55,3.428125
2024,41,20.63535417,17.094,26.15,399.4241364,0,55,3.688576389
2024,42,19.97152083,14.369,25.995,468.13976,0,55,5.838159722
2024,43,NA,NA,NA,457.0164064,0,55,4.488888889
2024,44,21.28227083,15.747,27.181,459.0377082,0,55,4.327777778
2024,45,21.46985417,15.821,27.646,467.3027364,0,55,4.327777778
2024,46,21.39497917,14.98,27.626,431.1470318,0,55,2.838576389
2024,47,20.85414583,14.839,26.93,446.3651091,0,55,3.228715278
2024,48,21.065,15.829,27.359,443.1974136,0,55,3.218923611
2024,49,22.64675,14.906,29.692,416.2170238,0,55,3.231909722
2024,50,23.0520625,17.381,29.571,387.1766227,11.4,55,3.313472222
2024,51,22.11375,17.195,28.551,449.7896545,0.1,55,3.8878125
2024,52,21.8541875,16.798,28.033,473.3871571,0,55,3.773368056
2024,53,20.8623125,16.122,26.323,359.8002636,0,55,3.778159722
2024,54,20.16783333,16.552,25.245,408.3134238,17.4,55,4.325590278
2024,55,18.935875,16.09,24.258,363.4621132,0.2,55,3.443055556
2024,56,20.53708333,16.065,25.742,303.7319282,0,55,6.337916667
2024,57,21.05554167,16.668,26.914,377.0152757,3.5,55,5.620381944
2024,58,20.50189583,17.288,27.153,349.1405,8.9,55,5.627847222
2024,59,20.0833125,15.678,26.25,464.2060561,3.2,55,3.782048611
2024,60,21.46966667,17.313,26.542,490.3969909,0,55,5.528993056
2024,61,21.0516875,16.2,26.196,401.9894571,0,55,4.903645833
2024,62,NA,NA,NA,467.7433452,0,55,6.2678125
2024,63,21.31797917,16.243,27.179,325.9325409,0,55,7.053402778
2024,64,21.5509375,16.181,27.877,496.0069524,0,55,5.924131944
2024,65,20.75008333,17.428,25.549,389.1124182,0,55,5.409583333
2024,66,20.4968125,16.453,25.772,383.3398696,0,55,5.794375
2024,67,21.00902083,15.449,26.842,444.4051682,0,55,6.696041667
2024,68,21.682125,15.353,28.288,452.6105773,0.3,55,4.296284722
2024,69,21.48766667,16.934,27.208,432.4917773,0,55,2.258923611
2024,70,21.36016667,16.354,27.36,460.6761143,0,55,4.702291667
2024,71,21.4849375,16.608,27.438,447.1164857,0,55,3.821597222
2024,72,NA,NA,NA,454.1056955,0,55,3.5525
2024,73,21.53225,15.596,27.851,326.4825909,0,55,4.1915625
2024,74,20.686625,16.635,26.527,367.0246095,0,55,4.713390805
2024,75,20.3200625,15.358,26.028,446.9767952,0,55,4.713390805
2024,76,20.56022917,14.77,26.782,377.6017364,0,55,4.713390805
2024,77,22.13670833,15.515,29.486,393.5065,0,55,3.766888889
2024,78,21.85325,16.881,27.715,370.2001435,0,55,3.31125
2024,79,21.65670833,16.586,27.896,395.68125,0.4,55,2.388368056
2024,80,21.22710417,17.049,27.019,411.7295864,0.1,55,2.565590278
2024,81,21.712625,16.728,27.925,446.8931136,0,55,3.305451389
2024,82,22.27370833,16.561,28.805,243.7714432,37.7,55,3.747291667
2024,83,20.85739583,16.189,27.551,356.4586905,7.8,55,4.193888889
2024,84,20.58879167,16.531,26.684,447.6222271,11.1,55,2.961284722
2024,85,20.46289583,15.283,27.478,403.256381,0,55,2.478854167
2024,86,NA,NA,NA,469.38371,0,55,2.213958333
2024,87,20.42583333,17.714,26.288,387.9063195,0.1,55,2.356215278
2024,88,20.2695625,17.047,25.235,384.7969182,3,55,2.720555556
2024,89,20.32670833,15.752,25.535,397.6725422,2.2,55,2.0575
2024,90,19.69960417,17.704,24.45,361.3488391,0,55,2.544756944
2024,91,19.345375,16.365,23.474,411.3517109,0.3,55,2.228229167
2024,92,19.6933125,16.655,24.313,404.5024505,0,55,3.031215278
2024,93,20.25616667,17.374,24.641,389.4761696,0,55,3.031215278
2024,94,20.3784375,16.211,25.5,408.25065,0,55,3.031215278
2024,95,20.24120833,17.333,25.287,495.8334641,0,55,2.104930556
2024,96,20.980625,17.46,25.418,320.7782476,0,55,2.444270833
2024,97,19.5633125,16.104,24.015,465.8687135,0,55,2.410486111
2024,98,NA,NA,NA,288.3623955,0,55,2.505347222
2024,99,20.21672917,17.877,24.382,316.1909864,0,55,2.385
2024,100,19.46995833,15.668,24.817,467.7169,0,55,2.271354167
2024,101,NA,NA,NA,403.2238318,0,55,2.4565625
2024,102,20.81689583,16.639,26.279,394.0721952,0,55,2.123611111
2024,103,20.36995833,16.499,24.764,283.5310509,0,55,1.717152778
2024,104,19.97883333,17.242,23.992,381.7461667,0,55,1.8096875
2024,105,20.4253125,17.163,25.034,337.5893524,0,55,1.972361111
2024,106,19.58966667,17.165,24.522,380.1295636,0,55,2.082430556
2024,107,20.039125,16.624,24.465,457.1117952,12.3,55,2.303819444
2024,108,20.43677083,17.298,25.279,387.1711409,0,55,2.303819444
2024,109,20.78085417,17.978,25.291,261.4700273,0,55,1.563506944
2024,110,19.96445833,16.989,24.118,409.8616986,0,55,1.686597222
2024,111,20.09241667,16.146,25.003,261.2404409,0,55,2.082986111
2024,112,NA,NA,NA,393.135835,0.1,55,2.293368056
2024,113,19.89864583,16.835,24.627,287.8616752,0,55,2.120833333
2024,114,20.21852083,17.921,24.132,397.8410586,0,55,2.189826389
2024,115,20.01270833,17.38,24.687,248.9211333,24.9,55,1.713090278
2024,116,19.21441667,17.838,24.043,322.3800805,31.8,55,1.7671875
2024,117,18.35029167,16.253,22.653,363.6837964,0.6,55,1.968923611
2024,118,19.747375,17.01,24.009,322.6802905,0.3,55,2.421215278
2024,119,19.5173125,17.464,22.631,308.5971976,61.1,55,2.419791667
2024,120,18.97670833,16.257,24.895,370.8839805,4.8,55,2.445
2024,121,20.465,17.013,26.243,313.36276,33.6,55,2.205
2024,122,19.776625,17.338,24.714,220.9831659,6.1,55,2.2534375
2024,123,19.36660417,17.605,24.774,250.3533,11,55,2.872638889
2024,124,20.25741667,17.517,23.667,199.3336476,43,55,2.0440625
2024,125,18.930125,16.816,23.298,355.0326805,0.3,55,1.843715278
2024,126,19.81058333,16.73,25.594,194.6213945,26.6,55,2.148020833
2024,127,18.57360417,15.885,22.234,265.8695282,3.2,55,2.430416667
2024,128,18.9358125,16.701,22.759,272.4228,1.5,55,2.409513889
2024,129,18.60879167,16.652,22.637,221.2087361,0.2,55,2.287361111
2024,130,18.2925,15.704,21.964,245.47311,0.9,55,2.510208333
2024,131,18.43414583,16.26,22.175,355.9507617,0.1,55,2.525173611
2024,132,19.21227083,14.991,24.732,364.6788152,0,55,2.195902778
2024,133,18.48327083,13.814,24.148,406.8619318,0.1,55,2.5846875
2024,134,NA,NA,NA,409.1260795,0.1,55,2.496388889
2024,135,19.26385417,15.22,24.312,363.0290636,0,55,2.260486111
2024,136,19.51985417,15.579,24.66,335.2543045,0.6,55,2.610555556
2024,137,19.04127083,13.745,24.731,386.3772762,0,55,2.488611111
2024,138,19.94852083,16.668,25.067,356.4789182,0,55,2.705243056
2024,139,20.26010417,15.125,25.412,378.5727143,0,55,2.358611111
2024,140,20.00897917,14.872,25.189,371.9153429,0,55,2.823958333
2024,141,20.71095833,17.218,25.416,379.9118273,0,55,2.823958333
2024,142,20.28272917,16.727,24.373,340.4946182,6.7,55,1.900451389
2024,143,NA,NA,NA,229.9644727,0.7,55,1.969652778
2024,144,17.970375,15.656,21.067,289.8310864,0,55,2.082881944
2024,145,NA,NA,NA,245.1725409,0,55,2.016319444
2024,146,18.80739583,15.615,23.399,350.9817091,0,55,2.236840278
2024,147,18.92516667,15.512,24.423,411.7040476,0.1,55,2.284513889
2024,148,18.5439375,11.563,25.982,259.3443381,0,55,1.992569444
2024,149,18.04022917,15.006,23.057,309.2017333,0,55,2.002569444
2024,150,17.95610417,14.384,23.187,430.5181048,0,55,1.840277778
2024,151,18.10866667,11.985,24.232,384.5259682,0,55,1.671631944
2024,152,18.48152083,13.286,24.336,406.0036,0,55,1.973680556
2024,153,18.8054375,13.404,24.463,337.8501238,0,55,2.178993056
2024,154,18.7180625,15.053,23.646,270.4627718,0,55,1.960520833
2024,155,18.76283333,14.575,23.668,434.97573,0,55,2.280625
2024,156,19.42839583,15.382,24.346,245.6591695,0,55,1.87375
2024,157,18.0121875,14.76,22.756,230.8888,0,55,1.819305556
2024,158,17.85054167,14.549,22.775,305.4011832,0,55,2.014895833
2024,159,18.58870833,13.808,24.414,252.2325048,0,55,2.048576389
2024,160,17.58054167,13.67,22.285,113.7075759,0,55,2.121284722
2024,161,16.9214375,14.854,19.934,304.884605,0,55,1.968090278
2024,162,17.91825,14.054,23.119,334.7224571,0,55,2.134756944
2024,163,17.259,12.782,22.838,398.2227619,0,55,2.867604167
2024,164,NA,NA,NA,383.9735619,0,55,3.156979167
2024,165,17.42091667,11.716,24.371,316.1257091,0.1,55,2.322777778
2024,166,17.54245833,11.578,23.452,286.4404755,0,55,2.516527778
2024,167,17.223375,12.533,21.799,336.595419,0,55,2.066354167
2024,168,17.40420833,11.632,22.978,340.2833252,0,55,2.206701389
2024,169,17.57820833,12.777,24.445,360.3061286,0,55,2.173854167
2024,170,17.48116667,10.724,23.514,276.3825913,4.1,55,2.615104167
2024,171,17.54379167,14.019,23.424,156.5870364,0.6,55,2.224861111
2024,172,16.73220833,14.316,19.565,354.9003277,0,55,2.276076389
2024,173,16.67520833,13.1,21.26,268.5841881,0,55,2.118993056
2024,174,16.09789583,12.209,21.488,359.5114623,0,55,2.321493056
2024,175,16.6781875,11.66,22.297,306.5384095,0,55,2.495486111
2024,176,16.27270833,11.947,21.831,355.035919,0,55,1.974236111
2024,177,NA,NA,NA,337.4751318,0,55,1.828402778
2024,178,16.9308125,11.5,22.308,215.266975,0.1,55,1.828402778
2024,179,15.8886875,12.56,21.098,260.47768,0,55,1.828402778
2024,180,NA,NA,NA,359.61241,0,55,1.411805556
2024,181,17.00377083,13.175,22.696,218.5269227,0,55,2.376875
2024,182,16.22458333,12.182,21.921,392.5501952,0,55,2.140138889
2024,183,17.53827083,12.453,23.582,351.0196045,0,55,1.508055556
2024,184,17.50154167,11.174,23.792,314.4307381,0,55,1.847534722
2024,185,17.5316875,11.507,23.273,360.7761333,0,55,1.482430556
2024,186,17.6555,12.748,23.784,302.0107424,0,55,1.482430556
2024,187,17.50139583,12.384,23.538,220.8565059,0,55,2.118402778
2024,188,17.871875,13.589,23.612,216.6396414,23,55,1.878993056
2024,189,17.789625,15.108,22.79,372.5594233,0.7,55,2.008333333
2024,190,18.32679167,13.792,26.167,306.8991867,0,55,1.981145833
2024,191,18.59658333,15.052,23.273,295.0448862,0,55,1.559513889
2024,192,16.85379167,12.495,22.005,280.4885909,0,55,1.971319444
2024,193,15.82170833,10.24,21.325,366.0352409,0,55,1.9703125
2024,194,17.2100625,11.717,23.982,202.0323295,0,55,1.9025
2024,195,16.97895833,13.625,21.289,311.4723186,0.2,55,1.892222222
2024,196,17.17879167,13.355,22.715,356.5512955,0,55,1.353368056
2024,197,17.51264583,11.064,22.589,118.7435368,0,55,1.618020833
2024,198,16.547125,14.424,19.895,230.9097543,0,55,1.4359375
2024,199,16.58829167,13.94,20.948,173.0546457,0,55,1.794895833
2024,200,15.78116667,13.906,19.227,161.6615727,0,55,1.977326389
2024,201,16.146,12.505,20.52,154.8500245,0,55,2.059027778
2024,202,NA,NA,NA,269.4921364,0,55,2.069201389
2024,203,16.731875,13.446,23.523,296.4331227,0,55,2.426805556
2024,204,17.403,12.971,23.449,332.7208195,0,55,2.246180556
2024,205,16.36058333,10.285,23.369,193.3784333,0,55,2.106875
2024,206,16.27910417,12.699,21.109,300.0856836,0,55,2.035659722
2024,207,17.218625,11.954,24.299,275.6970619,0,55,1.764236111
2024,208,18.15983333,14.728,23.859,155.8300682,0,55,1.963611111
2024,209,16.448,12.749,19.543,266.0638145,0,55,1.965625
2024,210,16.87347917,12.937,23.982,229.4614727,0,55,1.744722222
2024,211,18.25983333,12.829,24.268,250.1354429,0,55,2.085416667
2024,212,17.78958333,13.04,22.331,300.013795,0,55,1.725902778
2024,213,NA,NA,NA,247.81296,0,55,1.801284722
2024,214,NA,NA,NA,179.8144,0,55,1.828923611
2024,215,16.42485417,12.455,20.85,168.7867591,0,55,1.753368056
2024,216,16.01322917,12.456,18.76,371.3808862,0,55,2.002951389
2024,217,17.84460417,13.991,23.985,405.65725,0,55,2.168541667
2024,218,NA,NA,NA,408.6157524,0,55,1.554097222
2024,219,18.45283333,10.919,26.04,322.1892,0,55,1.849479167
2024,220,17.63935417,11.868,22.941,174.6720259,0,55,1.925798611
2024,221,17.26147917,14.023,21.172,164.7769886,0,55,2.550277778
2024,222,16.57916667,14.378,19.909,298.5333524,0,55,1.776180556
2024,223,16.4129375,13.017,21.773,147.7761377,0,55,2.152638889
2024,224,16.68852083,13.89,20.261,200.2961545,0,55,1.882222222
2024,225,17.3548125,14.482,21.726,282.6044455,0,55,1.781388889
2024,226,17.82529167,12.797,23.638,238.7194791,0,55,1.628958333
2024,227,17.92820833,14.053,23.132,228.964025,0,55,1.8884375
2024,228,NA,NA,NA,252.0028423,0,55,1.788506944
2024,229,17.61897917,13.857,23.341,367.5921082,0,55,1.908611111
2024,230,17.44310417,10.728,24.029,205.1898273,0,55,2.249166667
2024,231,17.005875,13.407,22.19,259.8021309,0,55,1.705138889
2024,232,16.64304167,10.514,23.528,276.6687229,0,55,1.6828125
2024,233,17.39141667,12.015,23.177,178.1429067,0,55,1.569513889
2024,234,16.18864583,13.447,19.562,176.0571645,0,55,2.088263889
2024,235,16.82902083,13.21,22.178,158.1435182,0,55,1.569513889
2024,236,17.00983333,14.19,21.036,128.9652523,0,55,1.569513889
2024,237,16.9748125,14.282,20.642,219.9949685,0,55,1.563576389
2024,238,17.42141667,14.155,21.693,312.8389143,0,55,1.638020833
2024,239,17.78079167,11.638,23.461,305.5465227,0,55,1.735416667
2024,240,18.87089583,15.777,23.434,343.0857667,0,55,1.735416667
2024,241,19.16872917,15.219,24.231,432.30935,0,55,1.789131944
2024,242,19.440625,14.675,25.625,369.392985,0,55,1.863715278
2024,243,18.7650625,15.13,24.66,256.7330286,0,55,1.5678125
2024,244,17.13545833,12.538,22.957,292.7545048,0,55,1.462604167
2024,245,NA,NA,NA,175.2616267,0,55,1.796041667
2024,246,NA,NA,NA,160.4198461,0,55,1.340833333
2024,247,17.74322917,13.467,21.471,203.8378395,0,55,1.495798611
2024,248,17.7424375,15.008,21.754,297.8506238,0,55,1.5534375
2024,249,18.05379167,12.615,23.726,226.1407013,0.8,55,2.132152778
2024,250,17.64322917,13.722,22.477,363.9558443,0,55,1.673854167
2024,251,18.21754167,12.915,24.343,352.1368773,0,55,1.637569444
2024,252,19.53525,14.559,26.431,409.19982,0,55,1.637569444
2024,253,NA,NA,NA,449.7089143,0,55,1.637569444
2024,254,19.49677083,13.425,26.653,463.8517864,0,55,1.607256944
2024,255,19.138875,13.45,25.839,410.2229043,0,55,1.641840278
2024,256,19.17141667,14.273,25.006,430.629315,0,55,1.401493056
2024,257,NA,NA,NA,464.3871409,0,55,1.165
2024,258,18.46354167,12.062,25.281,440.0781886,0,55,1.357048611
2024,259,18.39560417,11.117,26.448,386.6628238,0,55,1.804444444
2024,260,17.6905,12.728,23.608,294.6817,0,55,1.953229167
2024,261,18.539125,13.615,24.218,272.9638212,56.6,55,1.725972222
2024,262,NA,NA,NA,219.0356714,0,55,1.417222222
2024,263,NA,NA,NA,320.062365,0,55,1.4303125
2024,264,19.60664583,14.066,26.445,299.6756842,0,55,1.910694444
2024,265,19.02372917,14.698,26.101,396.2270762,0,55,1.385555556
2024,266,19.24870833,14.441,25.406,297.2941381,0,55,1.728888889
2024,267,18.3389375,13.902,23.704,298.7336409,0,55,1.201979167
2024,268,17.90302083,11.726,24.094,318.6509095,0,55,1.5909375
2024,269,18.87585417,15.494,24.854,351.1676952,0,55,1.954166667
2024,270,19.4645625,13.147,26.388,292.6333227,0,55,2.264791667
2024,271,19.71239583,14.435,26.159,269.91978,24,55,2.264791667
2024,272,18.3001875,14.112,26.518,313.3457435,0,55,2.264791667
2024,273,19.39010417,12.088,26.542,210.7609362,0,55,2.264791667
2024,274,19.51883333,14.424,25.395,395.5190648,0,55,2.264791667
2024,275,20.25475,14.475,27.062,353.7795619,0,55,1.722291667
2024,276,18.9985,15.225,24.057,326.6212095,0,55,1.274895833
2024,277,18.754375,13.956,24.334,397.2734909,0,55,1.716458333
2024,278,18.89879167,11.625,26.244,240.756001,0,55,1.323611111
2024,279,18.58747917,15.164,23.923,322.5986238,0,55,1.572222222
2024,280,18.89689583,14.361,24.061,307.0213429,0,55,1.34
2024,281,18.3395625,14.24,22.927,390.3424048,0,55,1.387118056
2024,282,19.75452083,14.614,26.097,437.6648571,0,55,1.467951389
2024,283,19.2529375,13.386,25.408,418.4257952,0,55,1.301527778
2024,284,18.12566667,12.736,25.321,391.961519,0,55,1.918333333
2024,285,19.41764583,14.701,25.517,430.3023182,0,55,2.222604167
2024,286,19.19408333,13.775,25.15,307.8691427,0,55,1.921944444
2024,287,18.2459375,14.092,24.166,392.0405571,0,55,1.868576389
2024,288,19.49795833,13.012,26.555,366.5364619,0,55,1.469652778
2024,289,19.01175,13.629,27.117,268.1307158,9.3,55,1.400486111
2024,290,NA,NA,NA,395.6393864,0,55,1.698819444
2024,291,21.00920833,15.65,27.075,320.7708,3.9,55,1.738923611
2024,292,NA,NA,NA,149.8193476,20.3,55,1.467361111
2024,293,18.49566667,16.286,22.93,334.2025143,0,55,2.002291667
2024,294,NA,NA,NA,344.5836186,0,55,1.317013889
2024,295,19.74122917,14.086,25.527,437.72255,0,55,1.304930556
2024,296,20.04141667,14.018,26.606,450.7254429,0,55,1.357152778
2024,297,19.43908333,13.111,26.035,375.2528667,0,55,1.283333333
2024,298,19.54991667,13.872,26.339,395.6463136,0,55,1.506701389
2024,299,19.9338125,14.541,26.516,425.9328864,0,55,1.285208333
2024,300,20.541,15.014,27.094,427.6267409,0,55,1.434131944
2024,301,21.14252083,16.286,28.036,409.8696182,0,55,1.285590278
2024,302,20.87720833,16.06,27.277,454.3938333,0,55,1.3584375
2024,303,20.45335417,14.537,27.516,426.0832,0,55,1.385798611
2024,304,21.2181875,14.414,28.488,432.0677045,0,55,1.4709375
2024,305,21.12972917,14.109,28.3,306.4841768,0,55,1.306840278
2024,306,20.60610417,15.954,27.056,369.1858905,0,55,1.178472222
2024,307,20.02910417,15.587,26.013,342.0809364,0,55,1.800277778
2024,308,20.43258333,14.95,27.114,418.148065,0,55,1.184479167
2024,309,20.79160417,14.287,27.739,425.27822,0,55,1.231736111
2024,310,20.76752083,14.614,27.034,355.7590841,2.4,55,1.816620209
2024,311,19.2239375,15.781,25.591,326.2131045,1.4,55,1.9
2024,312,18.54222917,15.802,23.946,393.7351214,5.7,55,1.466909722
2024,313,19.16054167,15.665,24.417,401.9625333,0,55,1.626493056
2024,314,NA,NA,NA,291.5987045,0.2,55,1.647847222
2024,315,19.55720833,15.882,23.948,201.9530332,10.7,55,1.304479167
2024,316,17.9816875,15.715,22.992,375.5407591,0,55,1.141076389
2024,317,19.74360417,14.329,25.352,241.8199182,13.3,55,1.029826389
2024,318,18.98285417,15.224,23.718,363.4971741,15.2,55,1.741284722
2024,319,20.06372917,16.559,25.81,273.8768364,15.1,55,1.209965278
2024,320,NA,NA,NA,174.4071822,7.2,55,1.704166667
2024,321,16.64325,14.722,19.283,382.3302714,0,55,1.504131944
2024,322,18.66929167,13.1,23.118,345.0600909,0,55,1.312395833
2024,323,19.592875,15.021,25.503,448.0285682,0,55,1.50125
2024,324,20.01075,15.805,25.697,266.8963167,6,55,1.244444444
2024,325,18.9065,16.252,23.33,323.3419364,0,55,1.355416667
2024,326,18.57079167,15.099,23.206,374.4393559,0,55,1.448368056
2024,327,19.1488125,15.388,25.088,393.0558143,0.2,55,1.211180556
2024,328,NA,NA,NA,276.5563343,0,55,1.489479167
2024,329,19.19070833,16.117,23.924,216.7436745,12.7,55,1.742083333
2024,330,17.85633333,16.389,22.491,463.7168182,0.2,55,1.178993056
2024,331,19.27354167,15.4,24.24,295.3733991,0,55,1.974131944
2024,332,19.31145833,15.636,24.184,364.1714652,1.4,55,1.605416667
2024,333,19.76689583,15.63,25.411,352.7831145,0.8,55,1.359236111
2024,334,19.6765625,14.714,25.534,327.3230723,0,55,1.783645833
2024,335,19.415375,14.958,24.889,279.73257,0.6,55,1.651423611
2024,336,NA,NA,NA,237.6478395,0,55,1.700659722
2024,337,19.1718125,16.288,24.052,363.4382714,0,55,1.535590278
2024,338,19.53520833,16.52,24.693,460.3351667,0,55,1.325208333
2024,339,19.21708333,14.582,24.575,453.5923941,0,55,1.402013889
