row,time,.prec.sim.prec
0,2018-01-01T23:00:00,0.0
1,2018-01-02T23:00:00,15.4
2,2018-01-03T23:00:00,5.2
3,2018-01-04T23:00:00,3.8
4,2018-01-05T23:00:00,0.0
5,2018-01-06T23:00:00,0.0
6,2018-01-07T23:00:00,0.0
7,2018-01-08T23:00:00,0.0
8,2018-01-09T23:00:00,0.2
9,2018-01-10T23:00:00,0.0
10,2018-01-11T23:00:00,0.0
11,2018-01-12T23:00:00,0.0
12,2018-01-13T23:00:00,0.0
13,2018-01-14T23:00:00,0.0
14,2018-01-15T23:00:00,0.0
15,2018-01-16T23:00:00,0.0
16,2018-01-17T23:00:00,0.0
17,2018-01-18T23:00:00,0.0
18,2018-01-19T23:00:00,0.0
19,2018-01-20T23:00:00,0.0
20,2018-01-21T23:00:00,0.0
21,2018-01-22T23:00:00,0.0
22,2018-01-23T23:00:00,0.0
23,2018-01-24T23:00:00,0.0
24,2018-01-25T23:00:00,0.0
25,2018-01-26T23:00:00,0.0
26,2018-01-27T23:00:00,0.0
27,2018-01-28T23:00:00,0.0
28,2018-01-29T23:00:00,0.0
29,2018-01-30T23:00:00,0.0
30,2018-01-31T23:00:00,0.0
31,2018-02-01T23:00:00,0.0
32,2018-02-02T23:00:00,0.0
33,2018-02-03T23:00:00,0.0
34,2018-02-04T23:00:00,0.0
35,2018-02-05T23:00:00,0.0
36,2018-02-06T23:00:00,0.0
37,2018-02-07T23:00:00,0.0
38,2018-02-08T23:00:00,0.0
39,2018-02-09T23:00:00,0.0
40,2018-02-10T23:00:00,0.0
41,2018-02-11T23:00:00,0.0
42,2018-02-12T23:00:00,0.0
43,2018-02-13T23:00:00,0.0
44,2018-02-14T23:00:00,0.0
45,2018-02-15T23:00:00,0.0
46,2018-02-16T23:00:00,0.0
47,2018-02-17T23:00:00,0.0
48,2018-02-18T23:00:00,0.0
49,2018-02-19T23:00:00,0.0
50,2018-02-20T23:00:00,0.0
51,2018-02-21T23:00:00,0.0
52,2018-02-22T23:00:00,0.0
53,2018-02-23T23:00:00,0.0
54,2018-02-24T23:00:00,0.0
55,2018-02-25T23:00:00,0.0
56,2018-02-26T23:00:00,0.0
57,2018-02-27T23:00:00,0.0
58,2018-02-28T23:00:00,0.0
59,2018-03-01T23:00:00,0.0
60,2018-03-02T23:00:00,0.2
61,2018-03-03T23:00:00,7.8
62,2018-03-04T23:00:00,0.0
63,2018-03-05T23:00:00,0.0
64,2018-03-06T23:00:00,0.0
65,2018-03-07T23:00:00,0.0
66,2018-03-08T23:00:00,0.0
67,2018-03-09T23:00:00,0.0
68,2018-03-10T23:00:00,0.0
69,2018-03-11T23:00:00,0.0
70,2018-03-12T23:00:00,0.0
71,2018-03-13T23:00:00,0.0
72,2018-03-14T23:00:00,0.0
73,2018-03-15T23:00:00,0.0
74,2018-03-16T23:00:00,0.0
75,2018-03-17T23:00:00,0.0
76,2018-03-18T23:00:00,0.0
77,2018-03-19T23:00:00,0.0
78,2018-03-20T23:00:00,0.0
79,2018-03-21T23:00:00,0.0
80,2018-03-22T23:00:00,0.0
81,2018-03-23T23:00:00,0.0
82,2018-03-24T23:00:00,0.0
83,2018-03-25T23:00:00,0.0
84,2018-03-26T23:00:00,0.0
85,2018-03-27T23:00:00,0.0
86,2018-03-28T23:00:00,0.0
87,2018-03-29T23:00:00,0.0
88,2018-03-30T23:00:00,0.0
89,2018-03-31T23:00:00,0.0
90,2018-04-01T23:00:00,0.0
91,2018-04-02T23:00:00,0.0
92,2018-04-03T23:00:00,0.0
93,2018-04-04T23:00:00,0.0
94,2018-04-05T23:00:00,0.0
95,2018-04-06T23:00:00,0.0
96,2018-04-07T23:00:00,0.0
97,2018-04-08T23:00:00,0.0
98,2018-04-09T23:00:00,0.0
99,2018-04-10T23:00:00,0.0
100,2018-04-11T23:00:00,0.0
101,2018-04-12T23:00:00,0.0
102,2018-04-13T23:00:00,0.0
103,2018-04-14T23:00:00,0.0
104,2018-04-15T23:00:00,0.0
105,2018-04-16T23:00:00,0.2
106,2018-04-17T23:00:00,0.0
107,2018-04-18T23:00:00,0.0
108,2018-04-19T23:00:00,0.0
109,2018-04-20T23:00:00,18.0
110,2018-04-21T23:00:00,0.0
111,2018-04-22T23:00:00,3.5
112,2018-04-23T23:00:00,3.2
113,2018-04-24T23:00:00,25.6
114,2018-04-25T23:00:00,8.4
115,2018-04-26T23:00:00,0.2
116,2018-04-27T23:00:00,2.2
117,2018-04-28T23:00:00,2.8
118,2018-04-29T23:00:00,0.0
119,2018-04-30T23:00:00,6.6
120,2018-05-01T23:00:00,14.61
121,2018-05-02T23:00:00,2.78
122,2018-05-03T23:00:00,1.05
123,2018-05-04T23:00:00,0.84
124,2018-05-05T23:00:00,4.26
125,2018-05-06T23:00:00,3.68
126,2018-05-07T23:00:00,1.73
127,2018-05-08T23:00:00,2.39
128,2018-05-09T23:00:00,5.66
129,2018-05-10T23:00:00,6.52
130,2018-05-11T23:00:00,8.65
131,2018-05-12T23:00:00,0.31
132,2018-05-13T23:00:00,1.36
133,2018-05-14T23:00:00,5.52
134,2018-05-15T23:00:00,0.61
135,2018-05-16T23:00:00,1.99
136,2018-05-17T23:00:00,0.75
137,2018-05-18T23:00:00,0.65
138,2018-05-19T23:00:00,2.35
139,2018-05-20T23:00:00,1.84
140,2018-05-21T23:00:00,6.84
141,2018-05-22T23:00:00,3.6
142,2018-05-23T23:00:00,0.53
143,2018-05-24T23:00:00,0.47
144,2018-05-25T23:00:00,4.49
145,2018-05-26T23:00:00,1.98
146,2018-05-27T23:00:00,1.81
147,2018-05-28T23:00:00,0.05
148,2018-05-29T23:00:00,0.05
149,2018-05-30T23:00:00,0.09
150,2018-05-31T23:00:00,1.36
151,2018-06-01T23:00:00,0.55
152,2018-06-02T23:00:00,0.97
153,2018-06-03T23:00:00,1.04
154,2018-06-04T23:00:00,2.48
155,2018-06-05T23:00:00,0.75
156,2018-06-06T23:00:00,1.32
157,2018-06-07T23:00:00,0.56
158,2018-06-08T23:00:00,0.28
159,2018-06-09T23:00:00,0.35
160,2018-06-10T23:00:00,0.03
161,2018-06-11T23:00:00,0.0
162,2018-06-12T23:00:00,0.14
163,2018-06-13T23:00:00,0.61
164,2018-06-14T23:00:00,0.34
165,2018-06-15T23:00:00,0.26
166,2018-06-16T23:00:00,0.39
167,2018-06-17T23:00:00,0.75
168,2018-06-18T23:00:00,1.53
169,2018-06-19T23:00:00,0.81
170,2018-06-20T23:00:00,0.08
171,2018-06-21T23:00:00,0.28
172,2018-06-22T23:00:00,0.64
173,2018-06-23T23:00:00,0.46
174,2018-06-24T23:00:00,0.39
175,2018-06-25T23:00:00,1.59
176,2018-06-26T23:00:00,0.86
177,2018-06-27T23:00:00,0.19
178,2018-06-28T23:00:00,0.05
179,2018-06-29T23:00:00,1.13
180,2018-06-30T23:00:00,0.6
181,2018-07-01T23:00:00,1.68
182,2018-07-02T23:00:00,1.48
183,2018-07-03T23:00:00,2.1
184,2018-07-04T23:00:00,2.2
185,2018-07-05T23:00:00,0.29
186,2018-07-06T23:00:00,0.02
187,2018-07-07T23:00:00,0.31
188,2018-07-08T23:00:00,0.21
189,2018-07-09T23:00:00,0.43
190,2018-07-10T23:00:00,0.33
191,2018-07-11T23:00:00,0.35
192,2018-07-12T23:00:00,0.53
193,2018-07-13T23:00:00,1.38
194,2018-07-14T23:00:00,0.75
195,2018-07-15T23:00:00,0.14
196,2018-07-16T23:00:00,0.13
197,2018-07-17T23:00:00,0.02
198,2018-07-18T23:00:00,0.01
199,2018-07-19T23:00:00,0.04
200,2018-07-20T23:00:00,0.16
201,2018-07-21T23:00:00,0.8
202,2018-07-22T23:00:00,0.34
203,2018-07-23T23:00:00,0.15
204,2018-07-24T23:00:00,0.22
205,2018-07-25T23:00:00,0.47
206,2018-07-26T23:00:00,0.23
207,2018-07-27T23:00:00,0.26
208,2018-07-28T23:00:00,0.01
209,2018-07-29T23:00:00,0.39
210,2018-07-30T23:00:00,1.21
211,2018-07-31T23:00:00,0.78
212,2018-08-01T23:00:00,0.31
213,2018-08-02T23:00:00,0.1
214,2018-08-03T23:00:00,0.1
215,2018-08-04T23:00:00,0.17
216,2018-08-05T23:00:00,0.41
217,2018-08-06T23:00:00,0.12
218,2018-08-07T23:00:00,0.06
219,2018-08-08T23:00:00,0.11
220,2018-08-09T23:00:00,0.15
221,2018-08-10T23:00:00,0.21
222,2018-08-11T23:00:00,0.28
223,2018-08-12T23:00:00,0.23
224,2018-08-13T23:00:00,0.1
225,2018-08-14T23:00:00,0.07
226,2018-08-15T23:00:00,0.69
227,2018-08-16T23:00:00,0.25
228,2018-08-17T23:00:00,0.74
229,2018-08-18T23:00:00,0.34
230,2018-08-19T23:00:00,0.15
231,2018-08-20T23:00:00,0.12
232,2018-08-21T23:00:00,0.15
233,2018-08-22T23:00:00,0.06
234,2018-08-23T23:00:00,0.17
235,2018-08-24T23:00:00,1.0
236,2018-08-25T23:00:00,0.96
237,2018-08-26T23:00:00,1.1
238,2018-08-27T23:00:00,1.85
239,2018-08-28T23:00:00,1.75
240,2018-08-29T23:00:00,0.34
241,2018-08-30T23:00:00,0.1
242,2018-08-31T23:00:00,0.38
243,2018-09-01T23:00:00,0.42
244,2018-09-02T23:00:00,0.34
245,2018-09-03T23:00:00,0.4
246,2018-09-04T23:00:00,1.35
247,2018-09-05T23:00:00,0.68
248,2018-09-06T23:00:00,0.54
249,2018-09-07T23:00:00,0.09
250,2018-09-08T23:00:00,0.25
251,2018-09-09T23:00:00,0.13
252,2018-09-10T23:00:00,0.33
253,2018-09-11T23:00:00,0.2
254,2018-09-12T23:00:00,0.1
255,2018-09-13T23:00:00,0.87
256,2018-09-14T23:00:00,0.04
257,2018-09-15T23:00:00,0.06
258,2018-09-16T23:00:00,0.07
259,2018-09-17T23:00:00,0.02
260,2018-09-18T23:00:00,0.07
261,2018-09-19T23:00:00,0.15
262,2018-09-20T23:00:00,0.1
263,2018-09-21T23:00:00,0.75
264,2018-09-22T23:00:00,0.39
265,2018-09-23T23:00:00,0.19
266,2018-09-24T23:00:00,0.37
267,2018-09-25T23:00:00,1.04
268,2018-09-26T23:00:00,0.81
269,2018-09-27T23:00:00,1.31
270,2018-09-28T23:00:00,0.44
271,2018-09-29T23:00:00,0.21
272,2018-09-30T23:00:00,0.01
273,2018-10-01T23:00:00,0.01
274,2018-10-02T23:00:00,0.07
275,2018-10-03T23:00:00,0.62
276,2018-10-04T23:00:00,0.84
277,2018-10-05T23:00:00,0.69
278,2018-10-06T23:00:00,0.91
279,2018-10-07T23:00:00,0.76
280,2018-10-08T23:00:00,1.96
281,2018-10-09T23:00:00,0.62
282,2018-10-10T23:00:00,0.24
283,2018-10-11T23:00:00,0.25
284,2018-10-12T23:00:00,0.08
285,2018-10-13T23:00:00,0.16
286,2018-10-14T23:00:00,0.07
287,2018-10-15T23:00:00,0.43
288,2018-10-16T23:00:00,0.29
289,2018-10-17T23:00:00,0.49
290,2018-10-18T23:00:00,3.29
291,2018-10-19T23:00:00,2.3
292,2018-10-20T23:00:00,3.59
293,2018-10-21T23:00:00,0.12
294,2018-10-22T23:00:00,0.53
295,2018-10-23T23:00:00,2.21
296,2018-10-24T23:00:00,3.56
297,2018-10-25T23:00:00,10.55
298,2018-10-26T23:00:00,4.6
299,2018-10-27T23:00:00,1.52
300,2018-10-28T23:00:00,1.79
301,2018-10-29T23:00:00,1.07
302,2018-10-30T23:00:00,0.46
303,2018-10-31T23:00:00,0.2
304,2018-11-01T23:00:00,1.82
305,2018-11-02T23:00:00,6.75
306,2018-11-03T23:00:00,0.7
307,2018-11-04T23:00:00,0.16
308,2018-11-05T23:00:00,0.07
309,2018-11-06T23:00:00,0.13
310,2018-11-07T23:00:00,0.13
311,2018-11-08T23:00:00,0.17
312,2018-11-09T23:00:00,1.22
313,2018-11-10T23:00:00,0.45
314,2018-11-11T23:00:00,2.87
315,2018-11-12T23:00:00,4.26
316,2018-11-13T23:00:00,2.1
317,2018-11-14T23:00:00,1.08
318,2018-11-15T23:00:00,0.07
319,2018-11-16T23:00:00,0.03
320,2018-11-17T23:00:00,1.17
321,2018-11-18T23:00:00,0.26
322,2018-11-19T23:00:00,2.15
323,2018-11-20T23:00:00,3.75
324,2018-11-21T23:00:00,3.53
325,2018-11-22T23:00:00,2.17
326,2018-11-23T23:00:00,0.73
327,2018-11-24T23:00:00,1.74
328,2018-11-25T23:00:00,2.21
329,2018-11-26T23:00:00,0.65
330,2018-11-27T23:00:00,1.13
331,2018-11-28T23:00:00,1.5
332,2018-11-29T23:00:00,2.41
333,2018-11-30T23:00:00,1.4
334,2018-12-01T23:00:00,5.98
335,2018-12-02T23:00:00,3.87
336,2018-12-03T23:00:00,6.04
337,2018-12-04T23:00:00,8.95
338,2018-12-05T23:00:00,0.67
339,2018-12-06T23:00:00,2.02
340,2018-12-07T23:00:00,0.13
341,2018-12-08T23:00:00,4.9
342,2018-12-09T23:00:00,6.78
343,2018-12-10T23:00:00,14.54
344,2018-12-11T23:00:00,8.57
345,2018-12-12T23:00:00,3.55
346,2018-12-13T23:00:00,3.46
347,2018-12-14T23:00:00,7.04
348,2018-12-15T23:00:00,4.92
349,2018-12-16T23:00:00,0.16
350,2018-12-17T23:00:00,0.11
351,2018-12-18T23:00:00,0.21
352,2018-12-19T23:00:00,2.34
353,2018-12-20T23:00:00,0.38
354,2018-12-21T23:00:00,0.44
355,2018-12-22T23:00:00,0.82
356,2018-12-23T23:00:00,0.56
357,2018-12-24T23:00:00,0.1
358,2018-12-25T23:00:00,0.34
359,2018-12-26T23:00:00,0.04
360,2018-12-27T23:00:00,0.79
361,2018-12-28T23:00:00,0.72
362,2018-12-29T23:00:00,0.77
363,2018-12-30T23:00:00,0.69
364,2018-12-31T23:00:00,2.3
365,2019-01-01T23:00:00,0.52
366,2019-01-02T23:00:00,0.18
367,2019-01-03T23:00:00,1.27
368,2019-01-04T23:00:00,4.91
369,2019-01-05T23:00:00,8.32
370,2019-01-06T23:00:00,0.42
371,2019-01-07T23:00:00,0.01
372,2019-01-08T23:00:00,0.65
373,2019-01-09T23:00:00,0.18
374,2019-01-10T23:00:00,0.55
375,2019-01-11T23:00:00,0.3
376,2019-01-12T23:00:00,0.02
377,2019-01-13T23:00:00,1.22
378,2019-01-14T23:00:00,0.35
379,2019-01-15T23:00:00,1.1
380,2019-01-16T23:00:00,1.88
381,2019-01-17T23:00:00,0.01
382,2019-01-18T23:00:00,0.01
383,2019-01-19T23:00:00,0.0
384,2019-01-20T23:00:00,0.0
385,2019-01-21T23:00:00,0.0
386,2019-01-22T23:00:00,0.05
387,2019-01-23T23:00:00,0.11
388,2019-01-24T23:00:00,0.0
389,2019-01-25T23:00:00,0.09
390,2019-01-26T23:00:00,0.12
391,2019-01-27T23:00:00,0.01
392,2019-01-28T23:00:00,0.01
393,2019-01-29T23:00:00,0.02
394,2019-01-30T23:00:00,0.01
395,2019-01-31T23:00:00,0.1
396,2019-02-01T23:00:00,0.03
397,2019-02-02T23:00:00,0.0
398,2019-02-03T23:00:00,0.0
399,2019-02-04T23:00:00,0.07
400,2019-02-05T23:00:00,0.25
401,2019-02-06T23:00:00,0.06
402,2019-02-07T23:00:00,0.62
403,2019-02-08T23:00:00,0.58
404,2019-02-09T23:00:00,0.29
405,2019-02-10T23:00:00,0.37
406,2019-02-11T23:00:00,0.04
407,2019-02-12T23:00:00,0.04
408,2019-02-13T23:00:00,0.04
409,2019-02-14T23:00:00,0.03
410,2019-02-15T23:00:00,0.12
411,2019-02-16T23:00:00,0.95
412,2019-02-17T23:00:00,0.14
413,2019-02-18T23:00:00,0.02
414,2019-02-19T23:00:00,0.14
415,2019-02-20T23:00:00,1.25
416,2019-02-21T23:00:00,0.31
417,2019-02-22T23:00:00,0.77
418,2019-02-23T23:00:00,1.41
419,2019-02-24T23:00:00,0.61
420,2019-02-25T23:00:00,0.47
421,2019-02-26T23:00:00,0.03
422,2019-02-27T23:00:00,0.09
423,2019-02-28T23:00:00,0.01
424,2019-03-01T23:00:00,0.0
425,2019-03-02T23:00:00,1.12
426,2019-03-03T23:00:00,1.1
427,2019-03-04T23:00:00,0.71
428,2019-03-05T23:00:00,1.21
429,2019-03-06T23:00:00,0.01
430,2019-03-07T23:00:00,0.06
431,2019-03-08T23:00:00,0.12
432,2019-03-09T23:00:00,0.06
433,2019-03-10T23:00:00,0.3
434,2019-03-11T23:00:00,0.2
435,2019-03-12T23:00:00,0.01
436,2019-03-13T23:00:00,0.04
437,2019-03-14T23:00:00,0.11
438,2019-03-15T23:00:00,0.04
439,2019-03-16T23:00:00,0.16
440,2019-03-17T23:00:00,0.03
441,2019-03-18T23:00:00,0.02
442,2019-03-19T23:00:00,0.01
443,2019-03-20T23:00:00,0.07
444,2019-03-21T23:00:00,0.0
445,2019-03-22T23:00:00,0.04
446,2019-03-23T23:00:00,0.37
447,2019-03-24T23:00:00,0.37
448,2019-03-25T23:00:00,0.0
449,2019-03-26T23:00:00,0.01
450,2019-03-27T23:00:00,1.87
451,2019-03-28T23:00:00,0.81
452,2019-03-29T23:00:00,0.21
453,2019-03-30T23:00:00,0.59
454,2019-03-31T23:00:00,0.78
455,2019-04-01T23:00:00,1.57
456,2019-04-02T23:00:00,0.46
457,2019-04-03T23:00:00,0.91
458,2019-04-04T23:00:00,0.83
459,2019-04-05T23:00:00,0.24
460,2019-04-06T23:00:00,0.67
461,2019-04-07T23:00:00,0.1
462,2019-04-08T23:00:00,0.17
463,2019-04-09T23:00:00,0.35
464,2019-04-10T23:00:00,0.06
465,2019-04-11T23:00:00,0.43
466,2019-04-12T23:00:00,0.1
467,2019-04-13T23:00:00,0.27
468,2019-04-14T23:00:00,0.1
469,2019-04-15T23:00:00,0.01
470,2019-04-16T23:00:00,0.03
471,2019-04-17T23:00:00,0.02
472,2019-04-18T23:00:00,0.02
473,2019-04-19T23:00:00,0.58
474,2019-04-20T23:00:00,0.66
475,2019-04-21T23:00:00,0.88
476,2019-04-22T23:00:00,1.04
477,2019-04-23T23:00:00,2.0
478,2019-04-24T23:00:00,2.87
479,2019-04-25T23:00:00,2.89
480,2019-04-26T23:00:00,11.07
481,2019-04-27T23:00:00,2.25
482,2019-04-28T23:00:00,0.62
483,2019-04-29T23:00:00,0.53
484,2019-04-30T23:00:00,0.71
485,2019-05-01T23:00:00,0.42
486,2019-05-02T23:00:00,0.51
487,2019-05-03T23:00:00,0.6
488,2019-05-04T23:00:00,2.43
489,2019-05-05T23:00:00,16.0
490,2019-05-06T23:00:00,2.24
491,2019-05-07T23:00:00,4.21
492,2019-05-08T23:00:00,0.58
493,2019-05-09T23:00:00,2.06
494,2019-05-10T23:00:00,0.27
495,2019-05-11T23:00:00,1.09
496,2019-05-12T23:00:00,0.99
497,2019-05-13T23:00:00,2.11
498,2019-05-14T23:00:00,0.96
499,2019-05-15T23:00:00,0.83
500,2019-05-16T23:00:00,1.6
501,2019-05-17T23:00:00,1.46
502,2019-05-18T23:00:00,2.97
503,2019-05-19T23:00:00,4.8
504,2019-05-20T23:00:00,1.16
505,2019-05-21T23:00:00,0.05
506,2019-05-22T23:00:00,1.27
507,2019-05-23T23:00:00,5.43
508,2019-05-24T23:00:00,2.21
509,2019-05-25T23:00:00,0.82
510,2019-05-26T23:00:00,1.27
511,2019-05-27T23:00:00,0.79
512,2019-05-28T23:00:00,0.72
513,2019-05-29T23:00:00,0.5
514,2019-05-30T23:00:00,0.27
515,2019-05-31T23:00:00,0.73
516,2019-06-01T23:00:00,3.37
517,2019-06-02T23:00:00,7.1
518,2019-06-03T23:00:00,2.54
519,2019-06-04T23:00:00,1.1
520,2019-06-05T23:00:00,3.1
521,2019-06-06T23:00:00,2.42
522,2019-06-07T23:00:00,1.87
523,2019-06-08T23:00:00,0.85
524,2019-06-09T23:00:00,1.6
525,2019-06-10T23:00:00,0.15
526,2019-06-11T23:00:00,0.53
527,2019-06-12T23:00:00,0.5
528,2019-06-13T23:00:00,0.34
529,2019-06-14T23:00:00,0.83
530,2019-06-15T23:00:00,0.46
531,2019-06-16T23:00:00,0.19
532,2019-06-17T23:00:00,0.05
533,2019-06-18T23:00:00,0.12
534,2019-06-19T23:00:00,0.27
535,2019-06-20T23:00:00,0.29
536,2019-06-21T23:00:00,0.71
537,2019-06-22T23:00:00,0.35
538,2019-06-23T23:00:00,0.22
539,2019-06-24T23:00:00,1.4
540,2019-06-25T23:00:00,4.95
541,2019-06-26T23:00:00,1.78
542,2019-06-27T23:00:00,0.71
543,2019-06-28T23:00:00,0.5
544,2019-06-29T23:00:00,0.45
545,2019-06-30T23:00:00,0.03
546,2019-07-01T23:00:00,0.17
547,2019-07-02T23:00:00,0.14
548,2019-07-03T23:00:00,0.35
549,2019-07-04T23:00:00,0.12
550,2019-07-05T23:00:00,0.17
551,2019-07-06T23:00:00,0.48
552,2019-07-07T23:00:00,0.11
553,2019-07-08T23:00:00,0.06
554,2019-07-09T23:00:00,0.1
555,2019-07-10T23:00:00,0.26
556,2019-07-11T23:00:00,0.35
557,2019-07-12T23:00:00,0.31
558,2019-07-13T23:00:00,0.32
559,2019-07-14T23:00:00,0.22
560,2019-07-15T23:00:00,0.64
561,2019-07-16T23:00:00,0.21
562,2019-07-17T23:00:00,0.43
563,2019-07-18T23:00:00,0.21
564,2019-07-19T23:00:00,0.76
565,2019-07-20T23:00:00,0.28
566,2019-07-21T23:00:00,0.45
567,2019-07-22T23:00:00,0.02
568,2019-07-23T23:00:00,0.03
569,2019-07-24T23:00:00,0.02
570,2019-07-25T23:00:00,0.12
571,2019-07-26T23:00:00,0.05
572,2019-07-27T23:00:00,0.24
573,2019-07-28T23:00:00,0.21
574,2019-07-29T23:00:00,1.08
575,2019-07-30T23:00:00,2.58
576,2019-07-31T23:00:00,3.94
577,2019-08-01T23:00:00,1.02
578,2019-08-02T23:00:00,0.37
579,2019-08-03T23:00:00,0.07
580,2019-08-04T23:00:00,0.11
581,2019-08-05T23:00:00,0.1
582,2019-08-06T23:00:00,0.07
583,2019-08-07T23:00:00,0.73
584,2019-08-08T23:00:00,0.66
585,2019-08-09T23:00:00,0.02
586,2019-08-10T23:00:00,0.47
587,2019-08-11T23:00:00,0.23
588,2019-08-12T23:00:00,0.1
589,2019-08-13T23:00:00,0.17
590,2019-08-14T23:00:00,0.31
591,2019-08-15T23:00:00,0.11
592,2019-08-16T23:00:00,0.11
593,2019-08-17T23:00:00,0.15
594,2019-08-18T23:00:00,0.41
595,2019-08-19T23:00:00,0.56
596,2019-08-20T23:00:00,0.3
597,2019-08-21T23:00:00,0.23
598,2019-08-22T23:00:00,0.23
599,2019-08-23T23:00:00,0.26
600,2019-08-24T23:00:00,1.57
601,2019-08-25T23:00:00,0.03
602,2019-08-26T23:00:00,0.19
603,2019-08-27T23:00:00,0.23
604,2019-08-28T23:00:00,1.08
605,2019-08-29T23:00:00,0.55
606,2019-08-30T23:00:00,0.58
607,2019-08-31T23:00:00,0.55
608,2019-09-01T23:00:00,0.84
609,2019-09-02T23:00:00,0.78
610,2019-09-03T23:00:00,0.27
611,2019-09-04T23:00:00,0.14
612,2019-09-05T23:00:00,0.12
613,2019-09-06T23:00:00,0.22
614,2019-09-07T23:00:00,0.45
615,2019-09-08T23:00:00,0.21
616,2019-09-09T23:00:00,0.16
617,2019-09-10T23:00:00,2.21
618,2019-09-11T23:00:00,0.2
619,2019-09-12T23:00:00,0.16
620,2019-09-13T23:00:00,0.14
621,2019-09-14T23:00:00,0.14
622,2019-09-15T23:00:00,0.16
623,2019-09-16T23:00:00,0.07
624,2019-09-17T23:00:00,0.05
625,2019-09-18T23:00:00,0.04
626,2019-09-19T23:00:00,0.04
627,2019-09-20T23:00:00,0.01
628,2019-09-21T23:00:00,0.02
629,2019-09-22T23:00:00,0.25
630,2019-09-23T23:00:00,0.55
631,2019-09-24T23:00:00,0.72
632,2019-09-25T23:00:00,0.47
633,2019-09-26T23:00:00,3.15
634,2019-09-27T23:00:00,0.76
635,2019-09-28T23:00:00,0.13
636,2019-09-29T23:00:00,0.04
637,2019-09-30T23:00:00,0.85
638,2019-10-01T23:00:00,4.59
639,2019-10-02T23:00:00,1.69
640,2019-10-03T23:00:00,3.79
641,2019-10-04T23:00:00,1.43
642,2019-10-05T23:00:00,6.08
643,2019-10-06T23:00:00,0.72
644,2019-10-07T23:00:00,0.37
645,2019-10-08T23:00:00,8.13
646,2019-10-09T23:00:00,13.85
647,2019-10-10T23:00:00,7.73
648,2019-10-11T23:00:00,6.68
649,2019-10-12T23:00:00,20.72
650,2019-10-13T23:00:00,7.02
651,2019-10-14T23:00:00,3.7
652,2019-10-15T23:00:00,0.16
653,2019-10-16T23:00:00,2.77
654,2019-10-17T23:00:00,5.45
655,2019-10-18T23:00:00,12.34
656,2019-10-19T23:00:00,2.51
657,2019-10-20T23:00:00,1.38
658,2019-10-21T23:00:00,1.09
659,2019-10-22T23:00:00,2.31
660,2019-10-23T23:00:00,3.46
661,2019-10-24T23:00:00,3.98
662,2019-10-25T23:00:00,24.86
663,2019-10-26T23:00:00,4.93
664,2019-10-27T23:00:00,5.9
665,2019-10-28T23:00:00,13.32
666,2019-10-29T23:00:00,4.02
667,2019-10-30T23:00:00,7.43
668,2019-10-31T23:00:00,0.97
669,2019-11-01T23:00:00,0.48
670,2019-11-02T23:00:00,0.31
671,2019-11-03T23:00:00,0.52
672,2019-11-04T23:00:00,0.54
673,2019-11-05T23:00:00,0.31
674,2019-11-06T23:00:00,1.61
675,2019-11-07T23:00:00,3.43
676,2019-11-08T23:00:00,0.35
677,2019-11-09T23:00:00,1.12
678,2019-11-10T23:00:00,3.46
679,2019-11-11T23:00:00,3.72
680,2019-11-12T23:00:00,7.15
681,2019-11-13T23:00:00,6.39
682,2019-11-14T23:00:00,11.13
683,2019-11-15T23:00:00,5.88
684,2019-11-16T23:00:00,1.36
685,2019-11-17T23:00:00,4.02
686,2019-11-18T23:00:00,7.44
687,2019-11-19T23:00:00,3.81
688,2019-11-20T23:00:00,3.59
689,2019-11-21T23:00:00,1.77
690,2019-11-22T23:00:00,3.91
691,2019-11-23T23:00:00,5.94
692,2019-11-24T23:00:00,9.08
693,2019-11-25T23:00:00,10.03
694,2019-11-26T23:00:00,6.9
695,2019-11-27T23:00:00,2.75
696,2019-11-28T23:00:00,0.38
697,2019-11-29T23:00:00,1.46
698,2019-11-30T23:00:00,11.03
699,2019-12-01T23:00:00,16.5
700,2019-12-02T23:00:00,9.79
701,2019-12-03T23:00:00,11.99
702,2019-12-04T23:00:00,0.82
703,2019-12-05T23:00:00,1.53
704,2019-12-06T23:00:00,4.58
705,2019-12-07T23:00:00,4.77
706,2019-12-08T23:00:00,3.33
707,2019-12-09T23:00:00,5.55
708,2019-12-10T23:00:00,10.69
709,2019-12-11T23:00:00,1.97
710,2019-12-12T23:00:00,3.99
711,2019-12-13T23:00:00,3.95
712,2019-12-14T23:00:00,3.51
713,2019-12-15T23:00:00,9.52
714,2019-12-16T23:00:00,1.74
715,2019-12-17T23:00:00,0.67
716,2019-12-18T23:00:00,0.52
717,2019-12-19T23:00:00,0.02
718,2019-12-20T23:00:00,5.8
719,2019-12-21T23:00:00,4.37
720,2019-12-22T23:00:00,0.53
721,2019-12-23T23:00:00,5.17
722,2019-12-24T23:00:00,5.38
723,2019-12-25T23:00:00,5.37
724,2019-12-26T23:00:00,1.83
725,2019-12-27T23:00:00,0.6
726,2019-12-28T23:00:00,3.47
727,2019-12-29T23:00:00,1.77
728,2019-12-30T23:00:00,0.14
729,2019-12-31T23:00:00,1.52
730,2020-01-01T23:00:00,0.04
731,2020-01-02T23:00:00,1.21
732,2020-01-03T23:00:00,1.0
733,2020-01-04T23:00:00,0.33
734,2020-01-05T23:00:00,0.33
735,2020-01-06T23:00:00,0.8
736,2020-01-07T23:00:00,1.81
737,2020-01-08T23:00:00,3.9
738,2020-01-09T23:00:00,2.06
739,2020-01-10T23:00:00,0.96
740,2020-01-11T23:00:00,0.31
741,2020-01-12T23:00:00,0.41
742,2020-01-13T23:00:00,11.73
743,2020-01-14T23:00:00,8.4
744,2020-01-15T23:00:00,2.98
745,2020-01-16T23:00:00,1.18
746,2020-01-17T23:00:00,1.2
747,2020-01-18T23:00:00,2.61
748,2020-01-19T23:00:00,0.23
749,2020-01-20T23:00:00,0.1
750,2020-01-21T23:00:00,0.05
751,2020-01-22T23:00:00,0.03
752,2020-01-23T23:00:00,0.55
753,2020-01-24T23:00:00,1.47
754,2020-01-25T23:00:00,7.96
755,2020-01-26T23:00:00,8.02
756,2020-01-27T23:00:00,5.33
757,2020-01-28T23:00:00,9.94
758,2020-01-29T23:00:00,3.71
759,2020-01-30T23:00:00,2.52
760,2020-01-31T23:00:00,7.56
761,2020-02-01T23:00:00,11.02
762,2020-02-02T23:00:00,4.14
763,2020-02-03T23:00:00,2.04
764,2020-02-04T23:00:00,0.36
765,2020-02-05T23:00:00,0.27
766,2020-02-06T23:00:00,0.13
767,2020-02-07T23:00:00,0.07
768,2020-02-08T23:00:00,0.42
769,2020-02-09T23:00:00,0.16
770,2020-02-10T23:00:00,0.03
771,2020-02-11T23:00:00,0.0
772,2020-02-12T23:00:00,0.05
773,2020-02-13T23:00:00,1.88
774,2020-02-14T23:00:00,0.62
775,2020-02-15T23:00:00,3.67
776,2020-02-16T23:00:00,1.1
777,2020-02-17T23:00:00,0.36
778,2020-02-18T23:00:00,0.85
779,2020-02-19T23:00:00,1.14
780,2020-02-20T23:00:00,0.28
781,2020-02-21T23:00:00,0.25
782,2020-02-22T23:00:00,0.34
783,2020-02-23T23:00:00,0.53
784,2020-02-24T23:00:00,0.13
785,2020-02-25T23:00:00,0.44
786,2020-02-26T23:00:00,4.31
787,2020-02-27T23:00:00,1.46
788,2020-02-28T23:00:00,0.47
789,2020-02-29T23:00:00,0.22
790,2020-03-01T23:00:00,9.67
791,2020-03-02T23:00:00,13.09
792,2020-03-03T23:00:00,2.41
793,2020-03-04T23:00:00,6.78
794,2020-03-05T23:00:00,5.47
795,2020-03-06T23:00:00,1.35
796,2020-03-07T23:00:00,1.56
797,2020-03-08T23:00:00,6.71
798,2020-03-09T23:00:00,5.27
799,2020-03-10T23:00:00,1.36
800,2020-03-11T23:00:00,1.12
801,2020-03-12T23:00:00,2.23
802,2020-03-13T23:00:00,2.85
803,2020-03-14T23:00:00,4.79
804,2020-03-15T23:00:00,0.05
805,2020-03-16T23:00:00,0.26
806,2020-03-17T23:00:00,1.9
807,2020-03-18T23:00:00,1.81
808,2020-03-19T23:00:00,1.67
809,2020-03-20T23:00:00,1.69
810,2020-03-21T23:00:00,0.46
811,2020-03-22T23:00:00,0.54
812,2020-03-23T23:00:00,0.01
813,2020-03-24T23:00:00,0.3
814,2020-03-25T23:00:00,2.23
815,2020-03-26T23:00:00,16.34
816,2020-03-27T23:00:00,14.16
817,2020-03-28T23:00:00,6.51
818,2020-03-29T23:00:00,6.05
819,2020-03-30T23:00:00,1.01
820,2020-03-31T23:00:00,2.04
821,2020-04-01T23:00:00,0.87
822,2020-04-02T23:00:00,1.38
823,2020-04-03T23:00:00,2.84
824,2020-04-04T23:00:00,0.06
825,2020-04-05T23:00:00,1.36
826,2020-04-06T23:00:00,2.69
827,2020-04-07T23:00:00,0.55
828,2020-04-08T23:00:00,0.64
829,2020-04-09T23:00:00,0.72
830,2020-04-10T23:00:00,0.35
831,2020-04-11T23:00:00,0.94
832,2020-04-12T23:00:00,2.64
833,2020-04-13T23:00:00,0.86
834,2020-04-14T23:00:00,1.37
835,2020-04-15T23:00:00,6.68
836,2020-04-16T23:00:00,8.39
837,2020-04-17T23:00:00,22.87
838,2020-04-18T23:00:00,23.48
839,2020-04-19T23:00:00,5.09
840,2020-04-20T23:00:00,11.46
841,2020-04-21T23:00:00,9.08
842,2020-04-22T23:00:00,15.71
843,2020-04-23T23:00:00,10.58
844,2020-04-24T23:00:00,21.43
845,2020-04-25T23:00:00,14.98
846,2020-04-26T23:00:00,1.75
847,2020-04-27T23:00:00,2.94
848,2020-04-28T23:00:00,7.55
849,2020-04-29T23:00:00,6.52
850,2020-04-30T23:00:00,3.29
851,2020-05-01T23:00:00,0.62
852,2020-05-02T23:00:00,1.53
853,2020-05-03T23:00:00,1.67
854,2020-05-04T23:00:00,0.71
855,2020-05-05T23:00:00,1.95
856,2020-05-06T23:00:00,3.76
857,2020-05-07T23:00:00,0.82
858,2020-05-08T23:00:00,0.73
859,2020-05-09T23:00:00,1.67
860,2020-05-10T23:00:00,4.37
861,2020-05-11T23:00:00,1.35
862,2020-05-12T23:00:00,2.05
863,2020-05-13T23:00:00,1.69
864,2020-05-14T23:00:00,1.96
865,2020-05-15T23:00:00,5.17
866,2020-05-16T23:00:00,0.93
867,2020-05-17T23:00:00,0.07
868,2020-05-18T23:00:00,0.14
869,2020-05-19T23:00:00,0.9
870,2020-05-20T23:00:00,1.27
871,2020-05-21T23:00:00,0.44
872,2020-05-22T23:00:00,0.2
873,2020-05-23T23:00:00,0.07
874,2020-05-24T23:00:00,0.1
875,2020-05-25T23:00:00,0.14
876,2020-05-26T23:00:00,0.53
877,2020-05-27T23:00:00,0.33
878,2020-05-28T23:00:00,0.61
879,2020-05-29T23:00:00,0.75
880,2020-05-30T23:00:00,0.19
881,2020-05-31T23:00:00,0.12
882,2020-06-01T23:00:00,0.11
883,2020-06-02T23:00:00,0.35
884,2020-06-03T23:00:00,0.36
885,2020-06-04T23:00:00,0.21
886,2020-06-05T23:00:00,0.02
887,2020-06-06T23:00:00,0.07
888,2020-06-07T23:00:00,1.83
889,2020-06-08T23:00:00,2.73
890,2020-06-09T23:00:00,0.3
891,2020-06-10T23:00:00,0.46
892,2020-06-11T23:00:00,1.47
893,2020-06-12T23:00:00,3.2
894,2020-06-13T23:00:00,2.27
895,2020-06-14T23:00:00,2.28
896,2020-06-15T23:00:00,1.23
897,2020-06-16T23:00:00,0.2
898,2020-06-17T23:00:00,0.09
899,2020-06-18T23:00:00,0.04
900,2020-06-19T23:00:00,0.08
901,2020-06-20T23:00:00,2.09
902,2020-06-21T23:00:00,6.83
903,2020-06-22T23:00:00,2.94
904,2020-06-23T23:00:00,0.42
905,2020-06-24T23:00:00,2.94
906,2020-06-25T23:00:00,0.48
907,2020-06-26T23:00:00,0.74
908,2020-06-27T23:00:00,0.51
909,2020-06-28T23:00:00,0.32
910,2020-06-29T23:00:00,0.26
911,2020-06-30T23:00:00,0.15
912,2020-07-01T23:00:00,0.2
