row,time,.nee.sim.val
0,2018-01-01T23:00:00,7.347989999999999
1,2018-01-02T23:00:00,10.722000000000001
2,2018-01-03T23:00:00,10.3206
3,2018-01-04T23:00:00,9.86242
4,2018-01-05T23:00:00,10.1605
5,2018-01-06T23:00:00,10.0706
6,2018-01-07T23:00:00,10.066
7,2018-01-08T23:00:00,10.1815
8,2018-01-09T23:00:00,10.2004
9,2018-01-10T23:00:00,9.91199
10,2018-01-11T23:00:00,9.500589999999999
11,2018-01-12T23:00:00,9.205219999999999
12,2018-01-13T23:00:00,8.97068
13,2018-01-14T23:00:00,8.92693020109
14,2018-01-15T23:00:00,8.9048109711
15,2018-01-16T23:00:00,8.78572146
16,2018-01-17T23:00:00,8.7515247974
17,2018-01-18T23:00:00,8.640612395
18,2018-01-19T23:00:00,8.477552732000001
19,2018-01-20T23:00:00,8.200701236
20,2018-01-21T23:00:00,7.862811194
21,2018-01-22T23:00:00,7.580269260000001
22,2018-01-23T23:00:00,7.3803782899999995
23,2018-01-24T23:00:00,7.21711054
24,2018-01-25T23:00:00,7.13890787
25,2018-01-26T23:00:00,7.0598931
26,2018-01-27T23:00:00,6.8400345
27,2018-01-28T23:00:00,6.5701266
28,2018-01-29T23:00:00,6.3507613
29,2018-01-30T23:00:00,6.1782379999999995
30,2018-01-31T23:00:00,5.958024
31,2018-02-01T23:00:00,5.667361
32,2018-02-02T23:00:00,5.355015
33,2018-02-03T23:00:00,4.948931
34,2018-02-04T23:00:00,4.482803
35,2018-02-05T23:00:00,4.03656
36,2018-02-06T23:00:00,3.3227
37,2018-02-07T23:00:00,2.57893
38,2018-02-08T23:00:00,1.2907699999999993
39,2018-02-09T23:00:00,-0.3896499999999996
40,2018-02-10T23:00:00,-0.6463400000000004
41,2018-02-11T23:00:00,-1.9563700000000006
42,2018-02-12T23:00:00,-4.25543
43,2018-02-13T23:00:00,-6.886129999999999
44,2018-02-14T23:00:00,-9.880930000000001
45,2018-02-15T23:00:00,-12.220600000000001
46,2018-02-16T23:00:00,-17.51165
47,2018-02-17T23:00:00,-19.81675
48,2018-02-18T23:00:00,-21.08075
49,2018-02-19T23:00:00,-25.63917
50,2018-02-20T23:00:00,-29.569190000000003
51,2018-02-21T23:00:00,-26.81869
52,2018-02-22T23:00:00,-30.809669999999997
53,2018-02-23T23:00:00,-29.624679999999998
54,2018-02-24T23:00:00,-28.52017
55,2018-02-25T23:00:00,-26.2956
56,2018-02-26T23:00:00,-25.07554
57,2018-02-27T23:00:00,-23.49095
58,2018-02-28T23:00:00,-24.73707
59,2018-03-01T23:00:00,-26.932160000000003
60,2018-03-02T23:00:00,-28.8489
61,2018-03-03T23:00:00,-19.797819999999998
62,2018-03-04T23:00:00,-35.27281000000001
63,2018-03-05T23:00:00,-49.65401
64,2018-03-06T23:00:00,-52.138349999999996
65,2018-03-07T23:00:00,-50.692280000000004
66,2018-03-08T23:00:00,-44.6768
67,2018-03-09T23:00:00,-50.45624000000001
68,2018-03-10T23:00:00,-48.813629999999996
69,2018-03-11T23:00:00,-42.760690000000004
70,2018-03-12T23:00:00,-30.865589999999997
71,2018-03-13T23:00:00,-24.391280000000002
72,2018-03-14T23:00:00,-33.60998
73,2018-03-15T23:00:00,-31.681250000000002
74,2018-03-16T23:00:00,-27.30206
75,2018-03-17T23:00:00,-29.24801
76,2018-03-18T23:00:00,-25.223499999999998
77,2018-03-19T23:00:00,-20.40079
78,2018-03-20T23:00:00,-23.66801
79,2018-03-21T23:00:00,-22.549039999999998
80,2018-03-22T23:00:00,-22.06525
81,2018-03-23T23:00:00,-19.06572
82,2018-03-24T23:00:00,-18.57021
83,2018-03-25T23:00:00,-17.497239999999998
84,2018-03-26T23:00:00,-17.89542
85,2018-03-27T23:00:00,-18.47126
86,2018-03-28T23:00:00,-16.927010000000003
87,2018-03-29T23:00:00,-15.778660000000002
88,2018-03-30T23:00:00,-15.513919999999999
89,2018-03-31T23:00:00,-14.835499999999998
90,2018-04-01T23:00:00,-13.813520000000002
91,2018-04-02T23:00:00,-14.237380000000002
92,2018-04-03T23:00:00,-13.58808
93,2018-04-04T23:00:00,-13.16309
94,2018-04-05T23:00:00,-12.24444
95,2018-04-06T23:00:00,-11.69496
96,2018-04-07T23:00:00,-11.37341
97,2018-04-08T23:00:00,-11.19436
98,2018-04-09T23:00:00,-10.34348
99,2018-04-10T23:00:00,-9.81035
100,2018-04-11T23:00:00,-9.58507
101,2018-04-12T23:00:00,-9.43927
102,2018-04-13T23:00:00,-8.76365
103,2018-04-14T23:00:00,-8.37582
104,2018-04-15T23:00:00,-8.10932
105,2018-04-16T23:00:00,-7.313139999999999
106,2018-04-17T23:00:00,-6.63754
107,2018-04-18T23:00:00,-6.71916
108,2018-04-19T23:00:00,-5.845890000000001
109,2018-04-20T23:00:00,0.6916100000000007
110,2018-04-21T23:00:00,-37.57112
111,2018-04-22T23:00:00,-33.819050000000004
112,2018-04-23T23:00:00,-35.16207
113,2018-04-24T23:00:00,-12.90134
114,2018-04-25T23:00:00,-17.86851
115,2018-04-26T23:00:00,-16.621810000000004
116,2018-04-27T23:00:00,-13.524239999999997
117,2018-04-28T23:00:00,-9.71499
118,2018-04-29T23:00:00,-7.30842
119,2018-04-30T23:00:00,-4.19542
120,2018-05-01T23:00:00,-2.0477299999999996
121,2018-05-02T23:00:00,0.6682900000000007
122,2018-05-03T23:00:00,1.6465299999999994
123,2018-05-04T23:00:00,3.43978
124,2018-05-05T23:00:00,5.215389999999999
125,2018-05-06T23:00:00,6.648180000000002
126,2018-05-07T23:00:00,7.912100000000001
127,2018-05-08T23:00:00,8.55212
128,2018-05-09T23:00:00,9.06206
129,2018-05-10T23:00:00,9.565615999999999
130,2018-05-11T23:00:00,9.471769
131,2018-05-12T23:00:00,10.2557668
132,2018-05-13T23:00:00,10.7551077
133,2018-05-14T23:00:00,10.67322583
134,2018-05-15T23:00:00,10.568451474
135,2018-05-16T23:00:00,10.5228
136,2018-05-17T23:00:00,10.4977
137,2018-05-18T23:00:00,10.2502
138,2018-05-19T23:00:00,10.3123
139,2018-05-20T23:00:00,10.2897
140,2018-05-21T23:00:00,10.1621
141,2018-05-22T23:00:00,10.0227
142,2018-05-23T23:00:00,10.2201
143,2018-05-24T23:00:00,10.3622
144,2018-05-25T23:00:00,10.270999999999999
145,2018-05-26T23:00:00,10.2224
146,2018-05-27T23:00:00,10.1784
147,2018-05-28T23:00:00,9.89822
148,2018-05-29T23:00:00,9.44391
149,2018-05-30T23:00:00,9.9323
150,2018-05-31T23:00:00,10.1519
151,2018-06-01T23:00:00,10.4631
152,2018-06-02T23:00:00,10.4449
153,2018-06-03T23:00:00,10.2
154,2018-06-04T23:00:00,9.91897
155,2018-06-05T23:00:00,9.46261
156,2018-06-06T23:00:00,9.15564
157,2018-06-07T23:00:00,8.87455
158,2018-06-08T23:00:00,8.871637631699999
159,2018-06-09T23:00:00,9.01242491746
160,2018-06-10T23:00:00,8.941639624699999
161,2018-06-11T23:00:00,8.806969346099999
162,2018-06-12T23:00:00,8.9552118338
163,2018-06-13T23:00:00,9.0658897005
164,2018-06-14T23:00:00,9.017469041
165,2018-06-15T23:00:00,9.076261543000001
166,2018-06-16T23:00:00,9.001884822
167,2018-06-17T23:00:00,8.618750043999999
168,2018-06-18T23:00:00,8.619285370000002
169,2018-06-19T23:00:00,8.51944303
170,2018-06-20T23:00:00,8.75815759
171,2018-06-21T23:00:00,8.854888230000002
172,2018-06-22T23:00:00,8.7588797
173,2018-06-23T23:00:00,8.782417200000001
174,2018-06-24T23:00:00,8.5656942
175,2018-06-25T23:00:00,8.3786123
176,2018-06-26T23:00:00,8.3608252
177,2018-06-27T23:00:00,8.21798
178,2018-06-28T23:00:00,8.157701
179,2018-06-29T23:00:00,8.19337
180,2018-06-30T23:00:00,8.059996
181,2018-07-01T23:00:00,7.7805469999999985
182,2018-07-02T23:00:00,7.365355
183,2018-07-03T23:00:00,7.013960000000001
184,2018-07-04T23:00:00,6.44139
185,2018-07-05T23:00:00,5.56751
186,2018-07-06T23:00:00,4.497870000000001
187,2018-07-07T23:00:00,3.7808999999999995
188,2018-07-08T23:00:00,2.42406
189,2018-07-09T23:00:00,1.064490000000001
190,2018-07-10T23:00:00,-0.6963000000000008
191,2018-07-11T23:00:00,-2.3633300000000013
192,2018-07-12T23:00:00,-4.52443
193,2018-07-13T23:00:00,-6.709710000000001
194,2018-07-14T23:00:00,-8.08474
195,2018-07-15T23:00:00,-11.329149999999998
196,2018-07-16T23:00:00,-17.69445
197,2018-07-17T23:00:00,-21.868069999999996
198,2018-07-18T23:00:00,-20.24605
199,2018-07-19T23:00:00,-20.661500000000004
200,2018-07-20T23:00:00,-26.382539999999995
201,2018-07-21T23:00:00,-19.970110000000002
202,2018-07-22T23:00:00,-36.16487
203,2018-07-23T23:00:00,-26.88334
204,2018-07-24T23:00:00,-29.47795
205,2018-07-25T23:00:00,-22.5016
206,2018-07-26T23:00:00,-38.03754
207,2018-07-27T23:00:00,-42.41596
208,2018-07-28T23:00:00,-40.19864
209,2018-07-29T23:00:00,-35.68735
210,2018-07-30T23:00:00,-40.88027
211,2018-07-31T23:00:00,-30.407989999999998
212,2018-08-01T23:00:00,-44.53473
213,2018-08-02T23:00:00,-49.61542
214,2018-08-03T23:00:00,-37.96026
215,2018-08-04T23:00:00,-44.957930000000005
216,2018-08-05T23:00:00,-30.27784
217,2018-08-06T23:00:00,-47.57763
218,2018-08-07T23:00:00,-42.48131
219,2018-08-08T23:00:00,-44.20828
220,2018-08-09T23:00:00,-43.66585
221,2018-08-10T23:00:00,-29.982950000000006
222,2018-08-11T23:00:00,-33.85759
223,2018-08-12T23:00:00,-31.07766
224,2018-08-13T23:00:00,-21.489369999999997
225,2018-08-14T23:00:00,-32.12319
226,2018-08-15T23:00:00,-23.68453
227,2018-08-16T23:00:00,-19.90357
228,2018-08-17T23:00:00,-17.10843
229,2018-08-18T23:00:00,-22.95734
230,2018-08-19T23:00:00,-28.570629999999998
231,2018-08-20T23:00:00,-22.222730000000002
232,2018-08-21T23:00:00,-22.127580000000002
233,2018-08-22T23:00:00,-21.484630000000003
234,2018-08-23T23:00:00,-14.77221
235,2018-08-24T23:00:00,-19.68207
236,2018-08-25T23:00:00,-17.95752
237,2018-08-26T23:00:00,-20.786489999999997
238,2018-08-27T23:00:00,-26.012
239,2018-08-28T23:00:00,-21.064289999999996
240,2018-08-29T23:00:00,-25.9529
241,2018-08-30T23:00:00,-25.988410000000002
242,2018-08-31T23:00:00,-15.210910000000002
243,2018-09-01T23:00:00,-18.57219
244,2018-09-02T23:00:00,-17.19623
245,2018-09-03T23:00:00,-20.9589
246,2018-09-04T23:00:00,-13.634700000000002
247,2018-09-05T23:00:00,-19.54128
248,2018-09-06T23:00:00,-19.630049999999997
249,2018-09-07T23:00:00,-16.860979999999998
250,2018-09-08T23:00:00,-16.621679999999998
251,2018-09-09T23:00:00,-12.946349999999999
252,2018-09-10T23:00:00,-14.13282
253,2018-09-11T23:00:00,-13.32001
254,2018-09-12T23:00:00,-11.49527
255,2018-09-13T23:00:00,-9.61786
256,2018-09-14T23:00:00,-10.14952
257,2018-09-15T23:00:00,-8.57282
258,2018-09-16T23:00:00,-8.100090000000002
259,2018-09-17T23:00:00,-6.69205
260,2018-09-18T23:00:00,-6.550300000000002
261,2018-09-19T23:00:00,-5.884079999999999
262,2018-09-20T23:00:00,-4.352530000000002
263,2018-09-21T23:00:00,-4.083620000000001
264,2018-09-22T23:00:00,-3.50235
265,2018-09-23T23:00:00,-3.5332300000000005
266,2018-09-24T23:00:00,-2.6797700000000004
267,2018-09-25T23:00:00,-1.3424199999999997
268,2018-09-26T23:00:00,-0.7268499999999998
269,2018-09-27T23:00:00,-0.2520099999999994
270,2018-09-28T23:00:00,-0.04216000000000086
271,2018-09-29T23:00:00,0.6039699999999995
272,2018-09-30T23:00:00,1.3045499999999999
273,2018-10-01T23:00:00,1.8498899999999994
274,2018-10-02T23:00:00,2.2295499999999997
275,2018-10-03T23:00:00,3.1423999999999994
276,2018-10-04T23:00:00,3.9921260000000003
277,2018-10-05T23:00:00,4.453501999999999
278,2018-10-06T23:00:00,5.111298000000001
279,2018-10-07T23:00:00,5.40138
280,2018-10-08T23:00:00,6.695373600000001
281,2018-10-09T23:00:00,6.1921403999999995
282,2018-10-10T23:00:00,5.68302513
283,2018-10-11T23:00:00,5.483930375000001
284,2018-10-12T23:00:00,5.30713
285,2018-10-13T23:00:00,5.27214
286,2018-10-14T23:00:00,5.15219
287,2018-10-15T23:00:00,5.38784
288,2018-10-16T23:00:00,5.3078199999999995
289,2018-10-17T23:00:00,5.52145
290,2018-10-18T23:00:00,8.19437
291,2018-10-19T23:00:00,8.349960000000001
292,2018-10-20T23:00:00,8.88367
293,2018-10-21T23:00:00,8.03871
294,2018-10-22T23:00:00,7.513310000000001
295,2018-10-23T23:00:00,7.79785
296,2018-10-24T23:00:00,8.29473
297,2018-10-25T23:00:00,8.50394
298,2018-10-26T23:00:00,8.68929
299,2018-10-27T23:00:00,8.767660000000001
300,2018-10-28T23:00:00,8.87072
301,2018-10-29T23:00:00,9.0243
302,2018-10-30T23:00:00,8.97005
303,2018-10-31T23:00:00,8.91186
304,2018-11-01T23:00:00,9.03295
305,2018-11-02T23:00:00,9.112785179589999
306,2018-11-03T23:00:00,9.110450392759999
307,2018-11-04T23:00:00,8.858721766199999
308,2018-11-05T23:00:00,8.8052302201
309,2018-11-06T23:00:00,8.8175020068
310,2018-11-07T23:00:00,8.910240253
311,2018-11-08T23:00:00,8.879570497
312,2018-11-09T23:00:00,8.883282156
313,2018-11-10T23:00:00,8.710904601
314,2018-11-11T23:00:00,8.8525563
315,2018-11-12T23:00:00,8.81473514
316,2018-11-13T23:00:00,8.63661754
317,2018-11-14T23:00:00,8.59545426
318,2018-11-15T23:00:00,8.556588
319,2018-11-16T23:00:00,8.411278199999998
320,2018-11-17T23:00:00,8.5073775
321,2018-11-18T23:00:00,8.5005593
322,2018-11-19T23:00:00,8.376641900000001
323,2018-11-20T23:00:00,8.183753
324,2018-11-21T23:00:00,8.020293
325,2018-11-22T23:00:00,7.983693000000001
326,2018-11-23T23:00:00,7.793058000000001
327,2018-11-24T23:00:00,7.522377
328,2018-11-25T23:00:00,7.169711
329,2018-11-26T23:00:00,6.772509999999999
330,2018-11-27T23:00:00,6.129850000000001
331,2018-11-28T23:00:00,5.248840000000001
332,2018-11-29T23:00:00,4.6806600000000005
333,2018-11-30T23:00:00,3.1583999999999994
334,2018-12-01T23:00:00,2.042069999999999
335,2018-12-02T23:00:00,-0.23773000000000089
336,2018-12-03T23:00:00,-2.76192
337,2018-12-04T23:00:00,-5.00224
338,2018-12-05T23:00:00,-9.452890000000002
339,2018-12-06T23:00:00,-13.3137
340,2018-12-07T23:00:00,-16.84386
341,2018-12-08T23:00:00,-19.39585
342,2018-12-09T23:00:00,-26.1704
343,2018-12-10T23:00:00,-22.14161
344,2018-12-11T23:00:00,-27.52089
345,2018-12-12T23:00:00,-37.54086
346,2018-12-13T23:00:00,-38.43489000000001
347,2018-12-14T23:00:00,-41.685649999999995
348,2018-12-15T23:00:00,-41.93314
349,2018-12-16T23:00:00,-51.64178
350,2018-12-17T23:00:00,-56.68244
351,2018-12-18T23:00:00,-55.83146
352,2018-12-19T23:00:00,-52.66369
353,2018-12-20T23:00:00,-56.53633
354,2018-12-21T23:00:00,-52.96057999999999
355,2018-12-22T23:00:00,-57.051190000000005
356,2018-12-23T23:00:00,-59.38543
357,2018-12-24T23:00:00,-57.883919999999996
358,2018-12-25T23:00:00,-56.1122
359,2018-12-26T23:00:00,-54.55613000000001
360,2018-12-27T23:00:00,-56.390950000000004
361,2018-12-28T23:00:00,-57.26334
362,2018-12-29T23:00:00,-60.023669999999996
363,2018-12-30T23:00:00,-56.97199
364,2018-12-31T23:00:00,-59.73785
365,2019-01-01T23:00:00,-59.000249999999994
366,2019-01-02T23:00:00,-56.00943
367,2019-01-03T23:00:00,-53.180930000000004
368,2019-01-04T23:00:00,-52.10098
369,2019-01-05T23:00:00,-54.152469999999994
370,2019-01-06T23:00:00,-60.95105
371,2019-01-07T23:00:00,-57.423739999999995
372,2019-01-08T23:00:00,-48.58586
373,2019-01-09T23:00:00,-58.66588000000001
374,2019-01-10T23:00:00,-57.29319999999999
375,2019-01-11T23:00:00,-58.09901
376,2019-01-12T23:00:00,-57.963170000000005
377,2019-01-13T23:00:00,-54.50158999999999
378,2019-01-14T23:00:00,-56.08937
379,2019-01-15T23:00:00,-51.01047
380,2019-01-16T23:00:00,-53.66932
381,2019-01-17T23:00:00,-63.7592
382,2019-01-18T23:00:00,-56.91242999999999
383,2019-01-19T23:00:00,-53.66923
384,2019-01-20T23:00:00,-46.70247
385,2019-01-21T23:00:00,-46.39829
386,2019-01-22T23:00:00,-50.8974
387,2019-01-23T23:00:00,-41.00486000000001
388,2019-01-24T23:00:00,-34.72145
389,2019-01-25T23:00:00,-27.177809999999997
390,2019-01-26T23:00:00,-34.27601
391,2019-01-27T23:00:00,-24.790660000000003
392,2019-01-28T23:00:00,-23.33275
393,2019-01-29T23:00:00,-22.62645
394,2019-01-30T23:00:00,-19.20906
395,2019-01-31T23:00:00,-18.362560000000002
396,2019-02-01T23:00:00,-17.37246
397,2019-02-02T23:00:00,-15.578269999999998
398,2019-02-03T23:00:00,-14.80097
399,2019-02-04T23:00:00,-15.05277
400,2019-02-05T23:00:00,-15.90606
401,2019-02-06T23:00:00,-14.98062
402,2019-02-07T23:00:00,-13.812269999999998
403,2019-02-08T23:00:00,-13.10718
404,2019-02-09T23:00:00,-13.85107
405,2019-02-10T23:00:00,-13.720479999999998
406,2019-02-11T23:00:00,-10.504400000000002
407,2019-02-12T23:00:00,-10.887209999999998
408,2019-02-13T23:00:00,-9.53907
409,2019-02-14T23:00:00,-9.40028
410,2019-02-15T23:00:00,-7.926090000000002
411,2019-02-16T23:00:00,-9.07767
412,2019-02-17T23:00:00,-8.659010000000002
413,2019-02-18T23:00:00,-6.974070000000001
414,2019-02-19T23:00:00,-6.637410000000001
415,2019-02-20T23:00:00,-7.84088
416,2019-02-21T23:00:00,-8.90541
417,2019-02-22T23:00:00,-7.547009999999999
418,2019-02-23T23:00:00,-8.23148
419,2019-02-24T23:00:00,-9.45814
420,2019-02-25T23:00:00,-10.29189
421,2019-02-26T23:00:00,-7.89073
422,2019-02-27T23:00:00,-6.855170000000001
423,2019-02-28T23:00:00,-5.203809999999999
424,2019-03-01T23:00:00,-4.152909999999999
425,2019-03-02T23:00:00,-2.6923399999999993
426,2019-03-03T23:00:00,-3.35231
427,2019-03-04T23:00:00,-5.222
428,2019-03-05T23:00:00,-4.44775
429,2019-03-06T23:00:00,-3.743609999999999
430,2019-03-07T23:00:00,-2.70315
431,2019-03-08T23:00:00,-1.8743799999999986
432,2019-03-09T23:00:00,-1.2454899999999998
433,2019-03-10T23:00:00,-0.4757500000000001
434,2019-03-11T23:00:00,0.05996999999999986
435,2019-03-12T23:00:00,0.6003400000000005
436,2019-03-13T23:00:00,1.1002
437,2019-03-14T23:00:00,1.51254
438,2019-03-15T23:00:00,1.90621
439,2019-03-16T23:00:00,2.207642
440,2019-03-17T23:00:00,2.4688570000000003
441,2019-03-18T23:00:00,2.6928659999999995
442,2019-03-19T23:00:00,2.8415630000000003
443,2019-03-20T23:00:00,2.9527289999999997
444,2019-03-21T23:00:00,2.9946986
445,2019-03-22T23:00:00,3.00165406
446,2019-03-23T23:00:00,3.104439042
447,2019-03-24T23:00:00,3.1823
448,2019-03-25T23:00:00,3.12975
449,2019-03-26T23:00:00,3.1154
450,2019-03-27T23:00:00,4.66432
451,2019-03-28T23:00:00,4.62953
452,2019-03-29T23:00:00,4.14867
453,2019-03-30T23:00:00,4.4058
454,2019-03-31T23:00:00,4.75597
455,2019-04-01T23:00:00,5.83699
456,2019-04-02T23:00:00,5.22532
457,2019-04-03T23:00:00,5.52654
458,2019-04-04T23:00:00,5.58663
459,2019-04-05T23:00:00,5.05877
460,2019-04-06T23:00:00,5.33556
461,2019-04-07T23:00:00,4.8821699999999995
462,2019-04-08T23:00:00,4.70592
463,2019-04-09T23:00:00,4.788469999999999
464,2019-04-10T23:00:00,4.55248
465,2019-04-11T23:00:00,4.70907421203
466,2019-04-12T23:00:00,4.4787338105400005
467,2019-04-13T23:00:00,4.490706555699999
468,2019-04-14T23:00:00,4.3519466829
469,2019-04-15T23:00:00,4.225126424500001
470,2019-04-16T23:00:00,4.1154556632
471,2019-04-17T23:00:00,3.984725276
472,2019-04-18T23:00:00,3.9278345186999997
473,2019-04-19T23:00:00,4.3790352813
474,2019-04-20T23:00:00,4.751735662300001
475,2019-04-21T23:00:00,5.210299462
476,2019-04-22T23:00:00,5.636237101100001
477,2019-04-23T23:00:00,6.7766881456
478,2019-04-24T23:00:00,7.6408613416
479,2019-04-25T23:00:00,8.096493575199998
480,2019-04-26T23:00:00,8.7318345521
481,2019-04-27T23:00:00,8.89978198
482,2019-04-28T23:00:00,8.918096346
483,2019-04-29T23:00:00,8.640109078
484,2019-04-30T23:00:00,8.4653519
485,2019-05-01T23:00:00,8.26434482
486,2019-05-02T23:00:00,8.052831119999999
487,2019-05-03T23:00:00,7.894311770000001
488,2019-05-04T23:00:00,8.06432814
489,2019-05-05T23:00:00,8.336440399999999
490,2019-05-06T23:00:00,8.528889699999999
491,2019-05-07T23:00:00,8.3551217
492,2019-05-08T23:00:00,8.1436583
493,2019-05-09T23:00:00,7.885363600000001
494,2019-05-10T23:00:00,7.476326
495,2019-05-11T23:00:00,7.186751999999999
496,2019-05-12T23:00:00,7.286155
497,2019-05-13T23:00:00,7.240000000000001
498,2019-05-14T23:00:00,7.074422
499,2019-05-15T23:00:00,6.73358
500,2019-05-16T23:00:00,6.230530000000001
501,2019-05-17T23:00:00,5.60582
502,2019-05-18T23:00:00,4.947900000000001
503,2019-05-19T23:00:00,4.039390000000001
504,2019-05-20T23:00:00,2.677669999999999
505,2019-05-21T23:00:00,0.06932999999999989
506,2019-05-22T23:00:00,-1.5481599999999993
507,2019-05-23T23:00:00,-2.7540400000000016
508,2019-05-24T23:00:00,-5.331789999999999
509,2019-05-25T23:00:00,-8.546600000000002
510,2019-05-26T23:00:00,-12.028950000000002
511,2019-05-27T23:00:00,-15.836079999999999
512,2019-05-28T23:00:00,-18.42228
513,2019-05-29T23:00:00,-24.013709999999996
514,2019-05-30T23:00:00,-30.063109999999998
515,2019-05-31T23:00:00,-33.54331
516,2019-06-01T23:00:00,-34.74062
517,2019-06-02T23:00:00,-34.354040000000005
518,2019-06-03T23:00:00,-40.16454
519,2019-06-04T23:00:00,-33.001270000000005
520,2019-06-05T23:00:00,-34.542159999999996
521,2019-06-06T23:00:00,-38.135650000000005
522,2019-06-07T23:00:00,-53.105149999999995
523,2019-06-08T23:00:00,-52.61048
524,2019-06-09T23:00:00,-24.32851
525,2019-06-10T23:00:00,-20.113439999999997
526,2019-06-11T23:00:00,-41.867340000000006
527,2019-06-12T23:00:00,-37.19073
528,2019-06-13T23:00:00,-53.03119
529,2019-06-14T23:00:00,-31.08286
530,2019-06-15T23:00:00,-31.956120000000002
531,2019-06-16T23:00:00,-57.7151
532,2019-06-17T23:00:00,-59.3925
533,2019-06-18T23:00:00,-38.02497999999999
534,2019-06-19T23:00:00,-54.80235
535,2019-06-20T23:00:00,-41.90377
536,2019-06-21T23:00:00,-25.88998
537,2019-06-22T23:00:00,-52.46939
538,2019-06-23T23:00:00,-58.00289
539,2019-06-24T23:00:00,-44.677780000000006
540,2019-06-25T23:00:00,-40.0909
541,2019-06-26T23:00:00,-46.87208
542,2019-06-27T23:00:00,-38.587430000000005
543,2019-06-28T23:00:00,-31.412049999999997
544,2019-06-29T23:00:00,-55.57828
545,2019-06-30T23:00:00,-50.21186
546,2019-07-01T23:00:00,-49.39487
547,2019-07-02T23:00:00,-51.59556
548,2019-07-03T23:00:00,-32.34588
549,2019-07-04T23:00:00,-40.13538
550,2019-07-05T23:00:00,-40.939550000000004
551,2019-07-06T23:00:00,-31.415480000000002
552,2019-07-07T23:00:00,-30.71828
553,2019-07-08T23:00:00,-28.809209999999997
554,2019-07-09T23:00:00,-28.63657
555,2019-07-10T23:00:00,-22.98153
556,2019-07-11T23:00:00,-27.20484
557,2019-07-12T23:00:00,-24.28229
558,2019-07-13T23:00:00,-21.59377
559,2019-07-14T23:00:00,-21.08306
560,2019-07-15T23:00:00,-19.60753
561,2019-07-16T23:00:00,-15.75001
562,2019-07-17T23:00:00,-16.80413
563,2019-07-18T23:00:00,-18.352469999999997
564,2019-07-19T23:00:00,-16.55622
565,2019-07-20T23:00:00,-15.666050000000002
566,2019-07-21T23:00:00,-17.64187
567,2019-07-22T23:00:00,-14.3671
568,2019-07-23T23:00:00,-13.141109999999998
569,2019-07-24T23:00:00,-11.301359999999999
570,2019-07-25T23:00:00,-11.365260000000001
571,2019-07-26T23:00:00,-10.71567
572,2019-07-27T23:00:00,-11.050019999999998
573,2019-07-28T23:00:00,-10.01134
574,2019-07-29T23:00:00,-9.80473
575,2019-07-30T23:00:00,-10.001249999999999
576,2019-07-31T23:00:00,-14.98842
577,2019-08-01T23:00:00,-27.394660000000002
578,2019-08-02T23:00:00,-18.52842
579,2019-08-03T23:00:00,-15.977800000000002
580,2019-08-04T23:00:00,-13.770839999999998
581,2019-08-05T23:00:00,-11.912749999999999
582,2019-08-06T23:00:00,-9.424570000000001
583,2019-08-07T23:00:00,-8.95169
584,2019-08-08T23:00:00,-9.588499999999998
585,2019-08-09T23:00:00,-6.5174199999999995
586,2019-08-10T23:00:00,-6.0484599999999995
587,2019-08-11T23:00:00,-4.63087
588,2019-08-12T23:00:00,-4.67037
589,2019-08-13T23:00:00,-3.36031
590,2019-08-14T23:00:00,-1.7311999999999994
591,2019-08-15T23:00:00,-1.3555199999999994
592,2019-08-16T23:00:00,-0.5249199999999998
593,2019-08-17T23:00:00,0.00702999999999987
594,2019-08-18T23:00:00,0.91161
595,2019-08-19T23:00:00,1.8081
596,2019-08-20T23:00:00,2.2553300000000003
597,2019-08-21T23:00:00,2.67888
598,2019-08-22T23:00:00,3.023347
599,2019-08-23T23:00:00,3.3903680000000005
600,2019-08-24T23:00:00,4.953407
601,2019-08-25T23:00:00,4.3374485
602,2019-08-26T23:00:00,4.261208
603,2019-08-27T23:00:00,4.25702101
604,2019-08-28T23:00:00,5.148589439
605,2019-08-29T23:00:00,5.0336300000000005
606,2019-08-30T23:00:00,5.11514
607,2019-08-31T23:00:00,5.16495
608,2019-09-01T23:00:00,5.6162
609,2019-09-02T23:00:00,5.77534
610,2019-09-03T23:00:00,5.29795
611,2019-09-04T23:00:00,5.02979
612,2019-09-05T23:00:00,4.7838
613,2019-09-06T23:00:00,4.7922199999999995
614,2019-09-07T23:00:00,4.97395
615,2019-09-08T23:00:00,4.76194
616,2019-09-09T23:00:00,4.64545
617,2019-09-10T23:00:00,6.69168
618,2019-09-11T23:00:00,5.7526
619,2019-09-12T23:00:00,5.41194
620,2019-09-13T23:00:00,5.2467
621,2019-09-14T23:00:00,5.11725
622,2019-09-15T23:00:00,4.99902
623,2019-09-16T23:00:00,4.85496
624,2019-09-17T23:00:00,4.6689300000000005
625,2019-09-18T23:00:00,4.58513
626,2019-09-19T23:00:00,4.46058462219
627,2019-09-20T23:00:00,4.332249226
628,2019-09-21T23:00:00,4.2715176651
629,2019-09-22T23:00:00,4.3328508465999995
630,2019-09-23T23:00:00,4.7195696757
631,2019-09-24T23:00:00,5.211119371900001
632,2019-09-25T23:00:00,5.190328013599999
633,2019-09-26T23:00:00,7.6753901167
634,2019-09-27T23:00:00,6.7424831460000005
635,2019-09-28T23:00:00,6.141993768
636,2019-09-29T23:00:00,5.824997908
637,2019-09-30T23:00:00,6.31572147
638,2019-10-01T23:00:00,8.774994099999999
639,2019-10-02T23:00:00,8.45397292
640,2019-10-03T23:00:00,8.42466486
641,2019-10-04T23:00:00,8.219943240000001
642,2019-10-05T23:00:00,8.307454700000001
643,2019-10-06T23:00:00,8.1112399
644,2019-10-07T23:00:00,7.944519700000001
645,2019-10-08T23:00:00,8.3952965
646,2019-10-09T23:00:00,8.4619989
647,2019-10-10T23:00:00,8.363242000000001
648,2019-10-11T23:00:00,8.311344
649,2019-10-12T23:00:00,8.215813
650,2019-10-13T23:00:00,7.981695
651,2019-10-14T23:00:00,7.771745
652,2019-10-15T23:00:00,7.423421000000001
653,2019-10-16T23:00:00,6.889850000000001
654,2019-10-17T23:00:00,6.42579
655,2019-10-18T23:00:00,5.5506
656,2019-10-19T23:00:00,4.70333
657,2019-10-20T23:00:00,3.2555900000000007
658,2019-10-21T23:00:00,1.2501900000000008
659,2019-10-22T23:00:00,-1.1269899999999993
660,2019-10-23T23:00:00,-3.2164800000000007
661,2019-10-24T23:00:00,-5.60561
662,2019-10-25T23:00:00,-9.129560000000001
663,2019-10-26T23:00:00,-11.26256
664,2019-10-27T23:00:00,-17.666880000000003
665,2019-10-28T23:00:00,-21.485139999999998
666,2019-10-29T23:00:00,-26.452199999999998
667,2019-10-30T23:00:00,-29.19968
668,2019-10-31T23:00:00,-37.94994
669,2019-11-01T23:00:00,-42.837689999999995
670,2019-11-02T23:00:00,-44.40646
671,2019-11-03T23:00:00,-50.39795
672,2019-11-04T23:00:00,-55.826010000000004
673,2019-11-05T23:00:00,-57.54119
674,2019-11-06T23:00:00,-58.9905
675,2019-11-07T23:00:00,-55.784909999999996
676,2019-11-08T23:00:00,-62.42359999999999
677,2019-11-09T23:00:00,-63.36231
678,2019-11-10T23:00:00,-62.039049999999996
679,2019-11-11T23:00:00,-64.49764
680,2019-11-12T23:00:00,-58.951730000000005
681,2019-11-13T23:00:00,-50.76438
682,2019-11-14T23:00:00,-43.59028
683,2019-11-15T23:00:00,-69.19892
684,2019-11-16T23:00:00,-66.96567
685,2019-11-17T23:00:00,-66.06536000000001
686,2019-11-18T23:00:00,-65.12393
687,2019-11-19T23:00:00,-64.29341
688,2019-11-20T23:00:00,-64.92913999999999
689,2019-11-21T23:00:00,-64.36448999999999
690,2019-11-22T23:00:00,-63.778769999999994
691,2019-11-23T23:00:00,-50.6234
692,2019-11-24T23:00:00,-54.26199
693,2019-11-25T23:00:00,-52.45601
694,2019-11-26T23:00:00,-54.43098
695,2019-11-27T23:00:00,-68.02664999999999
696,2019-11-28T23:00:00,-60.88174
697,2019-11-29T23:00:00,-63.38455999999999
698,2019-11-30T23:00:00,-55.79063
699,2019-12-01T23:00:00,-57.38168999999999
700,2019-12-02T23:00:00,-60.16233
701,2019-12-03T23:00:00,-61.98036
702,2019-12-04T23:00:00,-65.99025999999999
703,2019-12-05T23:00:00,-60.55266000000001
704,2019-12-06T23:00:00,-64.20072
705,2019-12-07T23:00:00,-58.2932
706,2019-12-08T23:00:00,-58.474199999999996
707,2019-12-09T23:00:00,-35.386610000000005
708,2019-12-10T23:00:00,-54.877520000000004
709,2019-12-11T23:00:00,-63.81488
710,2019-12-12T23:00:00,-62.3329
711,2019-12-13T23:00:00,-65.91445999999999
712,2019-12-14T23:00:00,-54.19455
713,2019-12-15T23:00:00,-64.30628
714,2019-12-16T23:00:00,-70.70018000000002
715,2019-12-17T23:00:00,-66.63498
716,2019-12-18T23:00:00,-71.82369
717,2019-12-19T23:00:00,-70.0317
718,2019-12-20T23:00:00,-64.09715
719,2019-12-21T23:00:00,-57.526559999999996
720,2019-12-22T23:00:00,-56.60676
721,2019-12-23T23:00:00,-67.16468
722,2019-12-24T23:00:00,-64.42348
723,2019-12-25T23:00:00,-65.43023000000001
724,2019-12-26T23:00:00,-69.03009999999999
725,2019-12-27T23:00:00,-66.09848
726,2019-12-28T23:00:00,-68.8604
727,2019-12-29T23:00:00,-69.67131
728,2019-12-30T23:00:00,-66.86395
729,2019-12-31T23:00:00,-64.57365999999999
730,2020-01-01T23:00:00,-68.2543
731,2020-01-02T23:00:00,-68.27001
732,2020-01-03T23:00:00,-68.34440000000001
733,2020-01-04T23:00:00,-68.44318
734,2020-01-05T23:00:00,-70.55437
735,2020-01-06T23:00:00,-66.93257
736,2020-01-07T23:00:00,-62.31339
737,2020-01-08T23:00:00,-65.3702
738,2020-01-09T23:00:00,-69.0254
739,2020-01-10T23:00:00,-68.65354
740,2020-01-11T23:00:00,-78.87944999999999
741,2020-01-12T23:00:00,-74.05693000000001
742,2020-01-13T23:00:00,-53.91141
743,2020-01-14T23:00:00,-72.73581
744,2020-01-15T23:00:00,-81.85421000000001
745,2020-01-16T23:00:00,-74.56030999999999
746,2020-01-17T23:00:00,-79.07495
747,2020-01-18T23:00:00,-86.07285
748,2020-01-19T23:00:00,-75.50144
749,2020-01-20T23:00:00,-77.30489
750,2020-01-21T23:00:00,-75.49103000000001
751,2020-01-22T23:00:00,-77.1949
752,2020-01-23T23:00:00,-64.22981
753,2020-01-24T23:00:00,-62.96154
754,2020-01-25T23:00:00,-55.04627
755,2020-01-26T23:00:00,-42.74261
756,2020-01-27T23:00:00,-57.06767
757,2020-01-28T23:00:00,-64.39621
758,2020-01-29T23:00:00,-74.09166
759,2020-01-30T23:00:00,-73.24747
760,2020-01-31T23:00:00,-83.29416
761,2020-02-01T23:00:00,-74.13074999999999
762,2020-02-02T23:00:00,-70.32389
763,2020-02-03T23:00:00,-85.85757
764,2020-02-04T23:00:00,-89.58485
765,2020-02-05T23:00:00,-82.14477
766,2020-02-06T23:00:00,-85.29012
767,2020-02-07T23:00:00,-82.78499000000002
768,2020-02-08T23:00:00,-82.05189
769,2020-02-09T23:00:00,-81.35235
770,2020-02-10T23:00:00,-79.37918
771,2020-02-11T23:00:00,-79.53667
772,2020-02-12T23:00:00,-83.96462
773,2020-02-13T23:00:00,-83.76746
774,2020-02-14T23:00:00,-75.26577
775,2020-02-15T23:00:00,-82.0803
776,2020-02-16T23:00:00,-74.81894
777,2020-02-17T23:00:00,-85.54270999999999
778,2020-02-18T23:00:00,-63.99935
779,2020-02-19T23:00:00,-85.70176000000001
780,2020-02-20T23:00:00,-96.92141000000001
781,2020-02-21T23:00:00,-91.75491999999998
782,2020-02-22T23:00:00,-82.35762
783,2020-02-23T23:00:00,-73.72466000000001
784,2020-02-24T23:00:00,-93.50505000000001
785,2020-02-25T23:00:00,-83.38625
786,2020-02-26T23:00:00,-84.09281
787,2020-02-27T23:00:00,-103.46018000000002
788,2020-02-28T23:00:00,-89.87419
789,2020-02-29T23:00:00,-70.25710000000001
790,2020-03-01T23:00:00,-99.84100000000001
791,2020-03-02T23:00:00,-74.08815
792,2020-03-03T23:00:00,-92.7286
793,2020-03-04T23:00:00,-102.91921
794,2020-03-05T23:00:00,-64.81395
795,2020-03-06T23:00:00,-97.46929000000002
796,2020-03-07T23:00:00,-106.87383999999999
797,2020-03-08T23:00:00,-87.58918
798,2020-03-09T23:00:00,-80.72665
799,2020-03-10T23:00:00,-84.71747
800,2020-03-11T23:00:00,-96.7692
801,2020-03-12T23:00:00,-82.95830999999998
802,2020-03-13T23:00:00,-98.61862
803,2020-03-14T23:00:00,-96.23392999999999
804,2020-03-15T23:00:00,-97.59132
805,2020-03-16T23:00:00,-107.53769999999999
806,2020-03-17T23:00:00,-92.78152000000001
807,2020-03-18T23:00:00,-95.73812
808,2020-03-19T23:00:00,-88.86734
809,2020-03-20T23:00:00,-91.58639
810,2020-03-21T23:00:00,-91.67836999999999
811,2020-03-22T23:00:00,-96.57141000000001
812,2020-03-23T23:00:00,-95.87136000000002
813,2020-03-24T23:00:00,-89.2439
814,2020-03-25T23:00:00,-96.05445
815,2020-03-26T23:00:00,-95.40136000000001
816,2020-03-27T23:00:00,-77.91972
817,2020-03-28T23:00:00,-83.10073
818,2020-03-29T23:00:00,-87.519
819,2020-03-30T23:00:00,-81.91498
820,2020-03-31T23:00:00,-85.94404999999999
821,2020-04-01T23:00:00,-87.38557
822,2020-04-02T23:00:00,-80.24308
823,2020-04-03T23:00:00,-80.84438
824,2020-04-04T23:00:00,-76.53344
825,2020-04-05T23:00:00,-73.80193
826,2020-04-06T23:00:00,-67.84177000000001
827,2020-04-07T23:00:00,-64.31258000000001
828,2020-04-08T23:00:00,-67.45944
829,2020-04-09T23:00:00,-58.79145
830,2020-04-10T23:00:00,-53.74982
831,2020-04-11T23:00:00,-53.15154
832,2020-04-12T23:00:00,-43.92773
833,2020-04-13T23:00:00,-36.846639999999994
834,2020-04-14T23:00:00,-33.86317
835,2020-04-15T23:00:00,-29.3388
836,2020-04-16T23:00:00,-24.025470000000002
837,2020-04-17T23:00:00,-19.41659
838,2020-04-18T23:00:00,-9.95591
839,2020-04-19T23:00:00,-5.1247000000000025
840,2020-04-20T23:00:00,-0.588610000000001
841,2020-04-21T23:00:00,2.3655299999999997
842,2020-04-22T23:00:00,4.558799999999999
843,2020-04-23T23:00:00,6.627180000000001
844,2020-04-24T23:00:00,7.782260000000001
845,2020-04-25T23:00:00,8.95378
846,2020-04-26T23:00:00,11.106885
847,2020-04-27T23:00:00,11.524284
848,2020-04-28T23:00:00,11.073584
849,2020-04-29T23:00:00,11.2581317
850,2020-04-30T23:00:00,12.03431347
851,2020-05-01T23:00:00,12.871907968
852,2020-05-02T23:00:00,12.212
853,2020-05-03T23:00:00,12.708
854,2020-05-04T23:00:00,13.5069
855,2020-05-05T23:00:00,13.5648
856,2020-05-06T23:00:00,12.2641
857,2020-05-07T23:00:00,12.8808
858,2020-05-08T23:00:00,12.5153
859,2020-05-09T23:00:00,12.8656
860,2020-05-10T23:00:00,11.8881
861,2020-05-11T23:00:00,12.8402
862,2020-05-12T23:00:00,12.8571
863,2020-05-13T23:00:00,13.0095
864,2020-05-14T23:00:00,13.4557
865,2020-05-15T23:00:00,12.6942
866,2020-05-16T23:00:00,12.648
867,2020-05-17T23:00:00,12.5237
868,2020-05-18T23:00:00,12.1611
869,2020-05-19T23:00:00,12.5997
870,2020-05-20T23:00:00,12.8259
871,2020-05-21T23:00:00,12.8359
872,2020-05-22T23:00:00,12.3838
873,2020-05-23T23:00:00,12.3987
874,2020-05-24T23:00:00,12.6045896319
875,2020-05-25T23:00:00,12.4871784688
876,2020-05-26T23:00:00,12.817257784999999
877,2020-05-27T23:00:00,12.889716649299999
878,2020-05-28T23:00:00,12.717141699999999
879,2020-05-29T23:00:00,12.576725785
880,2020-05-30T23:00:00,12.092395914
881,2020-05-31T23:00:00,11.988854121000001
882,2020-06-01T23:00:00,12.00949293
883,2020-06-02T23:00:00,11.71237684
884,2020-06-03T23:00:00,11.624346570000002
885,2020-06-04T23:00:00,11.692678659999999
886,2020-06-05T23:00:00,11.427956
887,2020-06-06T23:00:00,11.8645734
888,2020-06-07T23:00:00,11.8955866
889,2020-06-08T23:00:00,11.1696814
890,2020-06-09T23:00:00,10.88065
891,2020-06-10T23:00:00,10.870598
892,2020-06-11T23:00:00,10.962832
893,2020-06-12T23:00:00,10.544108000000001
894,2020-06-13T23:00:00,10.191946999999999
895,2020-06-14T23:00:00,9.654325
896,2020-06-15T23:00:00,9.21721
897,2020-06-16T23:00:00,8.91142
898,2020-06-17T23:00:00,8.06996
899,2020-06-18T23:00:00,7.00305
900,2020-06-19T23:00:00,5.46425
901,2020-06-20T23:00:00,3.8648300000000004
902,2020-06-21T23:00:00,2.2700699999999987
903,2020-06-22T23:00:00,-1.859
904,2020-06-23T23:00:00,-6.820100000000002
905,2020-06-24T23:00:00,-11.423699999999998
906,2020-06-25T23:00:00,-17.683600000000002
907,2020-06-26T23:00:00,-23.345480000000002
908,2020-06-27T23:00:00,-29.615119999999997
909,2020-06-28T23:00:00,-35.49697
910,2020-06-29T23:00:00,-41.104169999999996
911,2020-06-30T23:00:00,-42.05908
912,2020-07-01T23:00:00,-38.15898
