date,nee.osv,h.osv,le.osv,temp.avg.osv,temp.min.osv,temp.max.osv,precip.osv,rg.osv,swc.1.osv,swc.2.osv,swc.3.osv,ts.1.osv,ts.2.osv,ts.3.osv
22/04/2023,0.647222911,7.878259234,54.44869248,18.06161702,16.81,19.594,17.05531915,NA,0.33940066,0.230468809,0.280560298,24.99389362,24.41125532,22.6996383
23/04/2023,-2.594173333,30.00660033,108.8631858,19.18964583,15.333,23.636,0,NA,0.339278479,0.218047188,0.319820833,25.04654167,22.949125,22.51629167
24/04/2023,-3.38659517,33.04485502,99.95466538,20.1343617,17.323,24.314,0,NA,0.336112702,0.214410638,0.295267426,24.9,23.62312766,24.0157234
25/04/2023,-2.198122875,23.74424142,90.89672048,18.91864583,15.945,22.833,5.1,NA,0.33582575,0.214142375,0.281593104,24.9,23.90160417,23.32520833
26/04/2023,0.724715708,13.27426656,66.041265,18.5533125,16.407,22.86,35,NA,0.336408292,0.250446542,0.348877083,24.9,23.38425,22.5985625
27/04/2023,-2.789326063,22.08970711,98.29192031,19.05835417,15.697,23.061,0.1,NA,0.337065354,0.332974979,0.342011813,24.84083333,22.8795,22.21966667
28/04/2023,-1.528615063,9.898989171,55.03810958,17.8461875,16.687,20.076,11.7,NA,0.338071479,0.343016708,0.3400785,24.7,22.71922917,21.64735417
29/04/2023,-2.507290362,17.91698232,68.21212183,18.04191489,15.505,21.489,0,NA,0.33638934,0.378636872,0.349832617,24.54914894,22.0883617,21.12819149
30/04/2023,-1.262813404,20.47722282,96.80574871,18.660125,16.793,22.474,14.3,NA,0.334453438,0.385497208,0.351389563,24.3116875,22.317125,22.033625
01/05/2023,-5.525880261,21.75305183,70.26888179,18.0178125,16.165,20.283,22.6,NA,0.337633313,0.450878521,0.363473604,24.020625,22.41614583,21.88877083
02/05/2023,-2.257498689,24.06925031,91.7207445,18.541,14.621,22.182,0.6,NA,NA,0.426417354,0.340815917,23.9,22.32064583,22.020375
03/05/2023,-2.209605479,23.28593294,72.93442792,18.26514583,16.542,21.519,0.1,NA,NA,0.415315938,0.326954833,23.9,22.45595833,22.0316875
04/05/2023,-3.11891937,28.48622687,90.80890776,18.61487234,15.124,23.358,0,NA,0.384822,0.408205255,0.313232404,23.899,22.67761702,22.78676596
05/05/2023,-1.793034463,28.7637235,94.70563588,18.66897917,14.483,23.521,0,NA,0.384619815,0.40183125,0.295740313,23.899,23.12575,23.20254167
06/05/2023,-1.469015833,29.16920598,87.58937896,18.86385417,15.231,23.423,0,NA,0.384813267,0.395255542,0.2773035,23.9,23.38477083,23.26860417
07/05/2023,-2.653525604,30.38167009,85.20332696,18.78858333,15.605,23.073,0,NA,0.38497915,0.388511125,0.262616042,24.09020833,23.65595833,23.959125
08/05/2023,-2.782099167,26.10937729,79.83997674,19.0858125,15.801,23.443,0,NA,0.384026396,0.380827771,0.250097917,24.20391667,23.9905,24.05654167
09/05/2023,-1.138445375,19.88508712,62.292645,18.16904167,16.241,21.579,0.1,NA,0.383674333,0.374366667,0.238406229,24.3754375,23.71564583,22.94110417
10/05/2023,-3.395220646,24.84774208,73.98871248,18.558,16.061,22.683,0,NA,0.383429854,0.365160438,0.229582646,24.4,23.33272917,23.02279167
11/05/2023,-3.306190833,19.32082563,53.41849221,18.14697917,15.101,22.147,0,NA,0.383352104,0.3547785,0.2185035,24.4,23.24472917,22.488125
12/05/2023,-3.768464938,32.01950531,71.3336925,18.06102083,14.02,23.32,0,NA,0.382889813,0.343277,0.210806125,24.36454167,23.04654167,22.8728125
13/05/2023,-3.753013729,27.39969881,73.30569513,19.241625,15.48,24.248,0,NA,0.382147875,0.328731229,0.201640938,24.20770833,23.55597917,23.68525
14/05/2023,-3.530554681,34.99160979,73.76823647,19.22912766,16.329,24.042,0,NA,0.381883,0.310780872,0.193274489,24.35276596,23.98431915,24.15161702
15/05/2023,-3.308330625,28.4667295,60.8555984,18.5895,14.765,23.401,0,NA,0.381132646,0.292450021,0.185456313,24.40666667,24.1005625,23.91764583
16/05/2023,-3.886591638,29.92061694,61.47248383,18.60193617,14.349,23.735,0,NA,0.380991426,0.277598617,0.179428362,24.63829787,24.05446809,23.77770213
17/05/2023,-4.199920083,27.735292,60.59435692,19.06660417,15.983,23.059,0,NA,0.380161792,0.259979146,0.174823646,24.7,24.13825,24.08383333
18/05/2023,-3.973970563,28.03658333,51.86307458,18.29320833,13.914,22.885,0,NA,0.37984725,0.238109708,0.170384771,24.7,24.14758333,23.83889583
19/05/2023,-3.123453896,25.27457396,49.55701463,18.374875,14.627,23.802,0,NA,0.379961104,0.222421542,0.166788917,24.70029167,23.97916667,23.59191667
20/05/2023,-3.850862,39.98044097,74.53235139,19.40935417,13.126,26.121,0,NA,0.379483375,0.208484729,0.163008333,24.70058333,24.11841667,24.40920833
21/05/2023,-2.936249721,47.55258896,62.59480121,19.27408333,13.296,24.697,0,NA,0.3783625,0.196086854,0.158043729,24.7969375,24.6815,24.85466667
22/05/2023,-1.991405957,41.57245213,62.74676687,19.83342553,15.968,25.448,0,NA,0.377091447,0.187174468,0.155067383,24.9,25.13006383,25.69987234
23/05/2023,-2.452842792,45.04276529,58.40004513,19.77970833,16.039,24.785,0,NA,0.376512583,0.179252854,0.150890938,25.04639583,25.48058333,25.8911875
24/05/2023,-2.738191485,50.0158029,55.05640969,18.9878125,14.958,23.772,0,NA,0.376780521,0.174530563,0.147039583,25.28958333,25.62154167,25.692625
25/05/2023,-2.158418208,57.23545221,58.9324585,19.10935417,14.577,23.869,0,NA,0.375317375,0.170475729,0.144236083,25.40322917,25.64177083,25.92716667
26/05/2023,-1.133907622,40.84108756,39.21327131,18.00063043,14.1,22.593,0,NA,0.374695761,0.167516609,0.139572435,25.5731087,25.68876087,25.22984783
27/05/2023,-1.598761468,27.09385319,31.09482048,16.6354375,12.718,21.045,0.3,NA,0.374718104,0.165008375,0.1356715,25.6,25.03785417,23.78295833
28/05/2023,-1.4199415,52.88434585,47.24665731,17.50116667,14.023,22.45,0.1,NA,0.373520146,0.162584771,0.132839583,25.6,24.41320833,23.817875
29/05/2023,0.155596787,26.13547323,59.49705938,16.5326875,14.068,19.748,2.6,NA,0.371980542,0.162643708,0.129611813,25.5331875,24.14216667,22.44920833
30/05/2023,-0.833536329,29.66892854,37.27583583,17.25722917,13.761,20.815,0,NA,0.371722917,0.164875667,0.127937521,25.3825,23.2585,21.96908333
31/05/2023,-1.172823458,46.78258274,36.01845681,18.1921875,15.48,23.031,0,165.3650893,0.37060075,0.164911833,0.127445875,25.08854167,23.24004167,22.91729167
01/06/2023,-0.468508271,63.10636106,41.36879396,19.10395833,14.833,24.043,0,252.1772647,0.368764521,0.164156938,0.128681896,24.90097917,23.78489583,24.19902083
02/06/2023,1.519507069,52.66930765,70.5591539,19.108375,15.584,23.989,2.6,273.0846067,0.367952083,0.163917375,0.127872208,24.9,24.4011875,24.2286875
03/06/2023,-0.580232313,40.24952592,33.92457258,18.00385417,14.686,22.032,0,69.77948,0.367679229,0.16220275,0.125034688,24.94941667,24.0708125,23.271375
04/06/2023,-0.487119667,48.5542925,25.86897171,17.65804167,13.893,22.83,0,199.4673385,0.366744417,0.160031896,0.124157667,24.93858333,23.50804167,22.89745833
05/06/2023,-0.461700208,63.0873874,32.7464265,19.151125,14.114,24.665,0,306.0276383,0.364671542,0.160659,0.125924979,24.9,23.96783333,24.5734375
06/06/2023,-0.412757033,47.39484856,25.83819804,18.82566667,15.246,23.877,0.2,200.9633714,0.364318063,0.159491625,0.125195771,24.9,24.62325,24.57827083
07/06/2023,-0.617163667,70.24537785,33.92224425,18.95079167,13.437,24.912,0,360.3519167,0.363203458,0.158349938,0.124499208,25.04147917,24.6705,25.02704167
08/06/2023,-0.031718163,61.8639664,25.94191065,19.35622917,12.314,26.039,0,365.9479824,0.362103438,0.157120896,0.123878396,25.10020833,25.173875,25.54079167
09/06/2023,-0.194558875,52.73057892,13.15418808,18.78770833,15.88,23.801,0,229.6349615,0.360461104,0.156884708,0.121691625,25.33166667,25.56922917,25.37220833
10/06/2023,-0.365687748,58.31215735,15.85755944,18.29933333,13.625,24.316,0,251.44168,0.360287583,0.155327729,0.119589625,25.5156875,25.12497917,24.94229167
11/06/2023,-0.56500644,70.7535094,25.67778653,19.58770833,14.985,24.609,0,351.3917059,0.360701396,0.155112458,0.119270875,25.6,25.60683333,26.21597917
12/06/2023,-0.002468553,62.38794747,27.29581798,19.64338298,14.916,24.476,0.204255319,241.6040406,0.359112766,0.155274489,0.118007809,25.66510638,26.11106383,26.56146809
13/06/2023,-0.214080169,58.10116027,12.22967714,17.84072917,13.519,22.291,0,190.263558,0.358395146,0.153455542,0.115115938,25.9,26.08064583,25.8975625
14/06/2023,0.168676388,38.03126461,15.88997465,18.80566667,14.979,25.013,0,245.0552889,0.358270146,0.152145146,0.113269438,26.04125,25.84964583,25.4733125
15/06/2023,-0.331857298,46.83581276,13.23468761,17.89446809,14.885,21.546,0,141.3783667,0.357790021,0.151504255,0.110648277,26.18957447,25.36248936,24.93902128
16/06/2023,-0.030258852,42.11269167,9.203410223,18.5400625,14.653,23.946,0,188.5644818,0.359094438,0.151811104,0.109088854,25.95395833,25.185875,25.00722917
17/06/2023,0.18756735,26.39287444,4.67113053,16.826125,14.586,19.369,0,54.06803333,0.358362479,0.150259063,0.106338896,25.9,24.74554167,23.27008333
18/06/2023,-0.212784025,38.92546354,10.20359127,17.376375,13.353,22.42,0,172.23637,0.356479833,0.148524979,0.10506325,25.80333333,23.79802083,23.00622917
19/06/2023,-0.040369456,56.7226859,9.434412838,17.84489583,12.974,22.965,0,224.3715714,0.356340292,0.148205625,0.10511809,25.55585417,24.0485625,24.07414583
20/06/2023,-0.27526625,52.5023821,6.604376281,18.42052083,14.648,22.697,0,138.1813471,0.355456896,0.148661875,0.105272958,25.4,24.64339583,24.82872917
21/06/2023,-0.124982566,38.55901505,4.582098523,17.82504444,15.909,20.93,0,191.656682,0.356001489,0.1483514,0.103197778,25.39833333,24.63548889,24.0114
22/06/2023,-0.161930077,37.89533217,6.75841325,17.10552083,14.771,20.052,0,117.71066,0.355913896,0.148293708,0.101830552,25.4,23.998875,23.08383333
23/06/2023,-0.168592157,45.55192467,5.555472542,16.86997917,15.437,18.651,0,61.62432571,0.354320167,0.147766667,0.100765252,25.39541667,23.69289583,22.89960417
24/06/2023,-0.146997042,41.33599938,9.473588652,17.71604167,14.228,22.799,0,198.4669,0.353759042,0.147156271,0.100814565,25.12583333,23.57402083,23.293375
25/06/2023,-0.149268354,58.36523529,12.47868574,18.16064583,13.409,24.209,0,249.2748707,0.354334021,0.147113188,0.101539621,25.09722917,23.8789375,24.13958333
26/06/2023,-0.137356021,36.48104715,3.687024581,16.67145833,13.496,21.314,0,115.1999844,0.353371458,0.146790292,0.099566675,25.07929167,24.14295833,23.43033333
27/06/2023,0.045124904,31.26809646,3.187335733,16.59075,13.909,20.482,0,94.91048,0.353701396,0.145134125,0.0984764,25.09875,23.5931875,22.635875
28/06/2023,0.117525344,43.25813146,7.096019188,17.32795833,12.337,22.773,0,236.0908182,0.354157646,0.144549292,0.098134019,24.934875,23.18560417,22.96154167
29/06/2023,-0.121448104,40.23003792,4.064433229,16.3421875,13.535,19.664,0,114.412731,0.354513875,0.145076375,0.096912502,24.9,23.45570833,22.87995833
30/06/2023,-0.082891354,40.47286396,5.081473092,17.49902083,14.715,21.099,0,109.4048438,0.35226525,0.144698646,0.096846542,24.85841667,23.34216667,23.08058333
01/07/2023,0.055091294,34.03969963,4.282918106,17.09160417,14.496,20.392,0,26.13132,0.351409063,0.144638896,0.095929863,24.7026875,23.24352083,22.54735417
02/07/2023,-0.089579219,35.52889702,5.953791698,16.911875,14.711,19.945,0,85.0538,0.351991729,0.143502125,0.09530764,24.7,22.94095833,22.32070833
03/07/2023,-0.011230409,28.2535736,4.7399483,17.14410417,13.457,21.055,0,61.39194667,0.351988875,0.142200042,0.094132633,24.64416667,22.62225,21.8103125
04/07/2023,-0.207251644,47.07616763,4.913289373,16.5005625,13.967,19.815,0,167.1146344,0.351295896,0.141924958,0.094351385,24.4,22.52460417,21.99075
05/07/2023,-0.158587654,38.27516026,5.435691857,15.26651429,12.426,18.936,0,12.182875,0.349889543,0.140847543,0.091490477,24.37885714,22.15028571,20.69977143
06/07/2023,-0.3501258,52.52408217,3.401246285,18.05764,15.835,19.509,0,95.6315,0.34935732,0.14148472,0.094357776,24.07244,21.9892,22.82652
07/07/2023,-0.244842496,38.14980471,3.549968273,16.22908333,14.205,18.338,0,100.5588167,0.351558354,0.140658354,0.093120135,23.90145833,22.00577083,21.20845833
08/07/2023,-0.227501673,45.76867335,4.358610375,16.25775,12.365,20.808,0,159.0215725,0.351160396,0.141643042,0.093122919,23.89414583,21.97520833,21.80941667
09/07/2023,-0.385279502,62.47877685,6.990751063,16.7728125,11.201,23.563,0,248.1138125,0.349879188,0.141733354,0.093709742,23.726375,22.3950625,22.81935417
10/07/2023,0.142297638,66.54279708,13.94941979,18.69414583,10.526,26.258,0,315.3078312,0.349961771,0.142949396,0.095084017,23.80364583,23.4288125,24.44316667
11/07/2023,-0.368015175,70.2142145,4.773045167,18.72854167,13.047,25.434,0,289.7096118,0.349986063,0.143860438,0.095359033,24.00854167,24.45839583,25.30672917
12/07/2023,-0.298108628,53.65205517,2.420616333,16.82085417,13.68,20.287,0,189.5511636,0.351423625,0.143616667,0.093225004,24.32708333,24.55785417,24.0720625
13/07/2023,-0.152781671,42.68002396,3.9934615,16.93177083,12.667,20.859,0,192.6995375,0.352518,0.14246875,0.091219446,24.63041667,23.76708333,22.99370833
14/07/2023,-0.300153827,65.44025102,5.208800983,18.07570833,13.391,23.37,0,212.7694994,0.352539625,0.141973646,0.092028479,24.7,23.74285417,24.10633333
15/07/2023,-0.213136993,50.82045842,3.600792375,17.13008333,12.581,22.485,0,132.9099863,0.352558313,0.14159725,0.09187014,24.7,24.0139375,23.80910417
16/07/2023,-0.257464762,47.57966027,3.748129533,16.51620833,12.526,20.623,0,203.15679,0.352461063,0.140718063,0.090642363,24.7,23.8344375,23.41710417
17/07/2023,0.015402024,25.91962269,2.629151792,15.85635417,11.927,19.803,0,67.6549,0.351993063,0.139575688,0.08838819,24.7,23.23947917,21.93260417
18/07/2023,-0.016281083,48.38624096,5.048525208,16.3076875,12.248,21.51,0,91.40406875,0.349623583,0.139518729,0.089305552,24.63875,22.62410417,22.00204167
19/07/2023,-0.092497202,32.37937998,1.829373808,16.74254167,12.407,21.445,0,65.78089231,0.349858375,0.139384063,0.088417369,24.4,22.61245833,21.99433333
20/07/2023,-0.507627246,74.07423271,9.600620083,18.8194375,12.138,25.914,0,312.2287471,0.349434688,0.13995275,0.090347921,24.27270833,23.10904167,24.20575
21/07/2023,-0.575021754,75.85965138,7.249809146,18.53270833,13.183,24.255,0,317.91795,0.34853125,0.140947229,0.091256248,24.30322917,24.612,25.48429167
22/07/2023,-0.141016479,45.146589,1.186076833,17.8510625,14.488,22.474,0,64.00795267,0.349635417,0.140992417,0.089204173,24.585,24.69445833,24.31208333
23/07/2023,-0.192753215,48.84817854,3.796878229,17.6249375,14.847,21.876,0,183.77623,0.349,0.140714542,0.087638888,24.7895,24.15389583,23.68227083
24/07/2023,0.18573944,34.5622245,4.062378329,17.3805,13.129,21.379,0,87.99448333,0.348999313,0.139707604,0.086674998,24.8855,23.6353125,22.8955
25/07/2023,-0.452251341,53.96183042,2.173368333,18.01325,15.604,22.061,0,164.1166091,0.349,0.139166583,0.088186113,24.71497917,23.69160417,23.70877083
26/07/2023,-1.610545777,39.24187213,8.042131443,16.767875,14.221,22.159,0,164.79628,0.349,0.138279271,0.087324302,24.7,23.4653125,22.71785417
27/07/2023,-0.423289827,38.37046973,4.547573563,16.96397917,12.305,21.475,0,97.1178,0.3496125,0.137975729,0.08599236,24.7,23.08627083,22.5613125
28/07/2023,-0.38693459,52.26725498,1.664369852,16.7824375,14.6,20.272,0,100.0814436,0.348090917,0.138093042,0.087443756,24.64083333,23.22604167,22.88320833
29/07/2023,0.344562468,41.46110921,5.531782875,16.6664375,13.595,21.407,0,84.46176667,0.346241667,0.138025021,0.08650694,24.40791667,23.10785417,22.780375
30/07/2023,-0.966812938,68.41219579,2.280566792,17.7510625,12.736,24.262,0,309.8307923,0.347064625,0.138257604,0.087889583,24.4,23.32220833,24.02420833
31/07/2023,-0.864126789,85.75703792,5.309064773,18.63352083,12.907,25.688,0,320.3987063,0.3481785,0.139213896,0.088820827,24.4,24.43164583,25.58941667
01/08/2023,-0.397827577,56.45962779,2.373474471,17.262,14.019,21.612,0,108.0952538,0.347631292,0.139584729,0.087081252,24.63125,24.7788125,24.3178125
02/08/2023,-0.368904275,54.55348688,7.127565815,17.02785417,13.911,20.317,0.1,245.2215714,0.348478479,0.139268042,0.085699996,24.83877083,24.0385,23.34177083
03/08/2023,0.272649273,3.313057145,-0.346999273,15.77554545,15.4,16.353,0,NA,0.348287909,0.138657545,0.085687873,24.89936364,23.99236364,22.13845455
04/08/2023,NA,NA,NA,NA,Inf,#NAME?,NA,NA,NA,NA,NA,NA,NA,NA
05/08/2023,NA,NA,NA,NA,Inf,#NAME?,NA,NA,NA,NA,NA,NA,NA,NA
06/08/2023,NA,NA,NA,NA,Inf,#NAME?,NA,NA,NA,NA,NA,NA,NA,NA
07/08/2023,NA,NA,NA,NA,Inf,#NAME?,NA,NA,NA,NA,NA,NA,NA,NA
08/08/2023,0.456827525,-11.60765583,-4.581766417,19.18546667,16.098,22.773,0,NA,0.3468466,0.137555533,0.08727556,24.34973333,24.4576,25.916
09/08/2023,0.621399106,26.6774775,26.99489598,16.30152083,14.345,19.474,1.5,99.71858625,0.346433333,0.135685396,0.082738198,24.4,23.50427083,22.26297917
10/08/2023,-0.105830106,44.03642662,12.81514053,17.408,14.541,21.896,0,NA,0.346639563,0.134875375,0.082592706,24.4,22.521,22.02966667
11/08/2023,-0.214803306,43.35987148,5.068988875,17.2586875,13.47,21.836,0,NA,0.347154167,0.134964521,0.084761106,24.27791667,22.73779167,22.59308333
12/08/2023,-0.234605034,50.66853911,4.236666368,16.43204255,11.829,22.031,0,NA,0.347674511,0.135600745,0.085485813,24.2,22.82761702,22.84885106
13/08/2023,-0.416907794,74.72466173,5.166141771,17.56810417,11.74,23.439,0,NA,0.345124917,0.136506958,0.086797923,24.2,23.48908333,24.6825
14/08/2023,-0.485907094,73.5851988,3.095479938,18.22675,12.316,24.093,0,NA,0.344394479,0.136777771,0.08688611,24.21935417,24.26489583,25.21720833
15/08/2023,-0.489359481,80.38633973,0.70371125,19.11425,13.956,24.685,0,NA,0.346938208,0.137813208,0.086930558,24.40058333,24.99252083,26.32433333
16/08/2023,-0.570065523,67.57677424,3.662288146,18.74364583,15.676,22.93,0,NA,0.347725688,0.137822208,0.08579236,24.70177083,25.34041667,25.6505
17/08/2023,-0.355388021,55.17375329,1.810393979,18.18716667,14.993,22.602,0,NA,0.346651396,0.136536125,0.084290973,24.89985417,24.927625,24.84758333
18/08/2023,-0.823577994,86.74160294,4.678356794,17.98954167,14.351,23.52,0,NA,0.346015979,0.136590229,0.084225694,24.94539583,24.78404167,25.5409375
19/08/2023,-0.596286748,87.12684527,4.750869538,18.83910417,13.732,25.125,0,NA,0.346033354,0.138116688,0.085239581,25.06479167,25.67472917,27.36039583
20/08/2023,-0.585297548,86.80261715,8.798878479,19.24627083,12.044,25.809,0,NA,0.346992313,0.139154188,0.08490486,25.270625,26.3458125,27.44260417
21/08/2023,-0.803501425,92.61122281,3.473368208,19.13147917,12.717,24.831,0,NA,0.348833292,0.138854813,0.083459027,25.52777083,26.53060417,27.309375
22/08/2023,-0.490998015,89.49477062,4.057023702,20.0821875,15.128,25.935,0,NA,0.348527813,0.138995167,0.084407642,25.75354167,27.1993125,29.013875
23/08/2023,-0.360827128,58.55415758,0.0417905,18.24192857,12.746,24.9,0,278.2914385,0.348756357,0.139318429,0.08196089,26.05819048,27.57669048,27.73964286
24/08/2023,-0.671146413,80.08612604,2.344793043,18.12525,13.515,24.141,0,286.1716824,0.349011104,0.137926354,0.081235017,26.33029167,27.15308333,27.83108333
25/08/2023,-0.710274119,100.033285,3.207774021,18.431375,12.481,24.749,0,339.2560222,0.349,0.138002792,0.080852779,26.4,27.22595833,28.07689583
26/08/2023,-0.779392227,94.35559938,4.504466354,19.72879167,14.787,25.964,0,370.3865706,0.349,0.138470167,0.080143048,26.57958333,27.6986875,29.079375
27/08/2023,-0.597913727,71.73066188,3.995291063,19.4253125,14.237,26.093,0,348.3735,0.349001396,0.138778438,0.079252081,26.73416667,27.91979167,28.64285417
28/08/2023,-0.643276068,67.33404017,-0.658752251,18.37739583,14.17,23.006,0,204.7322467,0.348955583,0.137957646,0.077292363,26.89747917,27.44202083,27.07075
29/08/2023,-0.61786754,62.06301965,1.885075896,18.07752083,13.665,22.525,0,203.2066692,0.349004208,0.136527792,0.075770127,26.9,26.58102083,25.92797917
30/08/2023,-0.45413165,53.14690583,0.026654263,18.024625,15.118,21.837,0,184.284475,0.3493105,0.135301354,0.074990275,26.865,25.92310417,25.09735417
31/08/2023,-0.427170474,55.78965252,0.666096379,18.073875,15.239,22.706,0,132.612175,0.348672313,0.134604125,0.074877775,26.70029167,25.49747917,25.2118125
01/09/2023,-0.453462965,55.81175735,0.314138141,18.87080851,15.46,23.509,0,134.2499538,0.348085106,0.135025574,0.075559581,26.43170213,25.63544681,25.90659574
02/09/2023,-0.409953952,59.76241417,2.710559125,18.67966667,15.53,23.494,0,177.4641,0.349588917,0.135179938,0.07522361,26.4,25.593,25.703625
03/09/2023,-0.62215427,81.04795188,3.355648833,18.90041667,12.729,25.891,0,309.2844506,0.348450646,0.135516688,0.076928471,26.31314583,25.8345,26.92139583
04/09/2023,-0.347108501,56.41225146,0.749509831,18.7764375,14.349,24.476,0,183.6883385,0.347016625,0.135909042,0.075985419,26.30025,26.35952083,26.53395833
05/09/2023,-0.563143229,69.30162927,3.040307917,19.6305625,13.736,25.63,0,239.4060471,0.347077063,0.135826375,0.076222917,26.4,26.29770833,27.16383333
06/09/2023,-0.5429934,68.61923856,2.44910901,20.41591667,13.625,26.98,0,276.9307313,0.347386813,0.135936771,0.077130552,26.4,26.82297917,27.98714583
07/09/2023,4.294701681,30.07124879,34.67362852,18.54616667,15.469,24.235,23.2,183.0069333,0.347209729,0.135391,0.100285417,26.540625,26.94729167,25.7251875
08/09/2023,4.164279542,33.91741946,77.44550542,17.82627083,15.345,20.883,1.5,216.3071769,0.349186167,0.131806896,0.25187225,26.64541667,24.63179167,22.02222917
09/09/2023,2.832740426,26.26322883,51.82183404,17.62659574,15.183,20.303,0,237.6906,0.347320532,0.13030783,0.225249617,26.29355319,23.15948936,20.63112766
10/09/2023,2.526195479,48.33896292,56.68454269,18.7040625,13.124,24.802,0,304.8400059,0.347008333,0.130267292,0.215004208,25.76410417,22.7200625,22.32564583
11/09/2023,1.583134071,62.23118169,39.65122048,19.6343125,15.061,25.398,0,286.3938118,0.34506875,0.133102021,0.209468021,25.39833333,23.93310417,24.54477083
12/09/2023,1.021756813,61.68108723,35.98449582,20.10154167,15.272,26.385,0,311.1784706,0.345063208,0.134589604,0.202576438,25.32,24.94610417,25.84425
13/09/2023,0.434178447,41.37433208,27.06745121,18.544125,15.581,23.426,0,212.3662583,0.345997854,0.134670813,0.192341021,25.39916667,25.04285417,24.21827083
14/09/2023,0.121937625,72.32861783,32.47206271,19.3026875,15.091,24.612,0,303.0766595,0.347738104,0.134070854,0.185522896,25.4,24.60339583,24.83870833
15/09/2023,-0.049015819,50.83292146,21.50419867,18.24591667,15.113,22.307,0,305.07546,0.346614563,0.134484,0.175744417,25.4,24.95208333,24.498
16/09/2023,-0.316091613,61.59286198,24.79571424,19.18573913,13.581,25.406,0,335.7980625,0.346,0.134354326,0.167461609,25.40426087,24.93654348,25.55143478
17/09/2023,1.68586075,48.68159763,58.32960819,20.0790625,15.784,27.177,7.9,352.8750462,0.345729167,0.135647875,0.157876417,25.50483333,25.680375,25.92347917
18/09/2023,0.859983469,46.29662452,70.44651042,19.2705,15.203,24.899,0,296.6136681,0.345076313,0.134521479,0.148725,25.6,24.7414375,23.61108333
19/09/2023,-0.072960188,54.23256188,40.31999233,19.43258333,14.032,24.854,0,321.4852781,0.345006917,0.134595833,0.149037521,25.6,24.58214583,24.465375
20/09/2023,-0.002224,56.30909264,40.79849219,20.1345,15.045,27.251,0,425.0056923,0.34501525,0.135688875,0.149384042,25.5696875,25.29235417,25.97504167
21/09/2023,-0.976572204,73.67378913,26.63266465,20.10579167,14.46,26.739,0,335.6144711,0.345008313,0.1370625,0.144192375,25.59583333,25.83791667,26.56547917
22/09/2023,-0.849620969,67.74360604,22.25622363,20.326125,15.959,25.848,0,292.6119563,0.346709063,0.1379535,0.137704854,25.735625,26.3981875,26.88095833
23/09/2023,-0.816873625,60.09805917,15.17086038,19.53754167,15.602,24.746,0,214.4121353,0.347840292,0.137238917,0.129849271,25.92291667,26.21283333,25.96027083
24/09/2023,-0.771860042,65.54718965,11.80086317,18.87377083,16.083,24.308,0,306.5698,0.347098542,0.137177104,0.124168771,26.17020833,25.76464583,25.3581875
25/09/2023,-0.709406917,81.68504388,18.21070634,20.51345833,14.709,27.223,0,310.9818,0.347341708,0.137352104,0.122254125,26.2,26.07722917,27.22691667
26/09/2023,-0.552829179,72.96239056,13.86979465,20.2265625,13.955,27.282,0,291.1571941,0.347786125,0.138458313,0.119529917,26.20485417,27.0439375,28.08197917
27/09/2023,-0.581600981,71.65240496,9.431579396,20.27185417,14.796,26.274,0,303.7445447,0.347131917,0.138970104,0.116847271,26.38441667,27.462125,28.26420833
28/09/2023,-0.412558936,49.45350404,3.350517298,18.89033333,16.028,22.688,0,79.79812,0.347003458,0.138249604,0.110942333,26.6475,26.92502083,26.10372917
29/09/2023,-0.76765775,87.73377954,7.509777708,19.89458333,13.945,26.59,0,315.9823333,0.347511146,0.137275688,0.109306938,26.7,26.34110417,26.95810417
30/09/2023,-0.16490125,73.42456083,9.292313131,19.7404375,15.228,26.395,0,221.8500375,0.348409042,0.137877104,0.106080506,26.7,26.934125,27.3269375
01/10/2023,-0.428553635,85.63355481,12.03649139,20.86591667,16.394,27.582,0,279.4792453,0.348707646,0.137732667,0.105049265,26.70029167,27.30508333,28.58745833
02/10/2023,-0.570706385,68.28786213,6.64150075,20.7868125,14.592,27.581,0,290.7448625,0.348630521,0.138065958,0.100974325,26.85304167,27.70679167,28.3215625
03/10/2023,-0.521205729,88.99523729,4.618295833,18.97916667,12.246,25.451,0,355.8871222,0.348842333,0.137788292,0.09917644,26.9525,27.60970833,28.4655
04/10/2023,0.740451753,60.08138625,3.151454771,17.96977083,16.285,21.069,0,NA,0.348764604,0.138080604,0.094044446,27.17583333,27.35666667,26.3929375
05/10/2023,-2.495122106,50.87791944,8.508075458,18.71410417,15.172,23.322,0.1,NA,0.348146563,0.136803438,0.091259031,27.2,26.27910417,25.51360417
06/10/2023,-0.766640711,96.14446448,8.560990854,20.0886875,15.802,26.429,0,NA,0.346341667,0.136109729,0.092796538,26.94875,26.37241667,27.8043125
07/10/2023,-1.453333929,101.4429525,8.149947625,20.11845833,14.916,26.075,0,NA,0.347261146,0.137520917,0.092509721,26.9,27.61833333,29.317625
08/10/2023,-0.872891573,94.15753319,7.992049771,20.73739583,13.074,27.895,0,NA,0.347339583,0.138268729,0.091038188,27.08020833,28.29091667,29.93495833
09/10/2023,-0.910831317,103.5798517,4.776643125,21.14566667,14.465,27.939,0,NA,0.347367375,0.138782667,0.08911181,27.35895833,28.86464583,30.5419375
10/10/2023,-0.840806427,91.00416067,1.416070133,20.80443478,16.307,27.404,0,NA,0.346559435,0.139037674,0.087911591,27.62891304,29.35717391,31.0805
11/10/2023,-0.909938888,94.8566341,3.022405854,20.65133333,14.572,26.529,0,NA,0.348512479,0.138583313,0.085152779,27.89945833,29.41229167,30.7255625
12/10/2023,-0.944356233,100.7853376,6.829818498,21.22423404,14.611,27.947,0,29.4434,0.348902106,0.138083851,0.083276474,28.00531915,29.49382979,31.05697872
13/10/2023,-0.74576043,98.463902,7.794183957,22.06974468,14.436,29.036,0,427.229765,0.348944702,0.137812064,0.082582979,28.26404255,29.91951064,31.896
14/10/2023,-0.80853716,103.4081864,0.342914771,22.09370833,16.24,28.139,0,428.301035,0.348954854,0.138261104,0.08089236,28.48416667,30.20922917,31.93033333
15/10/2023,-0.733203667,92.24654027,1.819563458,21.9380625,17.653,27.562,0,348.2606095,0.348772167,0.139035458,0.078304863,28.66583333,30.17958333,31.303625
16/10/2023,-0.803898585,100.2334507,25.06802688,20.6519375,16.415,25.559,0.5,391.8616273,0.348795854,0.137568083,0.076533338,28.89875,29.60208333,30.49735417
17/10/2023,-0.328250447,68.08897558,6.822181896,20.58683333,16.998,26.705,0.1,287.0201524,0.349854146,0.136442313,0.07539374,28.9,29.45395833,29.876
18/10/2023,-1.006299472,109.6925425,2.492324467,21.14316667,17.401,25.88,0,391.8947762,0.349925021,0.135547938,0.076310419,28.9,29.35,31.0038125
19/10/2023,-0.523258596,86.51483226,31.77607939,19.66808333,16.879,24.565,0.9,333.0048636,0.349721542,0.135114563,0.073725002,28.9,29.22208333,28.99079167
20/10/2023,-0.828845227,81.68787175,8.911775396,19.63377083,14.752,24.338,0,333.19557,0.349497917,0.134738917,0.073326392,28.86083333,28.41685417,28.56552083
21/10/2023,-0.565639598,81.21104277,6.866358144,20.13320833,15.766,25.426,0,317.3772238,0.347310479,0.133247271,0.074323617,28.60020833,28.22916667,28.7231875
22/10/2023,-0.674943188,86.81343256,8.905641833,21.29479167,16.207,26.313,0,335.4798909,0.348216667,0.133655563,0.074551396,28.59895833,28.61666667,29.85820833
23/10/2023,-0.80276076,95.77151625,8.136808875,20.91883333,15.512,26.956,0,386.78877,0.348463208,0.133876458,0.075838192,28.589375,29.12785417,31.05147917
24/10/2023,-0.427690941,93.22054938,3.768242696,21.25577083,15.268,26.838,0,361.8258545,0.348806208,0.134257646,0.074979858,28.6,29.67064583,31.2439375
25/10/2023,-0.908603663,98.43674789,2.922676479,21.42902083,17.083,26.312,0,373.886511,0.349029771,0.13408125,0.073898615,28.778125,29.8505625,31.314625
26/10/2023,1.123701131,65.822745,48.88000039,19.75302083,16.887,24.274,1.9,302.0152736,0.349205625,0.133015979,0.070472219,28.9,29.145625,28.37352083
27/10/2023,-0.349686313,64.87209177,13.80703638,19.9925625,16.107,24.466,0,275.1679095,0.348958354,0.130541,0.071080554,28.86666667,27.75372917,27.51704167
28/10/2023,-0.530526477,71.38613835,4.504674429,20.44425,15.294,26.183,0,299.9179952,0.3477,0.129572979,0.072003467,28.59041667,27.48791667,27.72654167
29/10/2023,-0.577788494,67.65096719,3.983871279,20.4365,16.2,25.093,0,293.1710143,0.347908313,0.129555521,0.072336106,28.30479167,27.62439583,28.16010417
30/10/2023,-0.570685219,80.79646208,3.108163125,19.83872917,16.069,25.109,0,320.1238095,0.347330542,0.130040938,0.071827083,28.25895833,27.62452083,28.220625
31/10/2023,0.62046211,70.18259921,33.02193617,19.57747917,16.661,24.131,4.5,286.4357941,0.345870125,0.129595167,0.070804167,28.001875,27.452,27.40595833
01/11/2023,1.881141458,53.85213794,50.29180704,20.1858125,15.984,25.036,0,301.5811227,0.346807625,0.128078479,0.070393754,28,26.63654167,25.75364583
02/11/2023,3.864841177,42.07980434,83.1614575,18.8945,16.545,22.208,32.9,304.4031864,0.34699025,0.127092354,0.119070833,27.828625,26.03045833,24.16404167
03/11/2023,4.294995854,35.08832345,93.23781458,18.27916667,16.62,22.504,8.3,326.5011732,0.345402042,0.126275729,0.275398583,27.5325,24.6805625,22.67904167
04/11/2023,3.138107063,37.25101744,89.3478125,18.2175,15.528,21.34,8.6,294.1589378,0.344057646,0.123460458,0.293974333,27.05033333,23.66,22.12077083
05/11/2023,3.141511292,38.02092496,94.87340319,18.80229167,16.419,23.165,7.2,313.0037945,0.343301333,0.12855625,0.288827792,26.59791667,23.2799375,22.212875
06/11/2023,2.594774707,49.08655713,119.6280374,19.31587234,16.171,24.13,28.39148936,442.3029682,0.340882957,0.141045404,0.293982319,26.25008511,23.50876596,23.53206383
07/11/2023,1.538382583,47.52889043,130.1900144,19.12183333,15.6,23.813,35.8,471.3682235,0.362130318,0.538583938,0.331077792,25.77485417,22.86210417,23.4044375
08/11/2023,0.714409875,36.89551629,91.3758471,18.588125,16.887,21.94,3.1,329.3809182,0.383976,0.484067979,0.312096083,25.41529167,23.56058333,22.76366667
09/11/2023,-0.013512729,37.13545479,94.4620207,19.13610417,15.534,23.055,0,388.7485333,0.382704188,0.469227771,0.298436208,25.36770833,23.04904167,22.30308333
10/11/2023,-0.421559188,23.47596308,74.12328229,18.7955,16.011,22.5,17.8,265.69565,0.382324872,0.465976396,0.323344521,25.09604167,22.7913125,21.88947917
11/11/2023,-2.313636313,24.43108419,80.35180375,18.0381875,15.136,21.423,11.1,278.5872027,0.381782412,0.547644458,0.35676525,24.86872917,22.09645833,21.305375
12/11/2023,-0.333274375,31.69843731,88.3486691,18.82325,16.501,23.126,4.4,342.7816727,0.384631714,0.502800021,0.332704146,24.64770833,22.07058333,21.82770833
13/11/2023,-1.773361522,70.69754973,113.4761018,18.97466667,16.485,22.721,3.9,418.3622545,0.38471875,0.517711083,0.344822271,24.40020833,22.45616667,22.3571875
14/11/2023,0.677807783,25.1263677,84.74040217,18.5663125,16.327,23.09,22.2,332.4272714,0.3842767,0.532916667,0.357936125,24.28847917,22.264125,22.31822917
15/11/2023,-1.662213957,24.64522167,95.85261754,18.42410417,16.633,22.498,5.7,327.1107174,NA,0.524032667,0.35124375,23.9025,22.40216667,22.0445
16/11/2023,-0.847309999,29.23201485,119.3023975,18.5588125,16.259,22.067,6.6,379.3306682,NA,0.535081958,0.355608313,23.99645833,22.34164583,21.92410417
17/11/2023,-0.501604894,19.17259938,94.38673458,18.58395833,16.268,22.186,2.5,301.9217548,NA,0.521429896,0.349035458,23.93229167,22.23827083,21.75791667
18/11/2023,-2.435284298,28.72009574,106.692343,19.16314894,16.243,23.038,1.736170213,360.3715091,NA,0.513408511,0.343392213,23.90957447,22.30029787,22.18912766
19/11/2023,-1.480314127,39.30824044,118.5532454,19.327125,16.451,23.334,1.4,426.0244773,0.384995286,0.498195833,0.322333333,23.90458333,22.64272917,22.7735
20/11/2023,-0.327875125,35.5950815,102.2767443,18.81029167,15.887,23.295,0.4,398.0372591,0.384991038,0.484889583,0.310067375,24.11354167,22.953125,23.18647917
21/11/2023,-3.781568958,30.75766023,92.31056708,18.88514583,16.914,22.183,14.2,319.6408987,0.384988833,0.538572938,0.362691042,24.2,22.721875,22.42177083
22/11/2023,-4.314566128,32.06762167,101.1497817,18.29110417,16.524,21.889,8.7,360.6054891,NA,0.538554833,0.367232604,24.12104167,22.54452083,22.43445833
23/11/2023,-2.259680752,33.29040642,93.35968708,18.41197917,16.009,21.807,3.6,332.8827504,NA,0.518664583,0.350840333,23.90041667,22.52485417,22.3160625
24/11/2023,-4.151128542,38.75771044,101.2340638,18.59654167,16.201,22.586,9,392.3933364,0.385,0.523065979,0.358929167,23.9,22.5361875,22.55122917
25/11/2023,-1.959373163,41.91041926,90.74238907,18.62602083,16.171,22.4,6.8,319.9198857,NA,0.552608375,0.376272208,23.9,22.58702083,22.569
26/11/2023,-5.26291037,36.49190338,94.1440079,18.31283333,15.642,21.965,8.4,339.0046445,NA,0.557616042,0.3865625,23.86164583,22.4705625,22.36672917
27/11/2023,-4.239655438,28.31892021,128.2253348,19.46889583,15.776,24.041,2.6,471.5076864,NA,0.5491625,0.371672938,23.70960417,22.72033333,23.03908333
28/11/2023,-1.20499617,23.27893011,74.30897533,19.0666383,16.667,23.432,0,349.5513,NA,0.513701426,0.341580894,23.83987234,22.77312766,22.42493617
29/11/2023,-2.6907625,35.69912319,125.8780531,19.53754167,16.519,23.983,0,498.2127905,NA,0.497737521,0.321502771,23.9,22.9528125,23.35575
30/11/2023,-2.861459583,33.80160729,117.9465662,19.19629167,15.457,23.404,0,483.4082143,0.384666667,0.486692333,0.297056917,23.91208333,23.15497917,23.11589583
01/12/2023,-3.374886292,33.97943304,111.7833515,19.08458333,14.869,23.944,0,461.9597773,0.384341884,0.478891042,0.276661792,24.12854167,23.22539583,23.34883333
02/12/2023,-2.88862083,26.08547963,97.98259006,19.513,14.764,24.388,0,411.9766045,0.383998646,0.473573604,0.260324938,24.2,23.39735417,23.477625
03/12/2023,-3.893243458,42.22342342,99.25728967,19.26483333,16.648,23.413,0,401.6812939,0.383622938,0.468485417,0.247611042,24.21197917,23.68991667,24.1459375
04/12/2023,-3.375102277,29.07734721,79.07418319,18.97825532,15.925,23.501,0,363.49848,0.382999298,0.460031894,0.236065213,24.36765957,23.89429787,23.91746809
05/12/2023,-4.512907167,30.82564021,96.29225393,19.2105,15.701,24.028,0,404.0892523,0.382301375,0.454037479,0.224146583,24.4,23.93852083,24.52827083
06/12/2023,-5.103665745,41.27717752,87.19372043,19.08010638,16.362,23.583,0,383.1767364,0.382344702,0.44759434,0.211365255,24.57893617,24.32757447,24.93138298
07/12/2023,-5.606306442,43.92621985,96.98562837,19.162,13.776,24.675,0,473.767581,0.382406271,0.441664583,0.200075042,24.7,24.5596875,25.25164583
08/12/2023,-4.472374606,38.32122358,101.520309,19.31308333,14.632,24.828,0,446.4881636,0.381907,0.430711063,0.189208333,24.835,24.92589583,25.69525
09/12/2023,-5.940531885,43.48931616,86.80208491,18.68914583,14.402,23.861,0,398.5653227,0.381681271,0.420955583,0.178212521,24.9,24.92045833,25.45152083
10/12/2023,-5.063649745,46.6899675,80.63408146,19.388,16.503,23.565,0.8,397.2559429,0.3812715,0.40704725,0.171019396,25.01722917,25.06597917,25.74366667
11/12/2023,-4.156575104,38.49770358,84.18839167,19.18322917,15.521,23.854,0.1,396.1808536,0.380993021,0.395159688,0.16616875,25.1,25.06025,25.2713125
12/12/2023,-4.558708917,31.06285667,73.66542752,19.24414583,15.004,24.279,0,353.7523018,0.380360375,0.379901396,0.161479833,25.18875,24.92620833,25.27689583
13/12/2023,-3.812913792,34.4139445,70.21176846,19.63789583,15.866,24.745,0,349.7017476,0.380001396,0.360325042,0.158463188,25.37229167,25.0139375,25.424375
14/12/2023,-4.016660708,43.94154685,66.13981629,19.65102083,17.216,23.878,0.1,355.748605,0.379427104,0.341574292,0.155460396,25.4,25.21335417,25.6365
15/12/2023,-2.726054729,45.99711696,98.55869854,18.96766667,16.036,22.86,4.7,373.1566364,0.379234708,0.328387542,0.151707688,25.4,25.074625,24.73647917
16/12/2023,-2.618766771,30.96197542,56.76577642,18.26897917,16.297,21.587,0,235.5942922,0.378401396,0.320795125,0.147691688,25.4004375,24.40525,23.33166667
17/12/2023,-4.569236458,36.50864667,76.5166384,18.92733333,15.664,23.38,0,376.4523452,0.378628458,0.311127938,0.147515875,25.4,23.98164583,23.61714583
18/12/2023,-4.153619574,43.41764187,76.34250664,18.79191489,15.601,23.308,0.10212766,400.2908086,0.378126213,0.298731191,0.148481596,25.29531915,24.14551064,24.27282979
19/12/2023,-5.362189688,38.28852538,72.6807899,19.29127083,16.034,23.725,0,350.9354473,0.377714604,0.285978083,0.14684975,25.10375,24.42135417,24.54710417
20/12/2023,-6.649224354,46.60529565,74.86867816,18.8055625,14.531,23.848,0,403.1487667,0.377504146,0.275513938,0.144640938,25.19875,24.34270833,24.18054167
21/12/2023,-5.142174479,48.54644579,75.94334944,19.55102083,15.624,24.474,0,407.9879095,0.376630521,0.26659725,0.144806938,25.23208333,24.469375,24.60627083
22/12/2023,-2.094867979,33.09636146,71.78020813,19.30689583,15.924,23.698,2.2,323.9358778,0.375859646,0.259998563,0.142389542,25.37916667,24.6075,24.36304167
23/12/2023,-1.629284894,31.09999833,74.80606254,18.93652083,16.357,23.239,6.7,309.7718273,0.375679208,0.257749271,0.140968021,25.4,24.24214583,23.21091667
24/12/2023,-2.82000625,40.93496369,94.55089044,20.2195625,16.905,24.796,0.7,409.7844182,0.376147875,0.256179875,0.144542354,25.39979167,24.02952083,23.72472917
25/12/2023,-3.577130833,49.17745594,93.87280479,20.300375,17.159,25.006,0,417.5960773,0.374984021,0.255018104,0.147246542,25.39333333,24.41333333,24.39579167
26/12/2023,-2.314090208,27.48816385,65.22256415,18.96475,16.807,22.359,0.6,248.0669057,0.374240271,0.253947208,0.147088208,25.4,24.34035417,23.2751875
27/12/2023,-5.750098271,52.24149313,84.23139981,18.91252083,14.839,23.137,0,434.4231476,0.374420833,0.248488854,0.146543125,25.39833333,23.70120833,23.03108333
28/12/2023,-5.731676417,54.72657044,87.87690519,19.95714583,15.719,24.862,0,444.7668209,0.373204833,0.244560417,0.145565958,25.14916667,23.76229167,23.629125
29/12/2023,-4.666005708,51.72877271,71.1093776,20.2183125,15.596,25.202,0,410.62315,0.371802792,0.241050021,0.145806313,25.1,24.33145833,24.82408333
30/12/2023,-4.429521366,45.89026063,62.98861573,20.21089583,16.759,25.209,0,330.6289957,0.370738188,0.237916625,0.14458475,25.25395833,24.73429167,24.79835417
31/12/2023,-3.588821915,51.6279924,74.82276347,20.5957234,17.186,25.443,0,386.3208182,0.370130915,0.235240745,0.143863426,25.39868085,24.99302128,25.51217021
01/01/2024,-2.97828766,63.69384785,79.19685057,20.5546383,16.906,25.019,2.144680851,395.6497257,0.369471596,0.232351043,0.144014851,25.51529787,25.33206383,25.73470213
02/01/2024,-0.390903583,27.63935333,89.40488052,20.070875,16.559,24.677,18.7,328.0415783,0.367508354,0.231672958,0.288881292,25.6,25.0164375,23.97164583
03/01/2024,-3.64684195,44.85971771,99.7051616,20.13277083,17.197,24.79,0,425.1261636,0.36718475,0.232616083,0.263298646,25.6,24.50854167,23.782625
04/01/2024,-2.472028125,36.24997713,84.23054631,19.95854167,16.085,24.532,0,390.4259476,0.365962479,0.232954167,0.237090333,25.6,24.40054167,23.73272917
05/01/2024,-0.362973623,32.40191869,80.25359458,19.13522917,16.565,24.905,9.3,303.8777333,0.364867354,0.234846521,0.2209875,25.6,24.40827083,23.68866667
06/01/2024,-1.234857362,24.30021847,71.77203702,19.09489583,16.539,23.044,10.8,280.3164409,0.36630275,0.235236125,0.297623646,25.59441667,23.99329167,23.1266875
07/01/2024,-4.874093935,29.9394576,75.05847526,18.92102083,16.762,22.923,11,273.2328164,0.364334729,0.373465917,0.358577104,25.4079375,23.4795,22.41660417
08/01/2024,-4.305565604,32.06290083,86.05744671,19.4325,16.566,23.663,0,356.87425,0.364556938,0.407511104,0.325778521,25.34291667,23.30289583,22.6438125
09/01/2024,-2.270626813,42.18143202,102.4987126,19.07589583,15.932,23.211,0,462.743835,0.364993729,0.393689563,0.304316,25.10041667,23.39204167,22.91720833
10/01/2024,-1.664469021,31.42193113,80.69058494,18.7933125,14.917,22.806,0.7,326.6636091,0.364658333,0.382581958,0.284922188,25.1,23.39154167,22.65789583
11/01/2024,-0.113755501,22.6134529,85.81279888,19.14558333,16.004,24.147,3,297.4166609,0.363495875,0.377629875,0.280114563,25.0395625,23.4124375,23.00845833
12/01/2024,-0.315461255,20.75342534,59.82593279,19.59168085,16.952,23.85,16.23829787,259.6113652,0.363,0.373197106,0.288378723,24.90655319,23.57393617,23.22389362
13/01/2024,-1.655736146,13.36993225,56.23171833,18.52058333,16.359,22.042,31,190.8428382,0.363976396,0.566025042,0.380438208,24.9005625,22.95908333,22.063375
14/01/2024,-3.468536167,18.92057063,69.4366705,20.08610417,17.754,24.479,0,277.5327429,0.373748604,0.514395896,0.356488208,24.7193125,22.9295625,22.72352083
15/01/2024,-5.360699042,32.02195769,100.1793311,20.3378125,17.241,24.64,0.1,379.9297591,0.37499025,0.489043771,0.338269354,24.7,23.22425,23.0623125
16/01/2024,-3.710891556,28.84619996,93.81160588,20.38164583,16.408,25.062,0,366.7652864,0.37521175,0.478497938,0.320872917,24.7,23.3978125,23.07508333
17/01/2024,-3.344728894,19.9416916,73.38921054,20.19129167,16.927,24.187,0,312.1532667,0.374290313,0.469874979,0.303419438,24.7,23.47166667,23.09079167
18/01/2024,-4.820331213,33.86403244,70.80313819,19.37389583,17.009,23.031,0,311.0208455,0.374335375,0.463942333,0.288070813,24.7,23.50808333,23.14641667
19/01/2024,-1.381438478,18.25752083,51.2803987,18.88565217,16.861,23.699,0,315.6817325,0.373316,0.462705826,0.277526043,24.7,23.4506087,22.08908696
20/01/2024,NA,NA,NA,NA,Inf,#NAME?,NA,NA,NA,NA,NA,NA,NA,NA
21/01/2024,NA,NA,NA,NA,Inf,#NAME?,NA,NA,NA,NA,NA,NA,NA,NA
22/01/2024,NA,NA,NA,NA,Inf,#NAME?,NA,NA,NA,NA,NA,NA,NA,NA
23/01/2024,NA,NA,NA,NA,Inf,#NAME?,NA,NA,NA,NA,NA,NA,NA,NA
24/01/2024,NA,NA,NA,NA,Inf,#NAME?,NA,NA,NA,NA,NA,NA,NA,NA
25/01/2024,NA,NA,NA,NA,Inf,#NAME?,NA,NA,NA,NA,NA,NA,NA,NA
26/01/2024,NA,NA,NA,NA,Inf,#NAME?,NA,NA,NA,NA,NA,NA,NA,NA
27/01/2024,NA,NA,NA,NA,Inf,#NAME?,NA,NA,NA,NA,NA,NA,NA,NA
28/01/2024,NA,NA,NA,NA,Inf,#NAME?,NA,NA,NA,NA,NA,NA,NA,NA
29/01/2024,NA,NA,NA,NA,Inf,#NAME?,NA,NA,NA,NA,NA,NA,NA,NA
30/01/2024,NA,NA,NA,NA,Inf,#NAME?,NA,NA,NA,NA,NA,NA,NA,NA
31/01/2024,NA,NA,NA,NA,Inf,#NAME?,NA,NA,NA,NA,NA,NA,NA,NA
01/02/2024,NA,NA,NA,NA,Inf,#NAME?,NA,NA,NA,NA,NA,NA,NA,NA
02/02/2024,NA,NA,NA,NA,Inf,#NAME?,NA,NA,NA,NA,NA,NA,NA,NA
03/02/2024,NA,NA,NA,NA,Inf,#NAME?,NA,NA,NA,NA,NA,NA,NA,NA
04/02/2024,NA,NA,NA,NA,Inf,#NAME?,NA,NA,NA,NA,NA,NA,NA,NA
05/02/2024,NA,NA,NA,NA,Inf,#NAME?,NA,NA,NA,NA,NA,NA,NA,NA
06/02/2024,NA,NA,NA,NA,Inf,#NAME?,NA,NA,NA,NA,NA,NA,NA,NA
07/02/2024,4.548994467,19.72807714,30.1483096,21.1504375,17.698,26.22,0,221.3082,0.354772188,0.218617938,0.146866938,25.5691875,24.818875,25.8601875
08/02/2024,-1.63056313,59.92528752,47.76671239,20.07995745,15.995,24.99,0,346.4680105,0.355288468,0.215965702,0.142480404,25.59351064,24.21674468,23.90685106
09/02/2024,-3.1881835,94.8256306,58.6617617,20.99225,15.873,26.338,0,462.2422818,0.354702063,0.211693021,0.142619458,25.6,24.17233333,24.19441667
10/02/2024,-2.314859042,94.27533063,40.82635519,20.63535417,17.094,26.15,0,447.4777455,0.351827063,0.207705521,0.141052729,25.6,24.62752083,24.78425
11/02/2024,1.023478043,82.18111417,42.86799992,19.97152083,14.369,25.995,0,399.4241364,0.350790292,0.204976354,0.139758417,25.645625,24.34189583,24.21989583
12/02/2024,-1.119715404,85.81199743,39.61806185,20.55178723,14.427,26.679,0,468.13976,0.351204277,0.202267362,0.137490766,25.88659574,24.20887234,24.18193617
13/02/2024,-1.58229275,92.43875146,44.85472529,21.28227083,15.747,27.181,0,457.0164064,0.349144438,0.199790271,0.135988188,25.9,24.30164583,24.43839583
14/02/2024,-1.791529896,94.98826277,45.71845977,21.46985417,15.821,27.646,0,459.0377082,0.347145854,0.198558333,0.133406271,25.9,24.36666667,24.43114583
15/02/2024,-1.268003875,98.68084925,40.75390633,21.39497917,14.98,27.626,0,467.3027364,0.346602771,0.1985965,0.129863896,25.98979167,24.07552083,24.42829167
16/02/2024,-1.298167321,95.31784363,33.37110446,20.85414583,14.839,26.93,0,431.1470318,0.345893792,0.1932875,0.125423625,26.186875,24.0350625,24.51054167
17/02/2024,-0.800805354,95.71871288,29.27330371,21.065,15.829,27.359,0,446.3651091,0.344077771,0.182177813,0.121653458,26.2,24.57304167,25.01641667
18/02/2024,-0.040402321,91.02838487,39.1461746,22.64675,14.906,29.692,0,443.1974136,0.342684021,0.171933396,0.1177785,26.31995833,24.68775,25.16279167
19/02/2024,-0.700810154,84.49455002,29.03264525,23.0520625,17.381,29.571,0,416.2170238,0.342023646,0.164563167,0.113438875,26.4,25.16445833,25.74610417
20/02/2024,0.556785064,88.80369511,29.86367847,22.11375,17.195,28.551,11.4,387.1766227,0.341458333,0.157462667,0.109374729,26.52291667,25.5188125,26.11258333
21/02/2024,2.816956891,65.145895,94.94860699,21.8541875,16.798,28.033,0.1,449.7896545,0.342402021,0.152391042,0.107754479,26.7,25.3263125,24.55816667
22/02/2024,0.555769502,74.7184083,62.05999213,20.8623125,16.122,26.323,0,473.3871571,0.342598604,0.147356417,0.10734425,26.69833333,24.30735417,23.32952083
23/02/2024,-0.607598085,66.66114766,48.96645768,20.16783333,16.552,25.245,0,359.8002636,0.341170875,0.142736167,0.107365292,26.42185417,23.66589583,22.54860417
24/02/2024,0.8690823,64.8371465,89.0828111,18.935875,16.09,24.258,17.4,408.3134238,0.340578479,0.139151375,0.113052104,26.21283333,23.36822917,22.2379375
25/02/2024,0.973587563,46.78149535,75.03001777,20.53708333,16.065,25.742,0.2,363.4621132,0.341,0.139931229,0.141245104,25.93895833,23.47547917,22.45220833
26/02/2024,0.314629938,38.20095865,63.27107883,21.05554167,16.668,26.914,0,303.7319282,0.341,0.140939583,0.152409021,25.9,23.412,22.7089375
27/02/2024,2.082056957,45.89258104,81.86518938,20.50189583,17.288,27.153,3.5,377.0152757,0.340987479,0.141678458,0.148382667,25.84083333,23.6033125,23.11897917
28/02/2024,-0.297851875,39.16870919,88.88559656,20.0833125,15.678,26.25,8.9,349.1405,0.341,0.193589563,0.181166625,25.66083333,23.57270833,23.022375
29/02/2024,-1.789743681,66.64094545,100.3271832,21.46966667,17.313,26.542,3.2,464.2060561,0.340761438,0.192161083,0.197786417,25.6,23.848875,23.4650625
01/03/2024,-1.430549244,62.72887413,106.8999814,21.0516875,16.2,26.196,0,490.3969909,0.340861125,0.186613167,0.18086875,25.60958333,24.01316667,23.40672917
02/03/2024,-0.297201936,45.11664213,89.18716066,21.18351064,17.125,26.198,0,401.9894571,0.34099717,0.182846915,0.16858266,25.7582766,24.00257447,23.18523404
03/03/2024,-1.874396354,65.07952596,94.77063172,21.31797917,16.243,27.179,0,467.7433452,0.340994458,0.179713938,0.157393125,25.74333333,23.91225,23.36145833
04/03/2024,-0.680499354,41.16392338,57.29098236,21.5509375,16.181,27.877,0,325.9325409,0.340989604,0.175720125,0.145754875,25.629375,23.63677083,23.03408333
05/03/2024,-2.153347896,93.99722146,52.96880963,20.75008333,17.428,25.549,0,496.0069524,0.339529167,0.172663813,0.138207625,25.60020833,23.84527083,23.5016875
06/03/2024,-1.147128104,86.5613889,45.58830654,20.4968125,16.453,25.772,0,389.1124182,0.33827775,0.172431292,0.131635438,25.6,24.01147917,23.62339583
07/03/2024,-0.717173085,80.27931255,46.98686583,21.00902083,15.449,26.842,0,383.3398696,0.3388875,0.168334667,0.125118104,25.59941667,23.67733333,23.41491667
08/03/2024,-0.99249995,98.35050425,39.46020656,21.682125,15.353,28.288,0,444.4051682,0.338376438,0.167628438,0.121931896,25.59647917,24.20479167,24.299375
09/03/2024,-0.572541813,104.8061641,44.8233759,21.48766667,16.934,27.208,0.3,452.6105773,0.339261792,0.167672917,0.119886813,25.6,24.73033333,24.94897917
10/03/2024,-1.522768104,105.3189806,29.32084081,21.36016667,16.354,27.36,0,432.4917773,0.339163188,0.168459646,0.117625646,25.65916667,24.86654167,24.9464375
11/03/2024,-1.15506505,104.000296,31.0799556,21.4849375,16.608,27.438,0,460.6761143,0.338453417,0.166792333,0.114188146,25.89895833,24.75754167,24.93604167
12/03/2024,-2.046039511,93.30932489,26.28757309,21.21129787,14.959,27.753,0,447.1164857,0.338394872,0.16569417,0.112096128,25.89848936,24.93468085,25.26489362
13/03/2024,-1.125208,113.582414,26.48817225,21.53225,15.596,27.851,0,454.1056955,0.337161104,0.162896521,0.108613188,25.90645833,24.80935417,25.4055
14/03/2024,-0.627584958,85.09342233,17.47247481,20.686625,16.635,26.527,0,326.4825909,0.337979146,0.161070854,0.106195125,26.18520833,25.57839583,25.59495833
15/03/2024,-1.003103875,92.35298965,19.79223096,20.3200625,15.358,26.028,0,367.0246095,0.337974313,0.162355563,0.104012488,26.28208333,25.31116667,25.01864583
16/03/2024,-0.682583792,103.1890066,25.2986136,20.56022917,14.77,26.782,0,446.9767952,0.336598583,0.160562479,0.101734027,26.36247917,24.91758333,25.0694375
17/03/2024,-1.462733181,84.82306319,15.91961013,22.13670833,15.515,29.486,0,377.6017364,0.335229146,0.159695854,0.100098608,26.34083333,25.15570833,25.4745
18/03/2024,-0.271989479,90.9897675,12.74496706,21.85325,16.881,27.715,0,393.5065,0.335474958,0.158881229,0.098253427,26.4,25.70541667,26.09485417
19/03/2024,-0.80469775,102.7234534,16.77674063,21.65670833,16.586,27.896,0,370.2001435,0.3350035,0.158543792,0.097461813,26.45604167,25.99514583,26.2850625
20/03/2024,0.434808417,97.81171875,27.29064713,21.22710417,17.049,27.019,0.4,395.68125,0.334263938,0.159055458,0.09719861,26.69895833,26.27689583,26.47083333
21/03/2024,-0.079133563,100.4560527,28.55287856,21.712625,16.728,27.925,0.1,411.7295864,0.333823604,0.159480583,0.095459044,26.70583333,26.314875,26.47360417
22/03/2024,-0.398918125,119.7992794,11.54765494,22.27370833,16.561,28.805,0,446.8931136,0.334643,0.159143063,0.09525139,26.845125,26.34254167,26.89727083
23/03/2024,-1.990163659,63.54065881,11.47602455,20.85739583,16.189,27.551,37.7,243.7714432,0.335166021,0.158673625,0.102371546,26.9,26.66910417,26.66075
24/03/2024,3.56386763,59.69704215,73.44224842,20.58879167,16.531,26.684,7.8,356.4586905,0.334986792,0.156834042,0.325111854,26.90020833,25.12,23.47264583
25/03/2024,4.66652025,63.83495175,90.37561021,20.46289583,15.283,27.478,11.1,447.6222271,0.335588125,0.186098083,0.329229396,26.83639583,24.73083333,23.9706875
26/03/2024,1.857790745,65.12792515,76.70000574,21.11117021,18.003,25.762,0,403.256381,0.335010617,0.286599319,0.306108532,26.6993617,24.17431915,23.66282979
27/03/2024,1.845814625,64.42566083,89.91751817,20.42583333,17.714,26.288,0,469.38371,0.334638896,0.299593708,0.288048604,26.434375,23.9220625,23.37472917
28/03/2024,0.837039188,51.14621896,77.86539585,20.2695625,17.047,25.235,0.1,387.9063195,0.333323604,0.290115292,0.269273625,26.37141667,23.9145625,23.24402083
29/03/2024,-1.012125254,48.97365245,78.17155873,20.32670833,15.752,25.535,3,384.7969182,0.333011083,0.27546525,0.252441708,26.20154167,23.82535417,23.04685417
30/03/2024,1.386621128,57.46473615,97.506466,19.69960417,17.704,24.45,2.2,397.6725422,0.333024313,0.260989583,0.237491667,26.015625,23.73835417,23.09410417
31/03/2024,-0.200746875,54.71235998,86.90803917,19.345375,16.365,23.474,0,361.3488391,0.333713208,0.244297188,0.228416,25.9,23.55166667,22.719375
01/04/2024,-2.844318542,66.15946644,89.83540721,19.6933125,16.655,24.313,0.3,411.3517109,0.333897229,0.230230542,0.221492396,25.77395833,23.42485417,22.65235417
02/04/2024,-0.615271271,47.18352507,101.2076554,20.25616667,17.374,24.641,0,404.5024505,0.332898688,0.218534042,0.210395104,25.6,23.3469375,22.77966667
03/04/2024,-2.636264167,48.88325921,94.59519154,20.3784375,16.211,25.5,0,389.4761696,0.3311945,0.205421563,0.199021563,25.6,23.17220833,22.55660417
04/04/2024,-3.150681896,45.20307479,97.2489725,20.24120833,17.333,25.287,0,408.25065,0.331041688,0.194875021,0.189406229,25.466125,23.10320833,22.66395833
05/04/2024,-4.066140771,68.68314588,113.8481373,20.980625,17.46,25.418,0,495.8334641,0.331001396,0.189004833,0.180715333,25.4,23.44747917,23.22341667
06/04/2024,-2.106244702,30.48211046,87.21186234,19.5633125,16.104,24.015,0,320.7782476,0.331005542,0.189499292,0.305782625,25.4,23.42291667,22.57677083
07/04/2024,-7.216542833,56.4136949,138.4826038,20.88814894,16.815,25.548,0,465.8687135,0.33100283,0.472998553,0.367012809,25.4,23.2303617,22.88459574
08/04/2024,-1.535959583,29.87599035,77.29882948,20.21672917,17.877,24.382,0,288.3623955,0.331002771,0.465007625,0.359252042,25.4,23.55391667,23.211875
09/04/2024,-4.794873688,25.04357114,88.0406494,19.46995833,15.668,24.817,0,316.1909864,0.337461104,0.551058292,0.394009708,25.24958333,22.90072917,22.21639583
10/04/2024,-5.345117,45.03889683,115.1623557,20.71738298,16.593,26.32,0,467.7169,0.364401362,0.491170915,0.361942574,24.97506383,22.66925532,22.23295745
11/04/2024,-0.634294146,35.23022823,105.7396625,20.81689583,16.639,26.279,0,403.2238318,0.367369521,0.468253896,0.340976646,24.9,23.42685417,23.08210417
12/04/2024,-3.502437117,37.46400119,90.90003992,20.36995833,16.499,24.764,0,394.0721952,0.368113208,0.505944229,0.372913229,24.9,23.36375,23.00429167
13/04/2024,-2.67668725,26.93060238,80.86901833,19.97883333,17.242,23.992,0,283.5310509,0.372411167,0.536216646,0.394002063,24.9,23.22029167,22.77333333
14/04/2024,-3.046642638,34.42086426,99.26120979,20.4253125,17.163,25.034,0,381.7461667,0.377558333,0.5488945,0.40049725,24.86064583,22.86691667,22.69864583
15/04/2024,-1.902535891,28.60305128,91.74582292,19.58966667,17.165,24.522,0,337.5893524,0.378125771,0.532318771,0.395213208,24.70366667,22.5673125,22.3276875
16/04/2024,-3.965146417,30.73582313,104.6701584,20.039125,16.624,24.465,0,380.1295636,0.381870854,0.55040275,0.408004104,24.7,22.81547917,22.499875
17/04/2024,-2.989466042,41.56717927,108.0174323,20.43677083,17.298,25.279,12.3,457.1117952,0.380584667,0.517155542,0.381365271,24.7,22.67958333,22.62279167
18/04/2024,-1.851651063,37.19798063,103.937501,20.78085417,17.978,25.291,0,387.1711409,0.379344417,0.493660438,0.35876875,24.7,22.91795833,22.88722917
19/04/2024,-0.701482979,21.58968231,73.29812479,19.96445833,16.989,24.118,0,261.4700273,0.378239563,0.477621521,0.340289625,24.7,22.7575,22.49583333
20/04/2024,-1.063219875,38.85605804,108.7939041,20.09241667,16.146,25.003,0,409.8616986,0.377351458,0.474093063,0.327295125,24.7,22.8570625,22.62725
21/04/2024,-7.938470227,17.59770567,82.36016867,19.11004255,16.827,24.052,0,261.2404409,0.379984404,0.560287447,0.422226106,24.7,22.62151064,22.05519149
22/04/2024,-4.129916129,29.26299479,95.45611083,19.89864583,16.835,24.627,0.1,393.135835,0.383191021,0.553748625,0.419630542,24.57520833,22.68679167,22.28252083
23/04/2024,-2.510810396,22.49398275,72.22283125,20.21852083,17.921,24.132,0,287.8616752,0.38140975,0.523959,0.399877313,24.4,22.70070833,22.45354167
24/04/2024,-5.83202587,61.79984438,115.3342556,20.01270833,17.38,24.687,0,397.8410586,0.381409563,0.541495354,0.414278396,24.4,22.46335417,22.34047917
25/04/2024,-3.417269348,17.49467179,79.27966233,19.21441667,17.838,24.043,24.9,248.9211333,0.381362479,0.548950021,0.420497896,24.4,22.70977083,22.32752083
26/04/2024,-6.317979292,31.88019942,80.06148617,18.35029167,16.253,22.653,31.8,322.3800805,0.383926396,0.570145854,0.436760396,24.38025,22.12914583,21.53202083
27/04/2024,-4.60375217,46.09783127,99.87164506,19.747375,17.01,24.009,0.6,363.6837964,0.383931229,0.568232646,0.431438229,24.20014583,22.08677083,21.7989375
28/04/2024,-3.356980625,35.12584027,79.03211271,19.5173125,17.464,22.631,0.3,322.6802905,0.382457646,0.542538542,0.410715917,24.2,22.34425,22.05975
29/04/2024,-1.9553095,64.2332526,90.29436354,18.97670833,16.257,24.895,61.1,308.5971976,0.381627063,0.533611833,0.402791667,24.19979167,22.35864583,21.9980625
30/04/2024,-3.802553417,30.1200881,103.8515638,20.465,17.013,26.243,4.8,370.8839805,0.383110438,0.556317396,0.423966625,24.18145833,22.27520833,22.11110417
01/05/2024,-7.453234095,29.2428322,114.4770289,19.776625,17.338,24.714,33.6,313.36276,0.383735417,0.571036771,0.4380715,23.96291667,22.49760417,22.30152083
02/05/2024,-3.159149591,19.85128622,66.09841917,19.36660417,17.605,24.774,6.1,220.9831659,0.383878479,0.576038875,0.438821521,23.90125,22.61514583,22.30897917
03/05/2024,-1.892001458,15.93674254,78.31479438,20.25741667,17.517,23.667,11,250.3533,0.384356229,0.579717979,0.444922208,23.90416667,22.3823125,22.01208333
04/05/2024,-0.606713191,10.9699705,52.01776454,18.930125,16.816,23.298,43,199.3336476,0.384295844,0.583794458,0.451777104,23.9,22.23422917,21.7029375
05/05/2024,-2.611696542,28.74544173,79.47475406,19.81058333,16.73,25.594,0.3,355.0326805,0.384429268,0.583661083,0.449407667,23.79804167,22.0595625,21.84710417
06/05/2024,-4.708757292,13.57966319,49.46090885,18.57360417,15.885,22.234,26.6,194.6213945,0.3843074,0.592354875,0.454965333,23.70335417,22.02764583,21.43689583
07/05/2024,-4.787155542,25.57027673,71.5218475,18.9358125,16.701,22.759,3.2,265.8695282,0.383970125,0.595632604,0.456253458,23.7,21.77735417,21.33141667
08/05/2024,-2.536179167,29.50749111,70.52325125,18.60879167,16.652,22.637,1.5,272.4228,0.382768813,0.577029104,0.442611813,23.7,21.76014583,21.33835417
09/05/2024,-1.225285458,15.08307063,66.170691,18.2925,15.704,21.964,0.2,221.2087361,0.382127792,0.549443083,0.422759,23.69397917,21.321125,20.75541667
10/05/2024,-2.82686225,28.46656121,65.77773356,18.43414583,16.26,22.175,0.9,245.47311,0.381747229,0.532390938,0.406774333,23.57060417,21.33997917,20.86933333
