%global,,,,,,,,
,time,=,2000-1-1/1,,,,,
,,,,,,,,
%climate,,,,,,,,
,name,=,KE_Kapiti_climate,,,,,
,archive,=,Savannah_East Africa,,,,,
,id,=,0.00,,,,,
,,,,,,,,
%attributes,,,,,,,,
,elevation,=,-99.99,,,,,
,latitude,=,-1.63,,,,,
,longitude,=,37.15,,,,,
,,,,,,,,
,wind,speed,=,-99.99,,,,
,cloudiness,=,-99.99,,,,,
,rainfall,intensity,=,-99.99,,,,
,,,,,,,,
,annual,precipitation,=,-99.99,,,,
,temperature,average,=,-99.99,,,,
,temperature,amplitude,=,-99.99,,,,
,,,,,,,,
%data,
*,*,tavg,tmin,tmax,grad,prec,rh,wind
2018,208,18.85,14.66,24.06,0,1.66,55,2
2018,209,18.85,14.66,24.06,0,1.66,55,2
2018,210,18.85,14.66,24.06,0,1.66,55,2
2018,211,16.6,15.06,23.09,0,55.62,55,2
2018,212,16.77,13.75,20.4,6166.62,0,55,2
2018,213,17.61,14.08,23.6,5801.19,0,55,2
2018,214,17.15,11.43,24.45,2961.66,0,55,2
2018,215,16.59,11.45,23.44,1675.57,0,55,2
2018,216,15.9,11.46,21.9,3899.77,0,55,2
2018,217,15.41,12.37,19.38,2725.53,0,55,2
2018,218,16.55,11.15,22.11,6711.92,0,55,2
2018,219,16.84,10.31,23.81,8269.02,0,55,2
2018,220,17.32,10.45,24.61,7538.34,0,55,2
2018,221,17.43,12.32,23.1,5892.79,0,55,2
2018,222,16,11.45,21.38,5875.22,0,55,2
2018,223,16.26,13.13,21.55,5078.34,0,55,2
2018,224,16.09,12.1,20.98,6311.88,0,55,2
2018,225,14.86,10.78,18.88,4113.75,0,55,2
2018,226,16.17,10.4,22.59,7973.82,0,55,2
2018,227,15.73,12.18,21.02,4059.01,0,55,2
2018,228,14.76,10.47,19.42,4025.79,0.1,55,2
2018,229,15.07,12.45,18.64,2888.34,0,55,2
2018,230,15.17,11.67,19.21,4265.02,0,55,2
2018,231,15.93,12.67,21.26,4075.4,0,55,2
2018,232,15.73,11.44,21.28,5555.28,0,55,2
2018,233,16.31,10.78,21.12,4083.35,0,55,2
2018,234,17.06,10.96,24.12,5937.17,0,55,2
2018,235,15.91,13.39,18.69,2495.69,0,55,2
2018,236,17.29,12.49,23.06,4521.15,0,55,2
2018,237,17.74,11.88,23.37,5442.28,0,55,2
2018,238,17.09,14.4,22.17,3766.11,0,55,2
2018,239,17.73,12.36,24.35,5232.65,1.5,55,2
2018,240,15.93,14.09,18.77,1988.58,0.1,55,2
2018,241,16.37,13.47,19.55,3160.88,0,55,2
2018,242,16.82,12.71,21.06,4443.83,0,55,2
2018,243,16.56,13.2,20.14,4029.14,0,55,2
2018,244,15.47,11.77,19.59,2401.7,0,55,2
2018,245,16.34,13.18,21.05,2380.4,0,55,2
2018,246,16.62,10.71,22.47,4210.19,0,55,2
2018,247,16.42,11.88,21.52,4231.59,0,55,2
2018,248,18.1,14.54,23.26,7166.89,0,55,2
2018,249,17.83,13.62,23.34,6184.41,0,55,2
2018,250,17.77,12.83,23.71,8393.23,0,55,2
2018,251,17.86,11.99,23.8,6968.38,0,55,2
2018,252,18.95,11.89,26.47,8150.15,0,55,2
2018,253,20.02,14.37,26.75,6894.38,0,55,2
2018,254,19.08,14.84,24.56,7880.79,0,55,2
2018,255,18.01,11.4,24.92,8040.06,0,55,2
2018,256,18.9,13.46,25.21,8004.12,0,55,2
2018,257,19.74,13.81,25.91,6889.27,0,55,2
2018,258,18.99,11.42,26.66,8209.98,0,55,2
2018,259,19.42,11.63,26.66,8110.46,0,55,2
2018,260,19.04,11.43,26.8,6877.96,0,55,2
2018,261,17.96,11.56,25.69,7714.98,0,55,2
2018,262,17.7,12.25,24.73,6347.29,0,55,2
2018,263,19.23,12.66,26.44,8457.66,0,55,2
2018,264,19.45,14.45,26.2,7885.74,0,55,2
2018,265,18.16,13.01,23.56,5814.98,0,55,2
2018,266,18.54,13,24.95,7308.72,0,55,2
2018,267,17.97,10.74,25.28,8190.97,0,55,2
2018,268,19.07,13.96,24.87,6461.71,0,55,2
2018,269,19.44,12.78,26.23,7113.9,0,55,2
2018,270,18.55,14.65,22.86,4989.74,0,55,2
2018,271,19.11,15.23,24.79,7155.61,0,55,2
2018,272,19.34,13.57,26.13,6809.93,0,55,2
2018,273,19.39,13.99,25.7,8552.07,0,55,2
2018,274,17.9,10.42,24.28,7731.4,0,55,2
2018,275,17.91,12.04,24.29,5896.29,0,55,2
2018,276,19.27,13.9,26.01,8268.15,0,55,2
2018,277,18.69,14.18,24.05,6360.35,0,55,2
2018,278,19,13.03,25.49,7626.09,0,55,2
2018,279,20.11,15.16,27,7717.79,0,55,2
2018,280,19.04,14.53,26.46,5802.76,9.9,55,2
2018,281,18.55,12.95,24.16,4809.78,0.8,55,2
2018,282,18.75,13.47,23.91,6551.18,0,55,2
2018,283,18.24,11.88,24.24,6938.1,0,55,2
2018,284,19.1,13.37,25.09,7920.14,0,55,2
2018,285,19.43,12.16,27.16,6964.09,0,55,2
2018,286,20.2,15.51,26.89,6172.39,0,55,2
2018,287,19.65,13.54,27.37,7079.54,0,55,2
2018,288,20.14,14.71,26.35,6914.52,0,55,2
2018,289,19.71,14.4,26.68,7165.53,0,55,2
2018,290,20.39,15.48,26.25,7900.39,0,55,2
2018,291,20.39,15.87,26.02,7971.8,0,55,2
2018,292,20.31,15.81,26.36,7956.61,0,55,2
2018,293,20.49,14.78,26.48,8211.76,0,55,2
2018,294,20.02,14.68,25.48,7563.79,0,55,2
2018,295,18.92,13.1,24.48,7490.19,0,55,2
2018,296,16.42,14.08,19.6,3424.01,3.47,55,2
2018,297,16.35,14.69,20.04,3385.2,0.2,55,2
2018,298,16.83,14.17,20.52,4886.44,1.77,55,2
2018,299,17.71,13.7,22.47,4700.76,0,55,2
2018,300,17.7,14.69,22.5,6177.3,5.41,55,2
2018,301,18.28,15.04,23.01,6807.35,0,55,2
2018,302,19.17,15.27,24.55,7733.02,0.7,55,2
2018,303,19.89,15.03,25.79,7103.05,0,55,2
2018,304,20.03,14.3,26.13,8872.78,0,55,2
2018,305,19.99,15.47,25.36,6640.47,0,55,2
2018,306,19.37,16.13,24.78,8435.61,7.9,55,2
2018,307,19.21,16.09,23.98,8654.41,0,55,2
2018,308,19.08,13.71,24.8,7749.49,0,55,2
2018,309,19.44,11.7,25.56,9081.85,0,55,2
2018,310,19.74,14.41,26.24,8428.07,0,55,2
2018,311,20.32,14.14,27.57,8543.01,0,55,2
2018,312,20.67,13.74,27.57,7959.92,0,55,2
2018,313,19.87,14.81,26.38,4830.35,0,55,2
2018,314,20.48,16.14,26.03,7219.82,0,55,2
2018,315,19.61,14.55,25.78,7985.03,0.2,55,2
2018,316,20.24,15.57,26.12,8340.13,0.1,55,2
2018,317,19.54,16.05,24.82,6937.14,0,55,2
2018,318,19.49,14.22,25.02,7931.56,0,55,2
2018,319,20.39,14.1,26.93,8730.21,0,55,2
2018,320,20.68,12.65,27.66,8394.22,0,55,2
2018,321,19.15,15.92,25.36,5013.16,0.1,55,2
2018,322,20.25,14.31,26.69,8773.59,0,55,2
2018,323,19.77,14.5,25.3,8124.56,20.5,55,2
2018,324,19.19,15.69,23.1,7387.88,16.58,55,2
2018,325,18.36,15.97,23.18,5518.55,20.7,55,2
2018,326,19.18,15.47,24.07,6936.05,0,55,2
2018,327,19.53,14.45,24.87,9089.48,0,55,2
2018,328,18.93,15.54,23.66,7890.21,0,55,2
2018,329,18.58,15.5,23.29,8906.1,4.49,55,2
2018,330,17.72,14.97,22.08,7840.02,32.53,55,2
2018,331,18.73,14.89,23.52,8565.69,1.02,55,2
2018,332,19.07,15.64,23.53,8328.68,0,55,2
2018,333,18.22,15.77,22.2,7630.57,12.3,55,2
2018,334,18.6,15.89,22.8,8772.15,2.4,55,2
2018,335,17.46,15.31,21.46,6935.07,2.8,55,2
2018,336,18.07,14.47,22.93,7245.75,0,55,2
2018,337,18.74,15.35,23.64,9600.94,0,55,2
2018,338,18.14,15.39,23.18,7313.68,14.9,55,2
2018,339,18.33,15.75,23.16,8294.61,18.1,55,2
2018,340,19.59,15.82,24.58,9884.44,1.9,55,2
2018,341,19.61,16.37,24.04,10162.49,0,55,2
2018,342,17.98,14.3,22.32,7016.19,29.6,55,2
2018,343,19.39,16.28,23.75,9577.68,0.6,55,2
2018,344,18.07,15.6,22.15,5159.39,2.8,55,2
2018,345,17.23,14.44,21.16,5478.36,23.49,55,2
2018,346,19.3,14.58,24.57,8691.19,0,55,2
2018,347,18.55,14.4,22.86,9329.9,2.9,55,2
2018,348,18.48,15.39,23.26,8079.44,18.26,55,2
2018,349,17.68,15.29,22.32,8119.96,24.7,55,2
2018,350,18.07,13.16,22.97,9814.9,0.1,55,2
2018,351,18.6,14.25,23.53,10386,0,55,2
2018,352,19.19,14.38,24.29,10098.61,0,55,2
2018,353,19.19,16.48,23.37,5842.65,1.3,55,2
2018,354,18.71,15.5,23.56,8461.1,0,55,2
2018,355,18.15,13.4,23.73,7574.61,0,55,2
2018,356,18.84,14.16,24.48,8460.54,0,55,2
2018,357,19.04,14.56,24.14,10064.98,0,55,2
2018,358,18.27,14.18,23.31,9261.04,0,55,2
2018,359,18.4,13.73,23.94,8799.83,0,55,2
2018,360,18.25,14.04,22.74,8693.08,0,55,2
2018,361,18.44,15.12,23.32,8878.09,0,55,2
2018,362,18.67,13.86,24.89,9809.58,0,55,2
2018,363,19.29,14.46,25.22,9784.37,0,55,2
2018,364,19.29,15.61,24.64,9264.19,0.1,55,2
2018,365,18.67,14.93,23.53,8890.81,0,55,2
2019,1,18.09,12.83,24.2,8423.66,0,55,2
2019,2,18.99,12.82,24.75,9468.02,0,55,2
2019,3,19.15,14.07,24.68,9822.28,0,55,2
2019,4,17.56,14.63,22,6551.04,7.7,55,2
2019,5,18.12,15.54,21.81,7639.26,1.5,55,2
2019,6,18.85,14.89,24.31,9993.28,0,55,2
2019,7,19.42,13.92,24.92,9528.06,0,55,2
2019,8,16.29,15.98,16.77,0,0,55,2
2019,9,18.85,14.66,24.06,0,1.66,55,2
2019,10,21.88,18.88,24.35,7937.21,0,55,2
2019,11,19.72,15.9,24.62,7566.12,0.2,55,2
2019,12,18.57,14.04,24.13,8969.19,0,55,2
2019,13,15.86,15.86,15.86,0,0,55,2
2019,14,18.85,14.66,24.06,0,1.66,55,2
2019,15,18.85,14.66,24.06,0,1.66,55,2
2019,16,18.85,14.66,24.06,0,1.66,55,2
2019,17,18.85,14.66,24.06,0,1.66,55,2
2019,18,18.85,14.66,24.06,0,1.66,55,2
2019,19,18.85,14.66,24.06,0,1.66,55,2
2019,20,18.85,14.66,24.06,0,1.66,55,2
2019,21,18.85,14.66,24.06,0,1.66,55,2
2019,22,18.85,14.66,24.06,0,1.66,55,2
2019,23,18.85,14.66,24.06,0,1.66,55,2
2019,24,18.85,14.66,24.06,0,1.66,55,2
2019,25,18.85,14.66,24.06,0,1.66,55,2
2019,26,18.85,14.66,24.06,0,1.66,55,2
2019,27,18.85,14.66,24.06,0,1.66,55,2
2019,28,18.85,14.66,24.06,0,1.66,55,2
2019,29,18.85,14.66,24.06,0,1.66,55,2
2019,30,18.85,14.66,24.06,0,1.66,55,2
2019,31,18.85,14.66,24.06,0,1.66,55,2
2019,32,22.63,17.96,26.57,4072.6,0,55,2
2019,33,20.53,12.89,28.07,8927.23,0,55,2
2019,34,16.58,13.78,23.03,719.14,0,55,2
2019,35,18.85,14.66,24.06,0,1.66,55,2
2019,36,18.85,14.66,24.06,0,1.66,55,2
2019,37,18.85,14.66,24.06,0,1.66,55,2
2019,38,18.85,14.66,24.06,0,1.66,55,2
2019,39,18.85,14.66,24.06,0,1.66,55,2
2019,40,18.85,14.66,24.06,0,1.66,55,2
2019,41,21.52,16.9,25.44,8236.91,0,55,2
2019,42,20.07,13.71,27.33,8886.42,0,55,2
2019,43,19.55,13.42,26.11,8846.76,0,55,2
2019,44,19.03,13.44,26.08,8430.31,0,55,2
2019,45,19.58,14.34,25.68,8218.78,0,55,2
2019,46,21.04,14.82,27.39,8829.73,0,55,2
2019,47,21.28,17.33,26.89,6618.36,0,55,2
2019,48,21.53,16.73,26.84,7952.25,0,55,2
2019,49,21.98,14.02,29.49,8812,0,55,2
2019,50,21.96,15.24,29.6,8703.37,0,55,2
2019,51,21.36,16.15,27.52,9113.56,0,55,2
2019,52,20.45,16.33,25.87,8867.64,3.7,55,2
2019,53,20.39,15.57,26.48,8882.35,0,55,2
2019,54,20.63,15.6,27.71,8189.93,0.6,55,2
2019,55,20.4,15.79,27.76,6932.76,0,55,2
2019,56,21.19,15.91,27.88,8636.6,1.7,55,2
2019,57,21.65,14.89,28.85,9369.14,0,55,2
2019,58,21.04,13.94,27.47,9018.58,0,55,2
2019,59,21.37,13.54,28.47,9210.57,0,55,2
2019,60,22.64,13.59,30.69,9036.48,0,55,2
2019,61,22.72,15.86,29.74,4289.47,0,55,2
2019,62,22.98,16.43,30.63,7619.94,0.6,55,2
2019,63,21.09,15.58,27.9,7671.15,5.1,55,2
2019,64,20.78,15.75,26.9,9776.68,21.9,55,2
2019,65,21.63,14.55,28.62,10177.38,0,55,2
2019,66,22.19,15.63,29.16,9881.9,0,55,2
2019,67,22.11,14.65,28.63,10068.27,0,55,2
2019,68,21.25,15.03,27.9,9485.49,0,55,2
2019,69,21.17,15.11,27.8,9608.33,0,55,2
2019,70,20.9,13.91,27.46,8929.45,0,55,2
2019,71,21.6,14.71,29,9410.31,0,55,2
2019,72,21.42,14.9,28.32,9067.34,0,55,2
2019,73,19.82,15.38,25.89,8353.64,0,55,2
2019,74,20.6,14.82,26.72,9516.16,0,55,2
2019,75,20.71,15.08,26.86,8111.68,0,55,2
2019,76,20.72,14.79,28.05,7660.22,0,55,2
2019,77,18.85,14.66,24.06,0,1.66,55,2
2019,78,18.85,14.66,24.06,0,1.66,55,2
2019,79,18.85,14.66,24.06,0,1.66,55,2
2019,80,18.85,14.66,24.06,0,1.66,55,2
2019,81,18.85,14.66,24.06,0,1.66,55,2
2019,82,23.62,18.95,27.31,8800.4,0,55,2
2019,83,21.34,16.18,27.52,8148.04,0,55,2
2019,84,21.87,14.94,29.24,8008.49,0,55,2
2019,85,22.6,15.76,30.18,8343.13,0,55,2
2019,86,22.12,16.25,28.07,7972.62,0,55,2
2019,87,21.24,15.86,27.26,7889.74,0,55,2
2019,88,22.06,16.53,28.38,7355.33,0,55,2
2019,89,22.1,16.45,27.58,7071.43,4.7,55,2
2019,90,22,15.7,28.75,8354.99,0.1,55,2
2019,91,21.96,16.23,28.24,8118.06,0,55,2
2019,92,22.16,16.71,28.48,7754.74,0,55,2
2019,93,22.42,16.14,28.6,8106.17,0,55,2
2019,94,21.67,16.93,27.45,7311.08,0,55,2
2019,95,21.3,16.46,26.72,6862.74,0,55,2
2019,96,21.26,15.94,27.21,7482.93,0,55,2
2019,97,21.54,16.3,27.53,7613.36,0,55,2
2019,98,22.08,15.12,29.02,7804.07,0,55,2
2019,99,18.68,17.78,19.79,0,0,55,2
2019,100,18.85,14.66,24.06,0,1.66,55,2
2019,101,18.85,14.66,24.06,0,1.66,55,2
2019,102,18.85,14.66,24.06,0,1.66,55,2
2019,103,18.85,14.66,24.06,0,1.66,55,2
2019,104,18.85,14.66,24.06,0,1.66,55,2
2019,105,18.85,14.66,24.06,0,1.66,55,2
2019,106,18.85,14.66,24.06,0,1.66,55,2
2019,107,24.38,20.09,28.4,1278.62,0,55,2
2019,108,22.11,15.59,28.47,6413.08,0,55,2
2019,109,22.12,16.34,28.11,6389.72,0,55,2
2019,110,22.54,16.67,28.87,5608.05,0,55,2
2019,111,21.69,16.65,28.78,5390.13,0.9,55,2
2019,112,20.99,16.4,26.62,5593.27,7.4,55,2
2019,113,19.96,17.53,24.4,3359.65,6.5,55,2
2019,114,19.86,15.88,26.74,6677.06,29,55,2
2019,115,20,17.28,24.69,4413.65,0,55,2
2019,116,20.13,16.78,24.42,8195.75,11.2,55,2
2019,117,19.93,15.21,25.02,7018.41,19.71,55,2
2019,118,20.52,16.44,26.21,6614.2,0,55,2
2019,119,20.56,16.43,25.09,9013.23,0.8,55,2
2019,120,19.64,16.1,24.67,8103.58,1.2,55,2
2019,121,20.02,16.1,25.73,9035.22,0,55,2
2019,122,20.34,15.33,26.28,8862.41,0,55,2
2019,123,20.26,16.68,24.94,6587.37,0,55,2
2019,124,19.65,16.25,23.98,6187.16,0,55,2
2019,125,19.99,16.26,25.28,6730.84,0,55,2
2019,126,19.81,16.16,24.77,7818.27,1.6,55,2
2019,127,19.74,15.95,25.12,7774.99,0,55,2
2019,128,20.2,16.09,24.85,7331.52,0,55,2
2019,129,19.66,15.22,24.5,6482.92,0,55,2
2019,130,19.63,16.08,24.92,5702.39,0,55,2
2019,131,19.5,15.7,24.83,6858.69,0,55,2
2019,132,19.38,16.02,24.63,6083.49,0.2,55,2
2019,133,19.59,14.75,24.37,6111.38,0,55,2
2019,134,19.57,15.62,24.86,6387.23,0,55,2
2019,135,20.15,15.52,25.83,7526.36,0,55,2
2019,136,19.67,14.88,24.33,5826.81,0,55,2
2019,137,19.62,14.87,24.8,5535.07,0,55,2
2019,138,18.57,16.31,22.29,5899.66,10.7,55,2
2019,139,17.69,15.03,20.46,4421.5,0,55,2
2019,140,18.5,14.18,22.36,5556.3,0,55,2
2019,141,18.89,14.07,24.23,6719.92,0,55,2
2019,142,18.84,14.79,24.05,4748.2,0,55,2
2019,143,18.54,15.49,22.67,5645.17,0,55,2
2019,144,18.02,14.76,23.12,7148.54,0,55,2
2019,145,17.95,15.73,21.96,5141.02,0,55,2
2019,146,17.69,15.52,21.09,4869.21,3,55,2
2019,147,18.18,15.76,22.11,5522.43,0,55,2
2019,148,17.93,14.36,21.84,4030.22,0,55,2
2019,149,18.45,15.47,22.57,5456.2,0,55,2
2019,150,18.98,13.86,24.03,7220.61,0,55,2
2019,151,18.74,14.86,23.74,4067.18,0,55,2
2019,152,19.36,15.9,26.37,5652.22,0,55,2
2019,153,18.3,15.86,25.48,5345.7,23.37,55,2
2019,154,18.79,15.86,23.39,6708.64,0,55,2
2019,155,18.12,14.67,22.13,5116.42,0,55,2
2019,156,16.84,15.01,19.19,2599.47,0,55,2
2019,157,17.27,14.15,21.34,4899.61,23.8,55,2
2019,158,17.88,14.75,21.6,5447.95,0,55,2
2019,159,18.53,14.92,23.31,6457.63,0,55,2
2019,160,16.81,15.65,18.91,1850.4,0.6,55,2
2019,161,16.02,14.19,18.7,2347.79,0,55,2
2019,162,17.12,13.54,20.82,4677.21,0,55,2
2019,163,17.67,14.32,20.69,3301.71,0,55,2
2019,164,18.31,14.85,22.75,5724.94,0,55,2
2019,165,17.51,14.36,21.77,4568.13,0,55,2
2019,166,16.85,13.84,20.65,4424.06,0,55,2
2019,167,17.9,13.41,23.5,6029.63,0,55,2
2019,168,17.89,11.91,23.72,7438.64,0,55,2
2019,169,16.99,12.83,21.42,3893.95,0,55,2
2019,170,18.41,13.15,24.45,6129.86,0,55,2
2019,171,18.09,13.8,22.92,5664.24,0,55,2
2019,172,16.28,13.91,18.74,2430.09,0,55,2
2019,173,18.07,13.93,23.24,6379.79,0,55,2
2019,174,18.56,14.17,25.27,6257.21,0.2,55,2
2019,175,18.71,14.17,24.32,4915.15,0,55,2
2019,176,17.19,13.19,20.82,3428.11,0,55,2
2019,177,17.54,14.61,22.73,3715.56,0,55,2
2019,178,17.66,13.55,22.06,3602.56,0,55,2
2019,179,16.94,13.95,21.81,4399.01,0,55,2
2019,180,17.74,11.85,24.73,7537.49,0,55,2
2019,181,17.93,11.47,24.61,6170.1,0,55,2
2019,182,18.81,13.31,24.6,7106.58,0,55,2
2019,183,18.68,12.96,24.5,6059.44,0,55,2
2019,184,17.95,14.3,21.36,3333.95,0,55,2
2019,185,17.9,12.35,23.86,6306.57,0,55,2
2019,186,18.42,12.86,24.56,6066.84,0,55,2
2019,187,17.87,14.63,22.66,4641.52,0,55,2
2019,188,17.85,13.7,23.31,4410.11,0,55,2
2019,189,18.44,12.39,24.56,6460.9,0,55,2
2019,190,18.78,12.94,24.98,6683.04,0,55,2
2019,191,18.36,12.39,24.25,5334.86,0,55,2
2019,192,18.57,13.6,23.86,5984.31,0,55,2
2019,193,19.03,13.91,24.83,6499.74,0,55,2
2019,194,17.2,12.31,22.17,3341.59,0,55,2
2019,195,17.31,11.73,22.82,5376.68,0,55,2
2019,196,17.34,12.64,22.77,4383.13,0,55,2
2019,197,16.33,12.08,20.61,3850.19,0,55,2
2019,198,16.31,13.61,20.22,3346.04,0,55,2
2019,199,17.26,12.94,22.71,6757.67,0.8,55,2
2019,200,17.01,13.63,21.97,4965.71,0,55,2
2019,201,16.91,13.07,22.83,3757.06,0,55,2
2019,202,18.76,11.56,25.88,6729.97,0,55,2
2019,203,17.12,13.12,23.38,4241.27,0,55,2
2019,204,17.71,10.84,25.25,6627.73,0,55,2
2019,205,17.7,11.23,24.66,5359.26,0,55,2
2019,206,18.25,11.51,25.81,7133.08,0,55,2
2019,207,17.23,12.01,24.51,6543.12,0,55,2
2019,208,16.37,10.47,23.42,5543.45,0,55,2
2019,209,16.86,11.64,22.32,4474.95,0,55,2
2019,210,17.92,12.38,22.83,4788.9,0,55,2
2019,211,16.95,13.02,20.8,2657.46,0,55,2
2019,212,17.85,14.64,22.22,2740.72,5.5,55,2
2019,213,19.04,13.92,25.13,6749.62,0,55,2
2019,214,17.43,11.77,23.22,5091.56,0,55,2
2019,215,17.74,13.27,22.95,7726.66,2.24,55,2
2019,216,17.64,11.11,24.33,8437.29,0,55,2
2019,217,18.25,11.2,25.79,7972.97,0,55,2
2019,218,19.24,10.89,27.05,6959.57,0,55,2
2019,219,18.79,15.69,23.92,5529.43,0,55,2
2019,220,18.2,13.84,23.44,6723.5,0,55,2
2019,221,17.18,11.21,22.86,7183.43,0,55,2
2019,222,17.02,11.51,22.78,5358.14,0,55,2
2019,223,16.22,13.92,20.35,3444.46,0,55,2
2019,224,16.57,11.91,22.01,6159.36,0,55,2
2019,225,17.53,13.12,24.09,6637.01,0,55,2
2019,226,16.61,13.48,20.82,3452.25,0,55,2
2019,227,16.27,10.48,21.53,3975.13,0,55,2
2019,228,16.83,13.06,20.04,3528.84,0,55,2
2019,229,16.87,10.76,21.79,4284.39,0,55,2
2019,230,17.39,13.13,22.2,4743.32,0,55,2
2019,231,15.55,12.98,18.9,2431.04,0,55,2
2019,232,16.64,11.71,22.91,4879.11,0,55,2
2019,233,17.54,12.73,23.05,5877.6,0,55,2
2019,234,17.88,13.19,23.81,5110.84,0,55,2
2019,235,19.08,14.36,25.12,7521.28,0,55,2
2019,236,18.18,14.07,24.02,5050,0,55,2
2019,237,18.12,13.09,23.77,8057.25,0.6,55,2
2019,238,18.7,13.64,24.5,7760.75,0,55,2
2019,239,18.86,14.11,24.05,4653.62,0,55,2
2019,240,18.44,11.76,25.4,6637.04,0,55,2
2019,241,18.78,13.52,23.91,4364.73,0,55,2
2019,242,18.13,14.9,22.54,4319.43,0,55,2
2019,243,18.5,14.33,25.01,4329.28,10.8,55,2
2019,244,17.97,14.87,27.12,7028.39,31.2,55,2
2019,245,17.39,13.12,22.63,7846.57,0,55,2
2019,246,17.63,14.82,22.54,4097.85,0,55,2
2019,247,17.57,12.92,22.5,5650.24,0,55,2
2019,248,17.44,13.29,22.02,4332.13,0,55,2
2019,249,18.52,12.92,24.57,7721.41,0,55,2
2019,250,17.65,15.03,22.1,3895.81,0,55,2
2019,251,16.47,12.95,20.12,3283.88,0,55,2
2019,252,18.15,12.92,23.88,5987.49,0,55,2
2019,253,18,14.77,23.35,4641.89,0.2,55,2
2019,254,18.26,14.4,23.63,6756.26,0.31,55,2
2019,255,18.97,13.41,24.95,8370.25,0,55,2
2019,256,18.79,12.07,25.68,8119.75,0,55,2
2019,257,19.18,12.88,26.26,8298.22,0,55,2
2019,258,19.37,14.21,26.28,7474.8,0,55,2
2019,259,18.66,13.12,24.72,8132.36,0,55,2
2019,260,18.6,11.74,25.31,8367.94,0,55,2
2019,261,19.36,12.84,26.39,6456.69,0,55,2
2019,262,18.32,11.52,25.06,8848.2,0,55,2
2019,263,18.3,10.69,24.81,7908.27,0,55,2
2019,264,18.68,11.87,25.46,7228.4,0,55,2
2019,265,18.64,12.03,25.7,7820.31,0,55,2
2019,266,18.72,12.85,25.54,6925.51,0,55,2
2019,267,18.01,14.36,22.41,5307.09,0,55,2
2019,268,15.53,13.33,20.49,1286.71,0,55,2
2019,269,18.85,14.66,24.06,0,1.66,55,2
2019,270,18.91,14.87,23.32,3482.24,0,55,2
2019,271,19.98,13.26,26.78,7984.7,0,55,2
2019,272,19.86,12.87,27.43,8391.52,0,55,2
2019,273,20.83,13.8,27.98,8104.44,0,55,2
2019,274,19.33,15.2,26.67,5993.81,2.5,55,2
2019,275,18.41,13.74,24.03,6515.77,0,55,2
2019,276,19.55,15.95,25.07,6926.81,0,55,2
2019,277,18.79,14.17,23.39,7254.83,0,55,2
2019,278,18.25,14.72,23.56,4219.35,0.41,55,2
2019,279,17.18,14.37,21.73,5641.89,0,55,2
2019,280,18.49,13.03,23.96,9329.79,0,55,2
2019,281,19.44,12.55,25.73,9455.69,0,55,2
2019,282,19.36,16.02,24.8,7400.7,3.8,55,2
2019,283,17.87,14.14,23.07,6748.23,0.3,55,2
2019,284,17.84,15.21,22.08,5875.86,0,55,2
2019,285,17.5,15.04,21.4,7467.47,0,55,2
2019,286,17.52,15.22,21.51,6938.43,0,55,2
2019,287,17.79,15.13,21.2,5604.06,0,55,2
2019,288,19,15.35,23.62,8904.13,0,55,2
2019,289,19.22,14.01,25.17,10164.39,0,55,2
2019,290,17.64,15.63,20.59,5527.42,55.1,55,2
2019,291,17.36,15.41,20.65,5002.28,7.9,55,2
2019,292,18.01,15.58,21.68,5722.9,11.3,55,2
2019,293,18.97,15.34,23.73,10274.9,0.41,55,2
2019,294,19.21,15.34,24.28,8345.32,0,55,2
2019,295,19.52,14.68,25.01,8669.87,0.9,55,2
2019,296,19.33,15.77,24.13,9692.82,2.3,55,2
2019,297,18.17,15.07,22.69,7246.78,24.9,55,2
2019,298,18.28,15.42,22.58,8352.07,12.5,55,2
2019,299,18.51,15.63,22.27,10219.23,4.2,55,2
2019,300,19.39,15.03,23.96,10083.3,0.1,55,2
2019,301,19.24,15.72,24.01,9495.91,0,55,2
2019,302,19.29,15.58,24.84,8218.19,0,55,2
2019,303,18.53,15.56,23.05,7173.4,2.86,55,2
2019,304,18.49,15.22,22.93,7441.71,1.3,55,2
2019,305,18.4,14.89,23.32,9355.52,0,55,2
2019,306,18.24,14.25,22.92,7995.39,0,55,2
2019,307,18.16,13.89,24.39,8616.74,0,55,2
2019,308,18.34,14.16,23.7,10460.23,0,55,2
2019,309,18.66,14.52,23.76,9129.74,0,55,2
2019,310,19.62,15.19,24.96,9964.08,0,55,2
2019,311,19.44,16.05,24.72,7968.71,0,55,2
2019,312,19.06,16.04,23.76,9252.71,0,55,2
2019,313,18.92,13.93,23.98,8862.68,0,55,2
2019,314,19.01,15.81,23.62,7651.34,0,55,2
2019,315,19.14,15.98,23.86,8738.56,0,55,2
2019,316,18.77,16.06,22.7,7622.23,0,55,2
2019,317,18.1,15.58,22.25,6544.17,0,55,2
2019,318,17.96,15.52,22.28,6834.62,0,55,2
2019,319,16.53,16.53,16.53,0,0,55,2
2019,320,19.81,16.03,23.91,9813.37,0,55,2
2019,321,19.01,14.29,24.06,9149.66,0,55,2
2019,322,19.26,15.26,24.25,8981.37,0,55,2
2019,323,19.23,15.86,24,8667,0,55,2
2019,324,18.87,15.26,24.86,8767.37,0,55,2
2019,325,19.87,16.63,24.89,8654.76,0,55,2
2019,326,19.69,15.39,24.42,10941.11,0,55,2
2019,327,17.72,15.47,20.76,4794.32,0,55,2
2019,328,18.25,14.93,23.51,6191.35,0,55,2
2019,329,17.47,15.09,22.91,7345.74,0,55,2
2019,330,17.73,15.01,21.99,6807.55,0,55,2
2019,331,18.95,15.62,23.39,10746.75,0,55,2
2019,332,18.36,14.34,23.18,10307.78,0,55,2
2019,333,18.62,14.36,24.03,7299.83,0,55,2
2019,334,18.09,15.94,22.55,5924.47,0,55,2
2019,335,18.03,15.75,22.07,8765,0,55,2
2019,336,18.18,15.73,22.36,5775.02,0,55,2
2019,337,18.5,15.93,23.08,7028.17,0.7,55,2
2019,338,19.32,15.67,24.27,8191.88,1.9,55,2
2019,339,18.13,15.01,22.24,5550.9,0,55,2
2019,340,18.97,15.28,23.36,7779.09,0,55,2
2019,341,18.55,16.05,21.78,4855.54,0,55,2
2019,342,18.45,14.91,23.41,6572.81,0,55,2
2019,343,18.62,16.07,23.39,5103.5,0,55,2
2019,344,17.65,16.34,20.49,5566.79,0,55,2
2019,345,18.11,15.52,22.71,8564.84,0,55,2
2019,346,18.21,14.16,23.7,9822.07,0,55,2
2019,347,18.85,14.95,23.97,10594.18,0,55,2
2019,348,18.15,14.92,22.63,8088.89,3.7,55,2
2019,349,18.22,15.09,22.95,7258.37,5.1,55,2
2019,350,18.74,15.02,23.64,9702.49,0.6,55,2
2019,351,18.58,15.31,23.33,7652.68,0,55,2
2019,352,19.04,15.82,23.61,10314.97,0,55,2
2019,353,18.14,13.6,23.35,10163.9,0,55,2
2019,354,18.52,13.56,23.94,9998.49,0,55,2
2019,355,18.38,14.96,23.58,6220.1,3.1,55,2
2019,356,18.21,15.16,22.45,6824.11,0,55,2
2019,357,18.85,15.22,23.57,8485.88,7.2,55,2
2019,358,19.06,15.76,22.86,5887.99,0.1,55,2
2019,359,19.35,15.19,23.96,9034,5.1,55,2
2019,360,18.84,14.18,24.07,8185.97,14.3,55,2
2019,361,20.03,16.84,25.15,8327.43,36.7,55,2
2019,362,19.24,16.7,24.57,7435.85,16.4,55,2
2019,363,19.78,17.05,23.96,7813.93,0.2,55,2
2019,364,18.69,14.02,23.16,8787.69,0,55,2
2019,365,18.53,14.56,23.5,8998.73,0,55,2
2020,1,18.87,14.27,24.06,10329.67,0,55,2
2020,2,18.6,15.09,24.2,9347.62,0,55,2
2020,3,18.87,14.79,23.39,8286.73,0.01,55,2
2020,4,18.35,14.91,22.96,8681.75,0,55,2
2020,5,19.06,13.76,24.8,9683.51,0,55,2
2020,6,19.73,16.04,25.18,9399.77,0.11,55,2
2020,7,18.65,16.18,22.58,6820.28,0.04,55,2
2020,8,17.85,15.51,21.77,6600.09,0.12,55,2
2020,9,18.29,14.92,23.68,7190.79,0.03,55,2
2020,10,19.33,15.43,25.04,8938.71,0,55,2
2020,11,19.79,14.86,25.57,9188.14,0,55,2
2020,12,19.92,15.97,26.22,9333.45,0,55,2
2020,13,18.14,15.62,23.12,5818.89,0.17,55,2
2020,14,19.17,15.59,23.34,8429.01,0,55,2
2020,15,19.66,16.05,24.3,10427.44,0,55,2
2020,16,19.26,15.72,23.54,7455.85,0,55,2
2020,17,19.23,15.23,24.32,6911.27,0,55,2
2020,18,19.7,15.63,25.21,9116.87,0,55,2
2020,19,19.62,14.57,25.27,8273.39,0,55,2
2020,20,19.77,14.66,25.74,9632.59,0,55,2
2020,21,19.97,15.24,25.14,8326.39,0,55,2
2020,22,19.73,16.27,23.65,6950.81,0,55,2
2020,23,19.23,16.72,23.31,6682.14,0,55,2
2020,24,18.93,16.77,22.39,4846.37,0,55,2
2020,25,18.92,16.13,23.47,6222.02,0,55,2
2020,26,18.22,16.01,21.8,6077.23,0.17,55,2
2020,27,18.12,15.76,21.76,6214.51,0.03,55,2
2020,28,17.49,15.28,20.93,5666.17,0.18,55,2
2020,29,18.97,15.65,23.87,9681.9,0,55,2
2020,30,19.13,16.02,23.8,9763.51,0,55,2
2020,31,19.57,15.45,24.69,8310.77,0,55,2
2020,32,18.54,15.06,23.73,8006.42,93.1,55,2
2020,33,18.6,15.45,24.21,6758.97,0,55,2
2020,34,18.98,15.14,24.18,9834.7,0,55,2
2020,35,19,14.47,24,9638.1,0,55,2
2020,36,18.62,13.05,23.96,10118.71,0,55,2
2020,37,18.63,14.81,24.55,10232.91,0,55,2
2020,38,19.15,13.23,25.6,10364.8,0,55,2
2020,39,18.71,14.71,24.32,9787.63,0,55,2
2020,40,18.43,14.38,24,10334,0,55,2
2020,41,18.83,12.55,25.98,10382.79,0,55,2
2020,42,20,12.81,27.74,10306.97,0,55,2
2020,43,20.25,13.96,26.15,9931.56,0,55,2
2020,44,19.63,15.65,24.61,9263.29,0,55,2
2020,45,19.28,16.14,24.18,9785.13,0,55,2
2020,46,18.36,15.79,23.66,7171.68,0,55,2
2020,47,18.19,15.73,22.67,7194.28,0,55,2
2020,48,19.41,15.51,24.99,10270.67,0,55,2
2020,49,19.31,14.86,24.59,10377.06,0,55,2
2020,50,19.72,16.24,25.13,10216.62,0,55,2
2020,51,20.29,14.47,26.54,10901.91,0,55,2
2020,52,20.38,15.67,26.27,10455.92,0,55,2
2020,53,19.54,15.71,25.24,7587.35,16.55,55,2
2020,54,19.7,16.55,24.63,7830.33,1.45,55,2
2020,55,19.7,16.31,25.16,9754.09,0.01,55,2
2020,56,20.61,14.28,27.14,9420.88,0,55,2
2020,57,20.28,16.85,26.37,9261.19,0,55,2
2020,58,19.76,15.89,25.47,10158.43,0,55,2
2020,59,20.01,16.43,25.48,9141.21,0,55,2
2020,60,20.47,14.51,26.99,7797.1,0,55,2
2020,61,20.14,15.93,27.25,5831.83,0.03,55,2
2020,62,18.85,15.83,25.19,7013.24,22.43,55,2
2020,63,20.49,16.49,25.46,8784.18,0,55,2
2020,64,20.53,16.73,26.12,9022.34,0,55,2
2020,65,19.8,15.12,27.37,9634.45,0.74,55,2
2020,66,20.34,15.4,26.9,9897.37,0,55,2
2020,67,20.39,15.21,27.03,10317.08,0,55,2
2020,68,19.97,16.25,25.24,10544.14,0,55,2
2020,69,19.9,16.92,25.4,6980.98,0,55,2
2020,70,20.26,16.56,25.56,9690.22,0,55,2
2020,71,20.07,15.98,25.99,9505.51,0,55,2
2020,72,19.85,16.71,25.09,7608.27,0,55,2
2020,73,20.18,16.54,25.71,8486.42,0,55,2
2020,74,19.38,14.63,25.86,5074.3,0.01,55,2
2020,75,20.48,16.06,26.94,6373.12,0,55,2
2020,76,20.82,15.91,28.21,6086.54,0,55,2
2020,77,20.26,17.18,25.81,2929.07,0,55,2
2020,78,20.14,16.06,25.72,3260.94,0,55,2
2020,79,19.34,15.33,25.4,5418.62,0.03,55,2
2020,80,19.81,15.53,26.22,6086.88,0,55,2
2020,81,19.51,15.85,25.09,3537.95,0.03,55,2
2020,82,19.57,15.35,25.1,3697.66,0,55,2
2020,83,20.05,14.28,26.85,6370.22,0,55,2
2020,84,20.23,15.97,26.7,4471.91,0,55,2
2020,85,20.5,16.36,26.2,2207.06,0,55,2
2020,86,19.99,15.44,26.75,2292.96,0.32,55,2
2020,87,18.78,15.75,24.97,4153.5,0.04,55,2
2020,88,19.73,16.34,24.86,3805.36,0,55,2
2020,89,18.97,14.05,25.29,3063.01,0.23,55,2
2020,90,19.92,15.37,25.89,6118.96,0,55,2
2020,91,20.24,17.01,24.89,3441.8,0,55,2
2020,92,20.12,15.33,25.56,6142.59,0,55,2
2020,93,19.28,14.25,25,5492.15,0,55,2
2020,94,19.62,16.52,24.58,3415,0,55,2
2020,95,19.49,15.39,24.53,3611.95,0,55,2
2020,96,19.65,15.37,25.35,5744.54,0,55,2
2020,97,19.59,16.05,25.32,5304.25,0,55,2
2020,98,19.49,17.26,23.81,2444.85,0,55,2
2020,99,19.88,16.1,24.92,3391.26,0,55,2
2020,100,19.44,14.56,25.31,5250.32,0,55,2
2020,101,19.82,15.71,24.83,2637.75,0,55,2
2020,102,19.84,14.45,26.31,6043.71,0,55,2
2020,103,19.71,13.39,26.15,4911.94,0,55,2
2020,104,19.84,16.24,24.76,1625.52,0,55,2
2020,105,19.66,15.75,26.32,1776.42,0,55,2
2020,106,19.55,15.93,26.53,4468.35,0.1,55,2
2020,107,19.2,14.99,25.94,5748.82,0,55,2
2020,108,19.35,14.96,25.09,836.83,0,55,2
2020,109,19.19,16.96,26,1897.58,0.09,55,2
2020,110,18.53,15.63,22.94,3922.66,0,55,2
2020,111,18.87,16.19,23.77,3608.28,0.36,55,2
2020,112,18.71,15.45,24.2,2071.69,2.18,55,2
2020,113,18.61,15.47,22.27,1183.12,7.01,55,2
2020,114,16.82,15.37,19.12,1884.92,191.91,55,2
2020,115,18.99,14.84,24.44,4828.73,0,55,2
2020,116,18.38,14.91,22.32,1899.91,11.13,55,2
2020,117,18.71,16.6,24.71,1861.26,3.63,55,2
2020,118,18.41,13.85,22.36,4288.59,0,55,2
2020,119,18.98,14.05,24.83,5534.01,0,55,2
2020,120,19.31,16.56,23.75,1768.62,0,55,2
2020,121,19.48,16.45,24.7,5507.34,0,55,2
2020,122,18.96,15.79,24.42,5367.89,0,55,2
2020,123,19,16.27,24.21,3268.12,0,55,2
2020,124,19.32,16.45,24.31,2449.34,0,55,2
2020,125,19.4,14.97,25,2782.09,0,55,2
2020,126,19.36,15.02,24.46,4530.4,0,55,2
2020,127,19.53,16.43,24.58,4251.51,0,55,2
2020,128,18.48,16.11,21.77,1579.38,0,55,2
2020,129,18.28,14.62,22.77,2032.46,0,55,2
2020,130,17.98,16.38,21.01,1587.56,0,55,2
2020,131,18.85,14.66,24.06,0,1.66,55,2
2020,132,18.85,14.66,24.06,0,1.66,55,2
2020,133,18.85,14.66,24.06,0,1.66,55,2
2020,134,18.85,14.66,24.06,0,1.66,55,2
2020,135,18.85,14.66,24.06,0,1.66,55,2
2020,136,18.85,14.66,24.06,0,1.66,55,2
2020,137,18.85,14.66,24.06,0,1.66,55,2
2020,138,18.85,14.66,24.06,0,1.66,55,2
2020,139,18.85,14.66,24.06,0,1.66,55,2
2020,140,18.85,14.66,24.06,0,1.66,55,2
2020,141,18.85,14.66,24.06,0,1.66,55,2
2020,142,18.85,14.66,24.06,0,1.66,55,2
2020,143,18.85,14.66,24.06,0,1.66,55,2
2020,144,18.85,14.66,24.06,0,1.66,55,2
2020,145,18.85,14.66,24.06,0,1.66,55,2
2020,146,18.85,14.66,24.06,0,1.66,55,2
2020,147,18.85,14.66,24.06,0,1.66,55,2
2020,148,18.85,14.66,24.06,0,1.66,55,2
2020,149,18.85,14.66,24.06,0,1.66,55,2
2020,150,18.85,14.66,24.06,0,1.66,55,2
2020,151,18.85,14.66,24.06,0,1.66,55,2
2020,152,18.85,14.66,24.06,0,1.66,55,2
2020,153,18.85,14.66,24.06,0,1.66,55,2
2020,154,18.85,14.66,24.06,0,1.66,55,2
2020,155,18.85,14.66,24.06,0,1.66,55,2
2020,156,18.85,14.66,24.06,0,1.66,55,2
2020,157,18.85,14.66,24.06,0,1.66,55,2
2020,158,18.85,14.66,24.06,0,1.66,55,2
2020,159,18.85,14.66,24.06,0,1.66,55,2
2020,160,18.85,14.66,24.06,0,1.66,55,2
2020,161,18.85,14.66,24.06,0,1.66,55,2
2020,162,18.85,14.66,24.06,0,1.66,55,2
2020,163,18.85,14.66,24.06,0,1.66,55,2
2020,164,18.85,14.66,24.06,0,1.66,55,2
2020,165,18.85,14.66,24.06,0,1.66,55,2
2020,166,18.85,14.66,24.06,0,1.66,55,2
2020,167,18.85,14.66,24.06,0,1.66,55,2
2020,168,18.85,14.66,24.06,0,1.66,55,2
2020,169,18.85,14.66,24.06,0,1.66,55,2
2020,170,18.85,14.66,24.06,0,1.66,55,2
2020,171,18.85,14.66,24.06,0,1.66,55,2
2020,172,18.85,14.66,24.06,0,1.66,55,2
2020,173,18.85,14.66,24.06,0,1.66,55,2
2020,174,18.85,14.66,24.06,0,1.66,55,2
2020,175,18.85,14.66,24.06,0,1.66,55,2
2020,176,18.85,14.66,24.06,0,1.66,55,2
2020,177,18.85,14.66,24.06,0,1.66,55,2
2020,178,18.85,14.66,24.06,0,1.66,55,2
2020,179,18.85,14.66,24.06,0,1.66,55,2
2020,180,18.85,14.66,24.06,0,1.66,55,2
2020,181,18.85,14.66,24.06,0,1.66,55,2
2020,182,18.85,14.66,24.06,0,1.66,55,2
2020,183,18.85,14.66,24.06,0,1.66,55,2
2020,184,18.85,14.66,24.06,0,1.66,55,2
2020,185,18.85,14.66,24.06,0,1.66,55,2
2020,186,18.85,14.66,24.06,0,1.66,55,2
2020,187,18.85,14.66,24.06,0,1.66,55,2
2020,188,18.85,14.66,24.06,0,1.66,55,2
2020,189,18.85,14.66,24.06,0,1.66,55,2
2020,190,18.85,14.66,24.06,0,1.66,55,2
2020,191,18.85,14.66,24.06,0,1.66,55,2
2020,192,18.85,14.66,24.06,0,1.66,55,2
2020,193,18.85,14.66,24.06,0,1.66,55,2
2020,194,18.85,14.66,24.06,0,1.66,55,2
2020,195,18.85,14.66,24.06,0,1.66,55,2
2020,196,18.85,14.66,24.06,0,1.66,55,2
2020,197,18.85,14.66,24.06,0,1.66,55,2
2020,198,18.85,14.66,24.06,0,1.66,55,2
2020,199,18.85,14.66,24.06,0,1.66,55,2
2020,200,18.85,14.66,24.06,0,1.66,55,2
2020,201,18.85,14.66,24.06,0,1.66,55,2
2020,202,18.85,14.66,24.06,0,1.66,55,2
2020,203,18.85,14.66,24.06,0,1.66,55,2
2020,204,18.85,14.66,24.06,0,1.66,55,2
2020,205,18.85,14.66,24.06,0,1.66,55,2
2020,206,18.85,14.66,24.06,0,1.66,55,2
2020,207,18.85,14.66,24.06,0,1.66,55,2
2020,208,18.85,14.66,24.06,0,1.66,55,2
2020,209,18.85,14.66,24.06,0,1.66,55,2
2020,210,18.85,14.66,24.06,0,1.66,55,2
2020,211,18.85,14.66,24.06,0,1.66,55,2
2020,212,18.85,14.66,24.06,0,1.66,55,2
2020,213,18.85,14.66,24.06,0,1.66,55,2
2020,214,18.85,14.66,24.06,0,1.66,55,2
2020,215,18.85,14.66,24.06,0,1.66,55,2
2020,216,18.85,14.66,24.06,0,1.66,55,2
2020,217,18.85,14.66,24.06,0,1.66,55,2
2020,218,18.85,14.66,24.06,0,1.66,55,2
2020,219,18.85,14.66,24.06,0,1.66,55,2
2020,220,18.85,14.66,24.06,0,1.66,55,2
2020,221,18.85,14.66,24.06,0,1.66,55,2
2020,222,18.85,14.66,24.06,0,1.66,55,2
2020,223,18.85,14.66,24.06,0,1.66,55,2
2020,224,18.85,14.66,24.06,0,1.66,55,2
2020,225,18.85,14.66,24.06,0,1.66,55,2
2020,226,18.85,14.66,24.06,0,1.66,55,2
2020,227,18.85,14.66,24.06,0,1.66,55,2
2020,228,18.85,14.66,24.06,0,1.66,55,2
2020,229,18.85,14.66,24.06,0,1.66,55,2
2020,230,18.85,14.66,24.06,0,1.66,55,2
2020,231,18.85,14.66,24.06,0,1.66,55,2
2020,232,18.85,14.66,24.06,0,1.66,55,2
2020,233,18.85,14.66,24.06,0,1.66,55,2
2020,234,18.85,14.66,24.06,0,1.66,55,2
2020,235,18.85,14.66,24.06,0,1.66,55,2
2020,236,18.85,14.66,24.06,0,1.66,55,2
2020,237,18.85,14.66,24.06,0,1.66,55,2
2020,238,18.85,14.66,24.06,0,1.66,55,2
2020,239,18.85,14.66,24.06,0,1.66,55,2
2020,240,18.85,14.66,24.06,0,1.66,55,2
2020,241,18.85,14.66,24.06,0,1.66,55,2
2020,242,18.85,14.66,24.06,0,1.66,55,2
2020,243,18.85,14.66,24.06,0,1.66,55,2
2020,244,18.85,14.66,24.06,0,1.66,55,2
2020,245,18.85,14.66,24.06,0,1.66,55,2
2020,246,18.85,14.66,24.06,0,1.66,55,2
2020,247,18.85,14.66,24.06,0,1.66,55,2
2020,248,18.85,14.66,24.06,0,1.66,55,2
2020,249,18.85,14.66,24.06,0,1.66,55,2
2020,250,18.85,14.66,24.06,0,1.66,55,2
2020,251,18.85,14.66,24.06,0,1.66,55,2
2020,252,18.85,14.66,24.06,0,1.66,55,2
2020,253,18.85,14.66,24.06,0,1.66,55,2
2020,254,18.85,14.66,24.06,0,1.66,55,2
2020,255,18.85,14.66,24.06,0,1.66,55,2
2020,256,18.85,14.66,24.06,0,1.66,55,2
2020,257,18.85,14.66,24.06,0,1.66,55,2
2020,258,18.85,14.66,24.06,0,1.66,55,2
2020,259,18.85,14.66,24.06,0,1.66,55,2
2020,260,18.85,14.66,24.06,0,1.66,55,2
2020,261,18.85,14.66,24.06,0,1.66,55,2
2020,262,18.85,14.66,24.06,0,1.66,55,2
2020,263,18.85,14.66,24.06,0,1.66,55,2
2020,264,18.85,14.66,24.06,0,1.66,55,2
2020,265,18.85,14.66,24.06,0,1.66,55,2
2020,266,18.85,14.66,24.06,0,1.66,55,2
2020,267,18.85,14.66,24.06,0,1.66,55,2
2020,268,18.85,14.66,24.06,0,1.66,55,2
2020,269,18.85,14.66,24.06,0,1.66,55,2
2020,270,18.85,14.66,24.06,0,1.66,55,2
2020,271,18.85,14.66,24.06,0,1.66,55,2
2020,272,18.85,14.66,24.06,0,1.66,55,2
2020,273,18.85,14.66,24.06,0,1.66,55,2
2020,274,18.85,14.66,24.06,0,1.66,55,2
2020,275,18.85,14.66,24.06,0,1.66,55,2
2020,276,18.85,14.66,24.06,0,1.66,55,2
2020,277,18.85,14.66,24.06,0,1.66,55,2
2020,278,18.85,14.66,24.06,0,1.66,55,2
2020,279,18.85,14.66,24.06,0,1.66,55,2
2020,280,18.85,14.66,24.06,0,1.66,55,2
2020,281,18.85,14.66,24.06,0,1.66,55,2
2020,282,18.85,14.66,24.06,0,1.66,55,2
2020,283,18.85,14.66,24.06,0,1.66,55,2
2020,284,18.85,14.66,24.06,0,1.66,55,2
2020,285,18.85,14.66,24.06,0,1.66,55,2
2020,286,18.85,14.66,24.06,0,1.66,55,2
2020,287,18.85,14.66,24.06,0,1.66,55,2
2020,288,18.85,14.66,24.06,0,1.66,55,2
2020,289,18.85,14.66,24.06,0,1.66,55,2
2020,290,18.85,14.66,24.06,0,1.66,55,2
2020,291,18.85,14.66,24.06,0,1.66,55,2
2020,292,18.85,14.66,24.06,0,1.66,55,2
2020,293,18.85,14.66,24.06,0,1.66,55,2
2020,294,18.85,14.66,24.06,0,1.66,55,2
2020,295,18.85,14.66,24.06,0,1.66,55,2
2020,296,18.85,14.66,24.06,0,1.66,55,2
2020,297,18.85,14.66,24.06,0,1.66,55,2
2020,298,18.85,14.66,24.06,0,1.66,55,2
2020,299,18.85,14.66,24.06,0,1.66,55,2
2020,300,18.85,14.66,24.06,0,1.66,55,2
2020,301,18.85,14.66,24.06,0,1.66,55,2
2020,302,18.85,14.66,24.06,0,1.66,55,2
2020,303,18.85,14.66,24.06,0,1.66,55,2
2020,304,18.85,14.66,24.06,0,1.66,55,2
2020,305,18.85,14.66,24.06,0,1.66,55,2
2020,306,18.85,14.66,24.06,0,1.66,55,2
2020,307,18.85,14.66,24.06,0,1.66,55,2
2020,308,18.85,14.66,24.06,0,1.66,55,2
2020,309,18.85,14.66,24.06,0,1.66,55,2
2020,310,18.85,14.66,24.06,0,1.66,55,2
2020,311,18.85,14.66,24.06,0,1.66,55,2
2020,312,18.85,14.66,24.06,0,1.66,55,2
2020,313,18.85,14.66,24.06,0,1.66,55,2
2020,314,18.85,14.66,24.06,0,1.66,55,2
2020,315,18.85,14.66,24.06,0,1.66,55,2
2020,316,18.85,14.66,24.06,0,1.66,55,2
2020,317,18.85,14.66,24.06,0,1.66,55,2
2020,318,18.85,14.66,24.06,0,1.66,55,2
2020,319,18.85,14.66,24.06,0,1.66,55,2
2020,320,18.85,14.66,24.06,0,1.66,55,2
2020,321,18.85,14.66,24.06,0,1.66,55,2
2020,322,18.85,14.66,24.06,0,1.66,55,2
2020,323,18.85,14.66,24.06,0,1.66,55,2
2020,324,18.85,14.66,24.06,0,1.66,55,2
2020,325,18.85,14.66,24.06,0,1.66,55,2
2020,326,18.85,14.66,24.06,0,1.66,55,2
2020,327,18.85,14.66,24.06,0,1.66,55,2
2020,328,18.85,14.66,24.06,0,1.66,55,2
2020,329,18.85,14.66,24.06,0,1.66,55,2
2020,330,18.85,14.66,24.06,0,1.66,55,2
2020,331,18.85,14.66,24.06,0,1.66,55,2
2020,332,18.85,14.66,24.06,0,1.66,55,2
2020,333,18.85,14.66,24.06,0,1.66,55,2
2020,334,18.85,14.66,24.06,0,1.66,55,2
2020,335,18.85,14.66,24.06,0,1.66,55,2
2020,336,18.85,14.66,24.06,0,1.66,55,2
2020,337,18.85,14.66,24.06,0,1.66,55,2
2020,338,18.85,14.66,24.06,0,1.66,55,2
2020,339,18.85,14.66,24.06,0,1.66,55,2
2020,340,18.85,14.66,24.06,0,1.66,55,2
2020,341,18.85,14.66,24.06,0,1.66,55,2
2020,342,18.85,14.66,24.06,0,1.66,55,2
2020,343,18.85,14.66,24.06,0,1.66,55,2
2020,344,18.85,14.66,24.06,0,1.66,55,2
2020,345,18.85,14.66,24.06,0,1.66,55,2
2020,346,18.85,14.66,24.06,0,1.66,55,2
2020,347,18.85,14.66,24.06,0,1.66,55,2
2020,348,18.85,14.66,24.06,0,1.66,55,2
2020,349,18.85,14.66,24.06,0,1.66,55,2
2020,350,18.85,14.66,24.06,0,1.66,55,2
2020,351,18.85,14.66,24.06,0,1.66,55,2
2020,352,18.85,14.66,24.06,0,1.66,55,2
2020,353,18.85,14.66,24.06,0,1.66,55,2
2020,354,18.85,14.66,24.06,0,1.66,55,2
2020,355,18.85,14.66,24.06,0,1.66,55,2
2020,356,18.85,14.66,24.06,0,1.66,55,2
2020,357,18.85,14.66,24.06,0,1.66,55,2
2020,358,18.85,14.66,24.06,0,1.66,55,2
2020,359,18.85,14.66,24.06,0,1.66,55,2
2020,360,18.85,14.66,24.06,0,1.66,55,2
2020,361,18.85,14.66,24.06,0,1.66,55,2
2020,362,18.85,14.66,24.06,0,1.66,55,2
2020,363,18.85,14.66,24.06,0,1.66,55,2
2020,364,18.85,14.66,24.06,0,1.66,55,2
2020,365,18.85,14.66,24.06,0,1.66,55,2
2020,366,18.85,14.66,24.06,0,1.66,55,2
2021,1,18.85,14.66,24.06,0,1.66,55,2
2021,2,18.85,14.66,24.06,0,1.66,55,2
2021,3,18.85,14.66,24.06,0,1.66,55,2
2021,4,18.85,14.66,24.06,0,1.66,55,2
2021,5,18.85,14.66,24.06,0,1.66,55,2
2021,6,18.85,14.66,24.06,0,1.66,55,2
2021,7,18.85,14.66,24.06,0,1.66,55,2
2021,8,18.85,14.66,24.06,0,1.66,55,2
2021,9,18.85,14.66,24.06,0,1.66,55,2
2021,10,18.85,14.66,24.06,0,1.66,55,2
2021,11,18.85,14.66,24.06,0,1.66,55,2
2021,12,18.85,14.66,24.06,0,1.66,55,2
2021,13,18.85,14.66,24.06,0,1.66,55,2
2021,14,18.85,14.66,24.06,0,1.66,55,2
2021,15,18.85,14.66,24.06,0,1.66,55,2
2021,16,18.85,14.66,24.06,0,1.66,55,2
2021,17,18.85,14.66,24.06,0,1.66,55,2
2021,18,18.85,14.66,24.06,0,1.66,55,2
2021,19,18.85,14.66,24.06,0,1.66,55,2
2021,20,18.85,14.66,24.06,0,1.66,55,2
2021,21,18.85,14.66,24.06,0,1.66,55,2
2021,22,18.85,14.66,24.06,0,1.66,55,2
2021,23,18.85,14.66,24.06,0,1.66,55,2
2021,24,18.85,14.66,24.06,0,1.66,55,2
2021,25,18.85,14.66,24.06,0,1.66,55,2
2021,26,18.85,14.66,24.06,0,1.66,55,2
2021,27,18.85,14.66,24.06,0,1.66,55,2
2021,28,18.85,14.66,24.06,0,1.66,55,2
2021,29,18.85,14.66,24.06,0,1.66,55,2
2021,30,18.85,14.66,24.06,0,1.66,55,2
2021,31,18.85,14.66,24.06,0,1.66,55,2
2021,32,18.85,14.66,24.06,0,1.66,55,2
2021,33,18.85,14.66,24.06,0,1.66,55,2
2021,34,18.85,14.66,24.06,0,1.66,55,2
2021,35,18.85,14.66,24.06,0,1.66,55,2
2021,36,18.85,14.66,24.06,0,1.66,55,2
2021,37,18.85,14.66,24.06,0,1.66,55,2
2021,38,18.85,14.66,24.06,0,1.66,55,2
2021,39,18.85,14.66,24.06,0,1.66,55,2
2021,40,18.85,14.66,24.06,0,1.66,55,2
2021,41,18.85,14.66,24.06,0,1.66,55,2
2021,42,18.85,14.66,24.06,0,1.66,55,2
2021,43,18.85,14.66,24.06,0,1.66,55,2
2021,44,18.85,14.66,24.06,0,1.66,55,2
2021,45,18.85,14.66,24.06,0,1.66,55,2
2021,46,18.85,14.66,24.06,0,1.66,55,2
2021,47,18.85,14.66,24.06,0,1.66,55,2
2021,48,18.85,14.66,24.06,0,1.66,55,2
2021,49,18.85,14.66,24.06,0,1.66,55,2
2021,50,18.85,14.66,24.06,0,1.66,55,2
2021,51,18.85,14.66,24.06,0,1.66,55,2
2021,52,18.85,14.66,24.06,0,1.66,55,2
2021,53,18.85,14.66,24.06,0,1.66,55,2
2021,54,18.85,14.66,24.06,0,1.66,55,2
2021,55,18.85,14.66,24.06,0,1.66,55,2
2021,56,18.85,14.66,24.06,0,1.66,55,2
2021,57,18.85,14.66,24.06,0,1.66,55,2
2021,58,18.85,14.66,24.06,0,1.66,55,2
2021,59,18.85,14.66,24.06,0,1.66,55,2
2021,60,18.85,14.66,24.06,0,1.66,55,2
2021,61,18.85,14.66,24.06,0,1.66,55,2
2021,62,18.85,14.66,24.06,0,1.66,55,2
2021,63,18.85,14.66,24.06,0,1.66,55,2
2021,64,18.85,14.66,24.06,0,1.66,55,2
2021,65,18.85,14.66,24.06,0,1.66,55,2
2021,66,18.85,14.66,24.06,0,1.66,55,2
2021,67,18.85,14.66,24.06,0,1.66,55,2
2021,68,18.85,14.66,24.06,0,1.66,55,2
2021,69,18.85,14.66,24.06,0,1.66,55,2
2021,70,18.85,14.66,24.06,0,1.66,55,2
2021,71,18.85,14.66,24.06,0,1.66,55,2
2021,72,18.85,14.66,24.06,0,1.66,55,2
2021,73,18.85,14.66,24.06,0,1.66,55,2
2021,74,18.85,14.66,24.06,0,1.66,55,2
2021,75,18.85,14.66,24.06,0,1.66,55,2
2021,76,18.85,14.66,24.06,0,1.66,55,2
2021,77,18.85,14.66,24.06,0,1.66,55,2
2021,78,18.85,14.66,24.06,0,1.66,55,2
2021,79,18.85,14.66,24.06,0,1.66,55,2
2021,80,18.85,14.66,24.06,0,1.66,55,2
2021,81,18.85,14.66,24.06,0,1.66,55,2
2021,82,18.85,14.66,24.06,0,1.66,55,2
2021,83,18.85,14.66,24.06,0,1.66,55,2
2021,84,18.85,14.66,24.06,0,1.66,55,2
2021,85,18.85,14.66,24.06,0,1.66,55,2
2021,86,18.85,14.66,24.06,0,1.66,55,2
2021,87,18.85,14.66,24.06,0,1.66,55,2
2021,88,18.85,14.66,24.06,0,1.66,55,2
2021,89,18.85,14.66,24.06,0,1.66,55,2
2021,90,18.85,14.66,24.06,0,1.66,55,2
2021,91,18.85,14.66,24.06,0,1.66,55,2
2021,92,18.85,14.66,24.06,0,1.66,55,2
2021,93,18.85,14.66,24.06,0,1.66,55,2
2021,94,18.85,14.66,24.06,0,1.66,55,2
2021,95,18.85,14.66,24.06,0,1.66,55,2
2021,96,18.85,14.66,24.06,0,1.66,55,2
2021,97,18.85,14.66,24.06,0,1.66,55,2
2021,98,18.85,14.66,24.06,0,1.66,55,2
2021,99,18.85,14.66,24.06,0,1.66,55,2
2021,100,18.85,14.66,24.06,0,1.66,55,2
2021,101,18.85,14.66,24.06,0,1.66,55,2
2021,102,18.85,14.66,24.06,0,1.66,55,2
2021,103,18.85,14.66,24.06,0,1.66,55,2
2021,104,18.85,14.66,24.06,0,1.66,55,2
2021,105,18.85,14.66,24.06,0,1.66,55,2
2021,106,18.85,14.66,24.06,0,1.66,55,2
2021,107,18.85,14.66,24.06,0,1.66,55,2
2021,108,18.85,14.66,24.06,0,1.66,55,2
2021,109,18.85,14.66,24.06,0,1.66,55,2
2021,110,18.85,14.66,24.06,0,1.66,55,2
2021,111,18.85,14.66,24.06,0,1.66,55,2
2021,112,18.85,14.66,24.06,0,1.66,55,2
2021,113,18.85,14.66,24.06,0,1.66,55,2
2021,114,18.85,14.66,24.06,0,1.66,55,2
2021,115,18.85,14.66,24.06,0,1.66,55,2
2021,116,18.85,14.66,24.06,0,1.66,55,2
2021,117,18.85,14.66,24.06,0,1.66,55,2
2021,118,18.85,14.66,24.06,0,1.66,55,2
2021,119,18.85,14.66,24.06,0,1.66,55,2
2021,120,18.85,14.66,24.06,0,1.66,55,2
2021,121,18.85,14.66,24.06,0,1.66,55,2
2021,122,18.85,14.66,24.06,0,1.66,55,2
2021,123,18.85,14.66,24.06,0,1.66,55,2
2021,124,18.85,14.66,24.06,0,1.66,55,2
2021,125,18.85,14.66,24.06,0,1.66,55,2
2021,126,18.85,14.66,24.06,0,1.66,55,2
2021,127,18.85,14.66,24.06,0,1.66,55,2
2021,128,18.85,14.66,24.06,0,1.66,55,2
2021,129,18.85,14.66,24.06,0,1.66,55,2
2021,130,18.85,14.66,24.06,0,1.66,55,2
2021,131,18.85,14.66,24.06,0,1.66,55,2
2021,132,18.85,14.66,24.06,0,1.66,55,2
2021,133,18.85,14.66,24.06,0,1.66,55,2
2021,134,18.85,14.66,24.06,0,1.66,55,2
2021,135,18.85,14.66,24.06,0,1.66,55,2
2021,136,18.85,14.66,24.06,0,1.66,55,2
2021,137,18.85,14.66,24.06,0,1.66,55,2
2021,138,18.85,14.66,24.06,0,1.66,55,2
2021,139,18.85,14.66,24.06,0,1.66,55,2
2021,140,18.85,14.66,24.06,0,1.66,55,2
2021,141,18.85,14.66,24.06,0,1.66,55,2
2021,142,18.85,14.66,24.06,0,1.66,55,2
2021,143,18.85,14.66,24.06,0,1.66,55,2
2021,144,18.85,14.66,24.06,0,1.66,55,2
2021,145,18.85,14.66,24.06,0,1.66,55,2
2021,146,18.85,14.66,24.06,0,1.66,55,2
2021,147,18.85,14.66,24.06,0,1.66,55,2
2021,148,18.85,14.66,24.06,0,1.66,55,2
2021,149,18.85,14.66,24.06,0,1.66,55,2
2021,150,18.85,14.66,24.06,0,1.66,55,2
2021,151,18.85,14.66,24.06,0,1.66,55,2
2021,152,18.85,14.66,24.06,0,1.66,55,2
2021,153,18.85,14.66,24.06,0,1.66,55,2
2021,154,18.85,14.66,24.06,0,1.66,55,2
2021,155,18.85,14.66,24.06,0,1.66,55,2
2021,156,18.85,14.66,24.06,0,1.66,55,2
2021,157,18.85,14.66,24.06,0,1.66,55,2
2021,158,18.85,14.66,24.06,0,1.66,55,2
2021,159,18.85,14.66,24.06,0,1.66,55,2
2021,160,18.85,14.66,24.06,0,1.66,55,2
2021,161,18.85,14.66,24.06,0,1.66,55,2
2021,162,18.85,14.66,24.06,0,1.66,55,2
2021,163,18.85,14.66,24.06,0,1.66,55,2
2021,164,18.85,14.66,24.06,0,1.66,55,2
2021,165,18.85,14.66,24.06,0,1.66,55,2
2021,166,18.85,14.66,24.06,0,1.66,55,2
2021,167,18.85,14.66,24.06,0,1.66,55,2
2021,168,18.85,14.66,24.06,0,1.66,55,2
2021,169,18.85,14.66,24.06,0,1.66,55,2
2021,170,18.85,14.66,24.06,0,1.66,55,2
2021,171,18.85,14.66,24.06,0,1.66,55,2
2021,172,18.85,14.66,24.06,0,1.66,55,2
2021,173,18.85,14.66,24.06,0,1.66,55,2
2021,174,18.85,14.66,24.06,0,1.66,55,2
2021,175,18.85,14.66,24.06,0,1.66,55,2
2021,176,18.85,14.66,24.06,0,1.66,55,2
2021,177,18.85,14.66,24.06,0,1.66,55,2
2021,178,18.85,14.66,24.06,0,1.66,55,2
2021,179,18.85,14.66,24.06,0,1.66,55,2
2021,180,18.85,14.66,24.06,0,1.66,55,2
2021,181,18.85,14.66,24.06,0,1.66,55,2
2021,182,18.85,14.66,24.06,0,1.66,55,2
2021,183,18.85,14.66,24.06,0,1.66,55,2
2021,184,18.85,14.66,24.06,0,1.66,55,2
2021,185,18.85,14.66,24.06,0,1.66,55,2
2021,186,18.85,14.66,24.06,0,1.66,55,2
2021,187,18.85,14.66,24.06,0,1.66,55,2
2021,188,18.85,14.66,24.06,0,1.66,55,2
2021,189,18.85,14.66,24.06,0,1.66,55,2
2021,190,18.85,14.66,24.06,0,1.66,55,2
2021,191,18.85,14.66,24.06,0,1.66,55,2
2021,192,18.85,14.66,24.06,0,1.66,55,2
2021,193,18.85,14.66,24.06,0,1.66,55,2
2021,194,18.85,14.66,24.06,0,1.66,55,2
2021,195,18.85,14.66,24.06,0,1.66,55,2
2021,196,18.85,14.66,24.06,0,1.66,55,2
2021,197,18.85,14.66,24.06,0,1.66,55,2
2021,198,18.85,14.66,24.06,0,1.66,55,2
2021,199,18.85,14.66,24.06,0,1.66,55,2
2021,200,18.85,14.66,24.06,0,1.66,55,2
2021,201,18.85,14.66,24.06,0,1.66,55,2
2021,202,18.85,14.66,24.06,0,1.66,55,2
2021,203,18.85,14.66,24.06,0,1.66,55,2
2021,204,18.85,14.66,24.06,0,1.66,55,2
2021,205,18.85,14.66,24.06,0,1.66,55,2
2021,206,18.85,14.66,24.06,0,1.66,55,2
2021,207,18.85,14.66,24.06,0,1.66,55,2
2021,208,18.85,14.66,24.06,0,1.66,55,2
2021,209,18.85,14.66,24.06,0,1.66,55,2
2021,210,18.85,14.66,24.06,0,1.66,55,2
2021,211,18.85,14.66,24.06,0,1.66,55,2
2021,212,18.85,14.66,24.06,0,1.66,55,2
2021,213,18.85,14.66,24.06,0,1.66,55,2
2021,214,18.85,14.66,24.06,0,1.66,55,2
2021,215,18.85,14.66,24.06,0,1.66,55,2
2021,216,18.85,14.66,24.06,0,1.66,55,2
2021,217,18.85,14.66,24.06,0,1.66,55,2
2021,218,18.85,14.66,24.06,0,1.66,55,2
2021,219,18.85,14.66,24.06,0,1.66,55,2
2021,220,18.85,14.66,24.06,0,1.66,55,2
2021,221,18.85,14.66,24.06,0,1.66,55,2
2021,222,18.85,14.66,24.06,0,1.66,55,2
2021,223,18.85,14.66,24.06,0,1.66,55,2
2021,224,18.85,14.66,24.06,0,1.66,55,2
2021,225,18.85,14.66,24.06,0,1.66,55,2
2021,226,18.85,14.66,24.06,0,1.66,55,2
2021,227,18.85,14.66,24.06,0,1.66,55,2
2021,228,18.85,14.66,24.06,0,1.66,55,2
2021,229,18.85,14.66,24.06,0,1.66,55,2
2021,230,18.85,14.66,24.06,0,1.66,55,2
2021,231,18.85,14.66,24.06,0,1.66,55,2
2021,232,18.85,14.66,24.06,0,1.66,55,2
2021,233,18.85,14.66,24.06,0,1.66,55,2
2021,234,18.85,14.66,24.06,0,1.66,55,2
2021,235,18.85,14.66,24.06,0,1.66,55,2
2021,236,18.85,14.66,24.06,0,1.66,55,2
2021,237,18.85,14.66,24.06,0,1.66,55,2
2021,238,18.85,14.66,24.06,0,1.66,55,2
2021,239,18.85,14.66,24.06,0,1.66,55,2
2021,240,18.85,14.66,24.06,0,1.66,55,2
2021,241,18.85,14.66,24.06,0,1.66,55,2
2021,242,18.85,14.66,24.06,0,1.66,55,2
2021,243,18.85,14.66,24.06,0,1.66,55,2
2021,244,18.85,14.66,24.06,0,1.66,55,2
2021,245,18.85,14.66,24.06,0,1.66,55,2
2021,246,18.85,14.66,24.06,0,1.66,55,2
2021,247,18.85,14.66,24.06,0,1.66,55,2
2021,248,18.85,14.66,24.06,0,1.66,55,2
2021,249,18.85,14.66,24.06,0,1.66,55,2
2021,250,18.85,14.66,24.06,0,1.66,55,2
2021,251,18.85,14.66,24.06,0,1.66,55,2
2021,252,18.85,14.66,24.06,0,1.66,55,2
2021,253,18.85,14.66,24.06,0,1.66,55,2
2021,254,18.85,14.66,24.06,0,1.66,55,2
2021,255,18.85,14.66,24.06,0,1.66,55,2
2021,256,18.85,14.66,24.06,0,1.66,55,2
2021,257,18.85,14.66,24.06,0,1.66,55,2
2021,258,18.85,14.66,24.06,0,1.66,55,2
2021,259,18.85,14.66,24.06,0,1.66,55,2
2021,260,18.85,14.66,24.06,0,1.66,55,2
2021,261,18.85,14.66,24.06,0,1.66,55,2
2021,262,18.85,14.66,24.06,0,1.66,55,2
2021,263,18.85,14.66,24.06,0,1.66,55,2
2021,264,18.85,14.66,24.06,0,1.66,55,2
2021,265,18.85,14.66,24.06,0,1.66,55,2
2021,266,18.85,14.66,24.06,0,1.66,55,2
2021,267,18.85,14.66,24.06,0,1.66,55,2
2021,268,18.85,14.66,24.06,0,1.66,55,2
2021,269,18.85,14.66,24.06,0,1.66,55,2
2021,270,18.85,14.66,24.06,0,1.66,55,2
2021,271,18.85,14.66,24.06,0,1.66,55,2
2021,272,18.85,14.66,24.06,0,1.66,55,2
2021,273,18.85,14.66,24.06,0,1.66,55,2
2021,274,18.85,14.66,24.06,0,1.66,55,2
2021,275,18.85,14.66,24.06,0,1.66,55,2
2021,276,18.85,14.66,24.06,0,1.66,55,2
2021,277,18.85,14.66,24.06,0,1.66,55,2
2021,278,18.85,14.66,24.06,0,1.66,55,2
2021,279,18.85,14.66,24.06,0,1.66,55,2
2021,280,18.85,14.66,24.06,0,1.66,55,2
2021,281,18.85,14.66,24.06,0,1.66,55,2
2021,282,18.85,14.66,24.06,0,1.66,55,2
2021,283,18.85,14.66,24.06,0,1.66,55,2
2021,284,18.85,14.66,24.06,0,1.66,55,2
2021,285,18.85,14.66,24.06,0,1.66,55,2
2021,286,18.85,14.66,24.06,0,1.66,55,2
2021,287,18.85,14.66,24.06,0,1.66,55,2
2021,288,18.85,14.66,24.06,0,1.66,55,2
2021,289,18.85,14.66,24.06,0,1.66,55,2
2021,290,18.85,14.66,24.06,0,1.66,55,2
2021,291,18.85,14.66,24.06,0,1.66,55,2
2021,292,18.85,14.66,24.06,0,1.66,55,2
2021,293,18.85,14.66,24.06,0,1.66,55,2
2021,294,18.85,14.66,24.06,0,1.66,55,2
2021,295,18.85,14.66,24.06,0,1.66,55,2
2021,296,18.85,14.66,24.06,0,1.66,55,2
2021,297,18.85,14.66,24.06,0,1.66,55,2
2021,298,18.85,14.66,24.06,0,1.66,55,2
2021,299,18.85,14.66,24.06,0,1.66,55,2
2021,300,18.85,14.66,24.06,0,1.66,55,2
2021,301,18.85,14.66,24.06,0,1.66,55,2
2021,302,18.85,14.66,24.06,0,1.66,55,2
2021,303,18.85,14.66,24.06,0,1.66,55,2
2021,304,18.85,14.66,24.06,0,1.66,55,2
2021,305,18.85,14.66,24.06,0,1.66,55,2
2021,306,18.85,14.66,24.06,0,1.66,55,2
2021,307,18.85,14.66,24.06,0,1.66,55,2
2021,308,18.85,14.66,24.06,0,1.66,55,2
2021,309,18.85,14.66,24.06,0,1.66,55,2
2021,310,18.85,14.66,24.06,0,1.66,55,2
2021,311,18.85,14.66,24.06,0,1.66,55,2
2021,312,18.85,14.66,24.06,0,1.66,55,2
2021,313,18.85,14.66,24.06,0,1.66,55,2
2021,314,18.85,14.66,24.06,0,1.66,55,2
2021,315,18.85,14.66,24.06,0,1.66,55,2
2021,316,18.85,14.66,24.06,0,1.66,55,2
2021,317,18.85,14.66,24.06,0,1.66,55,2
2021,318,18.85,14.66,24.06,0,1.66,55,2
2021,319,18.85,14.66,24.06,0,1.66,55,2
2021,320,18.85,14.66,24.06,0,1.66,55,2
2021,321,18.85,14.66,24.06,0,1.66,55,2
2021,322,18.85,14.66,24.06,0,1.66,55,2
2021,323,18.85,14.66,24.06,0,1.66,55,2
2021,324,18.85,14.66,24.06,0,1.66,55,2
2021,325,18.85,14.66,24.06,0,1.66,55,2
2021,326,18.85,14.66,24.06,0,1.66,55,2
2021,327,18.85,14.66,24.06,0,1.66,55,2
2021,328,18.85,14.66,24.06,0,1.66,55,2
2021,329,18.85,14.66,24.06,0,1.66,55,2
2021,330,18.85,14.66,24.06,0,1.66,55,2
2021,331,18.85,14.66,24.06,0,1.66,55,2
2021,332,18.85,14.66,24.06,0,1.66,55,2
2021,333,18.85,14.66,24.06,0,1.66,55,2
2021,334,18.85,14.66,24.06,0,1.66,55,2
2021,335,18.85,14.66,24.06,0,1.66,55,2
2021,336,18.85,14.66,24.06,0,1.66,55,2
2021,337,18.85,14.66,24.06,0,1.66,55,2
2021,338,18.85,14.66,24.06,0,1.66,55,2
2021,339,18.85,14.66,24.06,0,1.66,55,2
2021,340,18.85,14.66,24.06,0,1.66,55,2
2021,341,18.85,14.66,24.06,0,1.66,55,2
2021,342,18.85,14.66,24.06,0,1.66,55,2
2021,343,18.85,14.66,24.06,0,1.66,55,2
2021,344,18.85,14.66,24.06,0,1.66,55,2
2021,345,18.85,14.66,24.06,0,1.66,55,2
2021,346,18.85,14.66,24.06,0,1.66,55,2
2021,347,18.85,14.66,24.06,0,1.66,55,2
2021,348,18.85,14.66,24.06,0,1.66,55,2
2021,349,18.85,14.66,24.06,0,1.66,55,2
2021,350,18.85,14.66,24.06,0,1.66,55,2
2021,351,18.85,14.66,24.06,0,1.66,55,2
2021,352,18.85,14.66,24.06,0,1.66,55,2
2021,353,18.85,14.66,24.06,0,1.66,55,2
2021,354,18.85,14.66,24.06,0,1.66,55,2
2021,355,18.85,14.66,24.06,0,1.66,55,2
2021,356,18.85,14.66,24.06,0,1.66,55,2
2021,357,18.85,14.66,24.06,0,1.66,55,2
2021,358,18.85,14.66,24.06,0,1.66,55,2
2021,359,18.85,14.66,24.06,0,1.66,55,2
2021,360,18.85,14.66,24.06,0,1.66,55,2
2021,361,18.85,14.66,24.06,0,1.66,55,2
2021,362,18.85,14.66,24.06,0,1.66,55,2
2021,363,18.85,14.66,24.06,0,1.66,55,2
2021,364,18.85,14.66,24.06,0,1.66,55,2
2021,365,18.85,14.66,24.06,0,1.66,55,2
2022,1,18.85,14.66,24.06,0,1.66,55,2
2022,2,18.85,14.66,24.06,0,1.66,55,2
2022,3,18.85,14.66,24.06,0,1.66,55,2
2022,4,18.85,14.66,24.06,0,1.66,55,2
2022,5,18.85,14.66,24.06,0,1.66,55,2
2022,6,18.85,14.66,24.06,0,1.66,55,2
2022,7,18.85,14.66,24.06,0,1.66,55,2
2022,8,18.85,14.66,24.06,0,1.66,55,2
2022,9,18.85,14.66,24.06,0,1.66,55,2
2022,10,18.85,14.66,24.06,0,1.66,55,2
2022,11,18.85,14.66,24.06,0,1.66,55,2
2022,12,18.85,14.66,24.06,0,1.66,55,2
2022,13,18.85,14.66,24.06,0,1.66,55,2
2022,14,18.85,14.66,24.06,0,1.66,55,2
2022,15,18.85,14.66,24.06,0,1.66,55,2
2022,16,18.85,14.66,24.06,0,1.66,55,2
2022,17,18.85,14.66,24.06,0,1.66,55,2
2022,18,18.85,14.66,24.06,0,1.66,55,2
2022,19,18.85,14.66,24.06,0,1.66,55,2
2022,20,18.85,14.66,24.06,0,1.66,55,2
2022,21,18.85,14.66,24.06,0,1.66,55,2
2022,22,18.85,14.66,24.06,0,1.66,55,2
2022,23,18.85,14.66,24.06,0,1.66,55,2
2022,24,18.85,14.66,24.06,0,1.66,55,2
2022,25,18.85,14.66,24.06,0,1.66,55,2
2022,26,18.85,14.66,24.06,0,1.66,55,2
2022,27,18.85,14.66,24.06,0,1.66,55,2
2022,28,18.85,14.66,24.06,0,1.66,55,2
2022,29,18.85,14.66,24.06,0,1.66,55,2
2022,30,18.85,14.66,24.06,0,1.66,55,2
2022,31,18.85,14.66,24.06,0,1.66,55,2
2022,32,18.85,14.66,24.06,0,1.66,55,2
2022,33,18.85,14.66,24.06,0,1.66,55,2
2022,34,18.85,14.66,24.06,0,1.66,55,2
2022,35,18.85,14.66,24.06,0,1.66,55,2
2022,36,18.85,14.66,24.06,0,1.66,55,2
2022,37,18.85,14.66,24.06,0,1.66,55,2
2022,38,18.85,14.66,24.06,0,1.66,55,2
2022,39,18.85,14.66,24.06,0,1.66,55,2
2022,40,18.85,14.66,24.06,0,1.66,55,2
2022,41,18.85,14.66,24.06,0,1.66,55,2
2022,42,18.85,14.66,24.06,0,1.66,55,2
2022,43,18.85,14.66,24.06,0,1.66,55,2
2022,44,18.85,14.66,24.06,0,1.66,55,2
2022,45,18.85,14.66,24.06,0,1.66,55,2
2022,46,18.85,14.66,24.06,0,1.66,55,2
2022,47,18.85,14.66,24.06,0,1.66,55,2
2022,48,18.85,14.66,24.06,0,1.66,55,2
2022,49,18.85,14.66,24.06,0,1.66,55,2
2022,50,18.85,14.66,24.06,0,1.66,55,2
2022,51,18.85,14.66,24.06,0,1.66,55,2
2022,52,18.85,14.66,24.06,0,1.66,55,2
2022,53,18.85,14.66,24.06,0,1.66,55,2
2022,54,18.85,14.66,24.06,0,1.66,55,2
2022,55,18.85,14.66,24.06,0,1.66,55,2
2022,56,18.85,14.66,24.06,0,1.66,55,2
2022,57,18.85,14.66,24.06,0,1.66,55,2
2022,58,18.85,14.66,24.06,0,1.66,55,2
2022,59,18.85,14.66,24.06,0,1.66,55,2
2022,60,18.85,14.66,24.06,0,1.66,55,2
2022,61,18.85,14.66,24.06,0,1.66,55,2
2022,62,18.85,14.66,24.06,0,1.66,55,2
2022,63,18.85,14.66,24.06,0,1.66,55,2
2022,64,18.85,14.66,24.06,0,1.66,55,2
2022,65,22.61,18.14,27.06,4657.16,0,55,2
2022,66,20.83,15.18,27.21,10577.54,0,55,2
2022,67,21.27,15.43,27.73,9402.78,0,55,2
2022,68,21.07,14.75,27.93,6713.23,0,55,2
2022,69,20.98,15.25,27.77,7131.59,0,55,2
2022,70,21.59,14.99,27.72,6958.85,0,55,2
2022,71,21.4,14.5,28.2,7340.03,0,55,2
2022,72,22.04,14.76,29.13,7299.42,0,55,2
2022,73,22.27,16.06,29.03,6014.34,0,55,2
2022,74,22.39,14.51,28.8,6674.58,0,55,2
2022,75,22.78,16.75,29.3,5662.05,0,55,2
2022,76,22.01,16.43,28.75,5128.09,0,55,2
2022,77,21.13,15.24,27.01,6113.03,0,55,2
2022,78,21.67,16.21,28.24,6867.87,0,55,2
2022,79,22.28,16.2,28.67,6817.79,0,55,2
2022,80,21.83,16.28,27.34,6752.58,0,55,2
2022,81,21.58,16.2,27.36,6738.9,0,55,2
2022,82,21.82,15.3,28.53,6826.35,0,55,2
2022,83,22.05,16.71,27.72,5796.22,0,55,2
2022,84,22.06,16.58,29.12,6082.41,0,55,2
2022,85,20.81,15.65,26.22,6058.21,4.5,55,2
2022,86,21.02,16.65,26.07,4885.55,0,55,2
2022,87,20.29,15.96,25.77,6491.77,0,55,2
2022,88,20.47,17.08,25.38,6865.04,0,55,2
2022,89,18.9,15.57,23.09,6533.54,0,55,2
2022,90,18.26,13.56,23.46,7089.97,0,55,2
2022,91,17.87,16.88,20.04,3096.97,0,55,2
2022,92,17.41,16.39,19.4,6200.33,0,55,2
2022,93,17.33,16.09,18.86,6722.93,0,55,2
2022,94,17.9,16.71,19.79,8505.17,0,55,2
2022,95,18.48,16.5,21.8,7843.22,0,55,2
2022,96,20.76,17.2,26.16,5861.98,0,55,2
2022,97,20.3,16.24,25.6,10740.73,0,55,2
2022,98,20.37,16.15,25.71,11523.18,0,55,2
2022,99,20.27,15.7,25.75,9381.82,0,55,2
2022,100,20.14,15.14,24.78,8294.77,0,55,2
2022,101,20.72,15.58,25.31,6274.01,0,55,2
2022,102,20.87,14.68,26.7,6359.36,0,55,2
2022,103,21.32,16.92,27.05,7446.46,0,55,2
2022,104,20.92,16.82,25.8,7479.78,0,55,2
2022,105,20.86,16.47,25.97,6425.9,0,55,2
2022,106,21.36,15.9,27.15,5165.71,0,55,2
2022,107,20.45,16.05,26.11,3162.48,1.3,55,2
2022,108,20.96,16.83,26.4,5357.96,0,55,2
2022,109,20.75,15.69,26.31,4368.34,1.5,55,2
2022,110,18.9,14.59,23.76,2475.33,45.9,55,2
2022,111,19.86,16.42,24.57,4512.88,0,55,2
2022,112,18.7,16.64,23.7,2449.61,15.8,55,2
2022,113,18.96,16.32,23.2,6570.06,3.6,55,2
2022,114,19.05,16.42,23.04,7215.86,0.7,55,2
2022,115,19.4,15.87,24.19,7820.56,0,55,2
2022,116,20.27,16.68,25.21,8374.21,0,55,2
2022,117,19.9,16.68,24.1,5241.46,0,55,2
2022,118,18.78,16.7,22.3,2445.82,3.8,55,2
2022,119,18.99,16.09,23.58,7329.08,5.2,55,2
2022,120,19.44,15.56,24.41,7468.26,0,55,2
2022,121,19.38,15.84,24.19,4952.74,5,55,2
2022,122,19.6,16.52,24.68,5990.5,0,55,2
2022,123,18.51,16.14,23.2,3249.69,0.4,55,2
2022,124,18.22,14.05,22.76,5285.69,0,55,2
2022,125,18.55,15.9,21.27,4482.77,0.1,55,2
2022,126,18.66,15.12,22.6,3174.27,0,55,2
2022,127,18.84,15.48,23.33,4519.58,0,55,2
2022,128,19.77,15.77,24.98,6879.74,0,55,2
2022,129,20,15.75,25.75,6391.93,0,55,2
2022,130,19.42,14.89,25.43,5541.26,0,55,2
2022,131,19.93,15.68,25.72,6212.53,0,55,2
2022,132,19.32,14.66,25.34,5961.26,0,55,2
2022,133,19.18,13.56,25.28,5044.51,0,55,2
2022,134,19.73,15.11,25.98,6464.37,0,55,2
2022,135,19.21,14.67,24.78,6100.23,0,55,2
2022,136,17.97,13.89,22.8,2016.55,0,55,2
2022,137,18.22,13.29,23.64,2432.56,0,55,2
2022,138,17.99,14.15,23.21,3276.06,0,55,2
2022,139,17.78,12.57,23.88,4111.17,0,55,2
2022,140,19.31,14.84,25.6,5850.5,0,55,2
2022,141,19.76,15.29,25.54,5231.25,0,55,2
2022,142,20.13,15.22,26.38,3194.2,0,55,2
2022,143,21.48,16.24,27.64,5567.78,0,55,2
2022,144,19.82,14.6,25.66,5447.33,0,55,2
2022,145,20.11,14.9,25.69,3120.67,0,55,2
2022,146,20.08,16.21,24.9,2875.92,0,55,2
2022,147,19.27,15.78,23.44,1587.51,0.3,55,2
2022,148,19.04,15.74,23.75,2481.12,0,55,2
2022,149,18.66,14.92,23.37,2027.09,0,55,2
2022,150,18.34,14.99,22.29,1653.2,0,55,2
2022,151,18.31,15.02,22.61,2348.89,0,55,2
2022,152,18.84,15.07,24.15,4707.75,0,55,2
2022,153,18.12,14.85,22.86,4032.31,0,55,2
2022,154,17.28,13.28,22.36,2996.21,0,55,2
2022,155,17.88,12.02,24.06,5813.85,0,55,2
2022,156,17.92,11.04,24.49,4819.42,0,55,2
2022,157,17.56,15.1,22.16,1625.35,0,55,2
2022,158,17.65,14.17,21.59,1770.17,0,55,2
2022,159,18.3,14.41,23.32,2204.12,0,55,2
2022,160,17.25,13.26,22.4,1118.18,0,55,2
2022,161,18.05,14.06,23.04,1773.98,0,55,2
2022,162,18.53,15.08,22.87,2028.47,0,55,2
2022,163,17.72,14.75,22.14,1072.08,0,55,2
2022,164,17.4,14.69,20.6,226.31,0,55,2
2022,165,18.54,13.6,25.2,2835.26,0,55,2
2022,166,18.21,13.87,23.45,2920.93,0,55,2
2022,167,18.51,13,24.43,4483.06,0,55,2
2022,168,17.88,13.29,22.65,3727.26,0,55,2
2022,169,17.94,13.13,23.59,2147.78,0,55,2
2022,170,17.34,13.66,20.91,395.53,0,55,2
2022,171,17.32,14.39,22.72,1144.07,0,55,2
2022,172,17.52,11.97,23.34,4394.88,0,55,2
2022,173,17.31,14.03,21.74,1689.61,0,55,2
2022,174,17.17,14.23,20.82,404.19,0,55,2
2022,175,16.19,13.44,18.77,738.32,0.1,55,2
2022,176,17.48,14.42,21.78,1154.66,0,55,2
2022,177,17.07,14.73,20.84,1710.65,0,55,2
2022,178,16.77,13.75,20.25,729.68,0,55,2
2022,179,15.83,12.64,19.08,410.83,0,55,2
2022,180,15.55,12.03,19.18,2074.11,0,55,2
2022,181,16.92,11.88,22.74,3342.04,0,55,2
2022,182,15.67,12.87,18.84,239.08,0,55,2
2022,183,17.04,12.25,22.86,4593.72,0,55,2
2022,184,17.76,13.49,23.66,5310.86,0,55,2
2022,185,17.13,11.57,22.61,3453.19,0,55,2
2022,186,16.49,12.71,21.53,582.7,0,55,2
2022,187,17.45,12.82,22.84,2162.9,0,55,2
2022,188,15.61,12.39,19.3,420.81,0,55,2
2022,189,15.36,13.06,17.58,144.94,0,55,2
2022,190,15.9,13.06,19.38,652.91,0,55,2
2022,191,16.41,13.22,20.08,2139.62,0,55,2
2022,192,17,13.05,23.09,4580.48,0,55,2
2022,193,15.18,13.43,17.66,576.79,0,55,2
2022,194,17.31,11.5,22.93,4623.36,0,55,2
2022,195,17.63,13.04,22.38,2045.43,0,55,2
2022,196,17.43,13.81,22.05,2255.81,0.1,55,2
2022,197,16.97,14.06,21.37,948.68,0,55,2
2022,198,15.82,12.43,18.74,240.04,0,55,2
2022,199,16.82,13.56,19.66,1806.21,0,55,2
2022,200,16.21,13.3,20.87,942.21,0,55,2
2022,201,15.78,12.57,20.7,2111.84,0.1,55,2
2022,202,16.43,12.59,20.69,1657.27,0,55,2
2022,203,15.58,12.94,21.04,963.18,0,55,2
2022,204,16.13,12.02,21.94,2726.15,0,55,2
2022,205,16.71,11.95,22.01,3045.73,0,55,2
2022,206,16.52,12.16,22.15,3821.75,0,55,2
2022,207,17.17,13.79,22.15,2571.29,0,55,2
2022,208,16.53,11.26,22.24,3430.76,0,55,2
2022,209,16.86,14.08,21.06,1725.9,0,55,2
2022,210,17.01,13.89,21.47,1893.24,0,55,2
2022,211,16.31,14.21,19.2,2431.37,0.2,55,2
2022,212,17.04,13.71,21.67,1361.49,0,55,2
2022,213,15.77,14.74,17.6,196.56,0,55,2
2022,214,15.26,13.79,17.63,59.49,0,55,2
2022,215,18.85,14.66,24.06,0,1.66,55,2
2022,216,16.37,13.5,18.73,1448.13,0,55,2
2022,217,15.54,13.16,19.78,692.45,0,55,2
2022,218,15.97,10.61,21.32,1826.61,0,55,2
2022,219,14.72,10.49,19.28,1083.03,0,55,2
2022,220,15.17,12.94,20.3,0,0,55,2
2022,221,16.23,11.61,21.52,2046.46,0.1,55,2
2022,222,16.54,13.18,22.49,744.72,0,55,2
2022,223,16.39,13.35,20.54,2892.19,0,55,2
2022,224,16,12.99,19.88,1443.35,0,55,2
2022,225,16.62,13.25,20.9,95.09,0,55,2
2022,226,15.9,12.71,19.62,579.53,0,55,2
2022,227,17.97,15.12,20.93,289.66,0,55,2
2022,228,18.36,14.54,23.32,2376.35,0,55,2
2022,229,16.2,13.85,21.04,0,0,55,2
2022,230,16.71,10.58,23.93,4470.59,0,55,2
2022,231,17.91,11.12,24.93,5220.4,0,55,2
2022,232,19.29,12.07,27.28,5084.96,0,55,2
2022,233,18.89,11.59,25.68,5789.27,0,55,2
2022,234,17.13,11.58,23.12,3804.7,0,55,2
2022,235,15.92,11.78,20.37,594.43,0,55,2
2022,236,16.31,11.63,21.08,3476.11,0,55,2
2022,237,16.15,12.38,19.39,637.24,0,55,2
2022,238,17.04,14.21,21.62,2263.21,0,55,2
2022,239,15.84,14.04,18.59,1015.89,0,55,2
2022,240,16.53,13.43,19.45,946.38,0,55,2
2022,241,18.06,10.99,24.18,3368.14,0,55,2
2022,242,18.35,12.52,25.35,5740.64,0,55,2
2022,243,16.58,12.68,20.24,337.65,0,55,2
2022,244,17.57,12.39,23.49,3861.38,0,55,2
2022,245,15.39,13.02,18.12,17.73,0,55,2
2022,246,16.57,12.95,21.76,1718.84,0,55,2
2022,247,17.12,11.36,24.61,3389.35,0,55,2
2022,248,18.33,12.8,24.05,3244.12,0,55,2
2022,249,17.89,13.97,24.33,2363.44,5.31,55,2
2022,250,16.04,13.76,18.49,1139.41,0.1,55,2
2022,251,16.24,13.46,19.34,247.84,0,55,2
2022,252,16.45,11.87,20.14,682.33,0,55,2
2022,253,17.36,11.94,23.7,3207.53,0,55,2
2022,254,18.19,13.59,23.95,3885.1,0,55,2
2022,255,18.01,14.05,23.07,4815.33,0,55,2
2022,256,16.98,13.06,21.55,2771.88,0,55,2
2022,257,17.35,13.57,21.54,1025.9,0,55,2
2022,258,16.79,12.99,21.06,1176.79,0,55,2
2022,259,17.78,13.84,23.14,3968.76,0,55,2
2022,260,17.42,13.92,21.29,2166.13,0,55,2
2022,261,17.06,12.96,22.45,2103.36,0,55,2
2022,262,19.08,14.39,25.4,5441.2,0,55,2
2022,263,18.57,13.85,24.28,5568.52,0,55,2
2022,264,18.94,13.56,25.37,5537.15,0,55,2
2022,265,18.68,13.52,24.57,5428.83,0,55,2
2022,266,18.71,11.93,25.07,6386.56,0,55,2
2022,267,18.57,12.01,25.22,5974.3,0,55,2
2022,268,18.59,13.24,23.56,4570.97,0.51,55,2
2022,269,18.78,13.63,24.03,5761.39,0,55,2
2022,270,18.39,12.17,24.31,6778.5,0,55,2
2022,271,18.71,12.76,25.03,5521.82,0,55,2
2022,272,18.77,12.6,25.29,5393.43,0,55,2
2022,273,18.34,14.43,23.57,3098.04,0,55,2
2022,274,18.43,14.39,24.96,3419.29,13.4,55,2
2022,275,19.42,14,25.92,5398.4,0,55,2
2022,276,18.88,12.78,25.6,4714.58,0,55,2
2022,277,18.66,12.62,25.66,3887.77,0,55,2
2022,278,18.79,13.84,25.26,3960.41,0,55,2
2022,279,18.51,14.15,24.24,4168.8,0,55,2
2022,280,18.67,14.44,23.88,2789.7,0,55,2
2022,281,18.15,12.43,24.78,4960.25,0,55,2
2022,282,18.36,14.16,23.4,5107.66,0,55,2
2022,283,18.89,13.26,24.27,4344.28,0,55,2
2022,284,18.25,12.49,24.48,5944.53,0,55,2
2022,285,18.7,11.28,25.32,5117.34,0,55,2
2022,286,18.94,13.18,25.63,5283.75,0,55,2
2022,287,18.42,12.28,25.04,4708.31,0,55,2
2022,288,18.47,11.66,25.02,5448.53,0,55,2
2022,289,19.61,13.58,25.57,6081.02,0,55,2
2022,290,20.12,14.68,25.83,5455.08,0,55,2
2022,291,19.6,15.82,24.49,5484.94,0,55,2
2022,292,19.28,14.47,24.79,5015.96,0,55,2
2022,293,18.79,13.38,24.82,4136.79,0,55,2
2022,294,19.37,14.22,25.9,4693.33,0,55,2
2022,295,19.53,13.21,25.98,6179.28,0,55,2
2022,296,19.96,14.31,25.6,5630.59,0,55,2
2022,297,20.78,14.73,27.14,6627.23,0,55,2
2022,298,20.84,15.02,26.66,6038.8,0,55,2
2022,299,20.38,15.27,25.74,5921.96,0,55,2
2022,300,20.21,15.26,25.5,5512.26,0,55,2
2022,301,20.53,15.23,26.72,5257.75,0,55,2
2022,302,20.59,15.29,26.2,5470.52,0.41,55,2
2022,303,19.72,14.93,25.1,6250.55,0,55,2
2022,304,19.82,15.63,25.34,4825.56,0,55,2
2022,305,18.84,16.12,23.33,3359.98,0.2,55,2
2022,306,18.95,16.21,23.06,3578.38,0,55,2
2022,307,18.07,15.21,21.56,2487.78,6.7,55,2
2022,308,19.57,15.15,25.02,5193.41,0,55,2
2022,309,19.83,14.71,25.15,6583.54,0,55,2
2022,310,19.48,15.87,24.56,4456.07,0,55,2
2022,311,19.58,16.08,24.39,4860.44,0,55,2
2022,312,19.61,15.5,24.69,6339.59,0,55,2
2022,313,19.75,15.42,24.7,6245.07,0,55,2
2022,314,20.14,16.14,25.14,4969.08,0,55,2
2022,315,19.63,16.22,24.43,6056.25,0,55,2
2022,316,18.46,15.9,22.41,2820.02,0,55,2
2022,317,19.17,15.36,23.5,3852.04,0,55,2
2022,318,18.83,16.3,22.84,972.28,0.6,55,2
2022,319,18.21,16.25,22.61,1798.75,1.3,55,2
2022,320,17.63,15.71,21.45,2477.92,2.5,55,2
2022,321,17.36,14.59,20.68,1294.25,1.23,55,2
2022,322,18.72,14.8,24.33,4624.89,0,55,2
2022,323,18.79,15.74,22.98,4533.9,0,55,2
2022,324,19.07,14.69,24.05,3918.83,0,55,2
2022,325,19.19,14.87,23.92,4698.97,6.6,55,2
2022,326,19.08,16.25,24.44,4647.18,0.1,55,2
2022,327,18.25,15.69,23.31,4918.95,0,55,2
2022,328,17.88,14.48,22.08,5669.08,17.9,55,2
2022,329,18.13,15.15,22.11,5990.56,0.4,55,2
2022,330,18.18,14.5,23.12,5889.73,0,55,2
2022,331,18.65,14.3,24.06,4943.26,0,55,2
2022,332,18.64,16.02,23.18,3836.6,0,55,2
2022,333,17.7,15.31,22.04,3372.97,3.5,55,2
2022,334,17.62,15.56,22.25,4608.26,4.2,55,2
2022,335,18.23,14.97,23.54,6116.57,0.51,55,2
2022,336,18.81,14.34,24.33,5733.14,0,55,2
2022,337,18.53,15.5,23.24,4932.7,0,55,2
2022,338,18.11,15.1,21.48,5586.7,14.8,55,2
2022,339,18.68,15.85,23.25,6449.22,0.6,55,2
2022,340,19.48,15.87,24.14,6987.91,0,55,2
2022,341,19.62,16.37,24.21,7075.93,0.41,55,2
2022,342,19.53,16.34,24.05,6560.61,0,55,2
2022,343,18.89,15.9,24.95,4530.78,0,55,2
2022,344,18.93,15.39,24.04,2594.19,0,55,2
2022,345,19.52,15.58,24.57,5177.92,0,55,2
2022,346,17.6,15.75,20.62,1631.65,1.3,55,2
2022,347,17.73,14.86,22.61,5968.48,2.7,55,2
2022,348,18.38,13.71,23.41,5860.69,0,55,2
2022,349,18.72,14.68,24.18,6317.35,0,55,2
2022,350,19.32,14.83,24.58,5647.63,0,55,2
2022,351,19.52,14.81,24.88,6462.36,0,55,2
2022,352,19.73,15.01,24.79,5814.35,0,55,2
2022,353,19.69,14.66,24.98,4435.35,0,55,2
2022,354,20.16,15.69,25.29,5775.98,0,55,2
2022,355,20.06,15.87,25.46,4521.86,0,55,2
2022,356,19.79,15.88,24.24,3257.49,0,55,2
2022,357,19.55,15.28,25.03,5123.19,0,55,2
2022,358,19.78,14.62,25.19,5093.96,0,55,2
2022,359,19.99,15.61,25.11,4631.97,0,55,2
2022,360,20.04,14.84,25.48,4600.41,0,55,2
2022,361,18.75,16.79,22.71,1965.02,0,55,2
2022,362,19.25,15.39,23.73,4234.69,0,55,2
2022,363,18.86,14.62,23.78,3131.24,0,55,2
2022,364,18.58,13.95,23.49,5010.61,0,55,2
2022,365,18.74,13.61,23.83,5874.86,0,55,2
2023,1,19.25,14.12,24.18,5044.1,0,55,2
2023,2,17.98,13.75,23.01,2744.11,0.1,55,2
2023,3,17.25,15.45,20.82,2571.89,10.62,55,2
2023,4,16.94,15.21,19.18,1038.32,4.8,55,2
2023,5,17.62,14.54,21.55,4666.72,0.2,55,2
2023,6,19.42,13.57,24.66,7144.9,0,55,2
2023,7,19.6,14.23,24.56,6753.83,0,55,2
2023,8,19.01,13.81,24.6,6864.57,0,55,2
2023,9,19.48,16.27,24.33,5000.72,0,55,2
2023,10,19.17,15.9,23.54,5630.43,0,55,2
2023,11,19.18,14.34,24.06,5712.64,0,55,2
2023,12,19.84,14.59,25.32,6580.47,0,55,2
2023,13,19.68,13.39,25.11,6832.73,0,55,2
2023,14,19.45,13.8,24.51,6153.49,0,55,2
2023,15,19.78,13.98,24.89,6631.57,0,55,2
2023,16,19.6,14.32,24.98,6250.13,0,55,2
2023,17,19.44,13.62,24.81,5328.79,0,55,2
2023,18,21.2,14.54,27.44,6315.34,0,55,2
2023,19,21.45,15.57,27.25,6416.98,0,55,2
2023,20,20.97,15.4,26.66,6722.49,0,55,2
2023,21,20.88,14.6,26.14,6768.68,0,55,2
2023,22,20.5,16.16,24.79,4246.88,0,55,2
2023,23,20.05,16.04,24.84,4461.99,0,55,2
2023,24,20.01,14.81,25.45,5404.29,0,55,2
2023,25,20.9,14.87,26.58,6344.93,0,55,2
2023,26,18.85,14.66,24.06,0,1.66,55,2
2023,27,18.85,14.66,24.06,0,1.66,55,2
2023,28,18.85,14.66,24.06,0,1.66,55,2
2023,29,18.85,14.66,24.06,0,1.66,55,2
2023,30,18.85,14.66,24.06,0,1.66,55,2
2023,31,18.85,14.66,24.06,0,1.66,55,2
2023,32,18.85,14.66,24.06,0,1.66,55,2
2023,33,18.85,14.66,24.06,0,1.66,55,2
2023,34,18.85,14.66,24.06,0,1.66,55,2
2023,35,18.85,14.66,24.06,0,1.66,55,2
2023,36,18.85,14.66,24.06,0,1.66,55,2
2023,37,18.85,14.66,24.06,0,1.66,55,2
2023,38,18.85,14.66,24.06,0,1.66,55,2
2023,39,18.85,14.66,24.06,0,1.66,55,2
2023,40,18.85,14.66,24.06,0,1.66,55,2
2023,41,18.85,14.66,24.06,0,1.66,55,2
2023,42,18.85,14.66,24.06,0,1.66,55,2
2023,43,18.85,14.66,24.06,0,1.66,55,2
2023,44,18.85,14.66,24.06,0,1.66,55,2
2023,45,18.85,14.66,24.06,0,1.66,55,2
2023,46,18.85,14.66,24.06,0,1.66,55,2
2023,47,18.85,14.66,24.06,0,1.66,55,2
2023,48,18.85,14.66,24.06,0,1.66,55,2
2023,49,18.85,14.66,24.06,0,1.66,55,2
2023,50,18.85,14.66,24.06,0,1.66,55,2
2023,51,18.85,14.66,24.06,0,1.66,55,2
2023,52,18.85,14.66,24.06,0,1.66,55,2
2023,53,18.85,14.66,24.06,0,1.66,55,2
2023,54,18.85,14.66,24.06,0,1.66,55,2
2023,55,18.85,14.66,24.06,0,1.66,55,2
2023,56,18.85,14.66,24.06,0,1.66,55,2
2023,57,18.85,14.66,24.06,0,1.66,55,2
2023,58,18.85,14.66,24.06,0,1.66,55,2
2023,59,18.85,14.66,24.06,0,1.66,55,2
2023,60,18.85,14.66,24.06,0,1.66,55,2
2023,61,18.85,14.66,24.06,0,1.66,55,2
2023,62,18.85,14.66,24.06,0,1.66,55,2
2023,63,18.85,14.66,24.06,0,1.66,55,2
2023,64,18.85,14.66,24.06,0,1.66,55,2
2023,65,18.85,14.66,24.06,0,1.66,55,2
2023,66,18.85,14.66,24.06,0,1.66,55,2
2023,67,18.85,14.66,24.06,0,1.66,55,2
2023,68,18.85,14.66,24.06,0,1.66,55,2
2023,69,18.85,14.66,24.06,0,1.66,55,2
2023,70,18.85,14.66,24.06,0,1.66,55,2
2023,71,18.85,14.66,24.06,0,1.66,55,2
2023,72,18.85,14.66,24.06,0,1.66,55,2
2023,73,18.85,14.66,24.06,0,1.66,55,2
2023,74,18.85,14.66,24.06,0,1.66,55,2
2023,75,18.85,14.66,24.06,0,1.66,55,2
2023,76,18.85,14.66,24.06,0,1.66,55,2
2023,77,18.85,14.66,24.06,0,1.66,55,2
2023,78,18.85,14.66,24.06,0,1.66,55,2
2023,79,18.85,14.66,24.06,0,1.66,55,2
2023,80,18.85,14.66,24.06,0,1.66,55,2
2023,81,18.85,14.66,24.06,0,1.66,55,2
2023,82,18.85,14.66,24.06,0,1.66,55,2
2023,83,18.85,14.66,24.06,0,1.66,55,2
2023,84,18.85,14.66,24.06,0,1.66,55,2
2023,85,18.85,14.66,24.06,0,1.66,55,2
2023,86,18.85,14.66,24.06,0,1.66,55,2
2023,87,18.85,14.66,24.06,0,1.66,55,2
2023,88,18.85,14.66,24.06,0,1.66,55,2
2023,89,18.85,14.66,24.06,0,1.66,55,2
2023,90,18.85,14.66,24.06,0,1.66,55,2
2023,91,18.85,14.66,24.06,0,1.66,55,2
2023,92,18.85,14.66,24.06,0,1.66,55,2
2023,93,18.85,14.66,24.06,0,1.66,55,2
2023,94,18.85,14.66,24.06,0,1.66,55,2
2023,95,18.85,14.66,24.06,0,1.66,55,2
2023,96,18.85,14.66,24.06,0,1.66,55,2
2023,97,18.85,14.66,24.06,0,1.66,55,2
2023,98,18.85,14.66,24.06,0,1.66,55,2
2023,99,18.85,14.66,24.06,0,1.66,55,2
2023,100,18.85,14.66,24.06,0,1.66,55,2
2023,101,18.85,14.66,24.06,0,1.66,55,2
2023,102,18.85,14.66,24.06,0,1.66,55,2
2023,103,18.85,14.66,24.06,0,1.66,55,2
2023,104,18.85,14.66,24.06,0,1.66,55,2
2023,105,18.85,14.66,24.06,0,1.66,55,2
2023,106,18.85,14.66,24.06,0,1.66,55,2
2023,107,18.85,14.66,24.06,0,1.66,55,2
2023,108,18.85,14.66,24.06,0,1.66,55,2
2023,109,22.3,22.3,22.3,0,0,55,2
2023,110,21.07,17,24.09,0,0,55,2
2023,111,20.16,17.07,25.36,0,1,55,2
2023,112,18.06,16.81,19.59,0,17.06,55,2
2023,113,19.19,15.33,23.64,0,0,55,2
2023,114,20.13,17.32,24.31,0,0,55,2
2023,115,18.92,15.95,22.83,0,5.1,55,2
2023,116,18.55,16.41,22.86,0,35,55,2
2023,117,19.06,15.7,23.06,0,0.1,55,2
2023,118,17.85,16.69,20.08,0,11.7,55,2
2023,119,18.04,15.51,21.49,0,0,55,2
2023,120,18.66,16.79,22.47,0,14.3,55,2
2023,121,18.02,16.16,20.28,0,22.6,55,2
2023,122,18.54,14.62,22.18,0,0.6,55,2
2023,123,18.27,16.54,21.52,0,0.1,55,2
2023,124,18.61,15.12,23.36,0,0,55,2
2023,125,18.67,14.48,23.52,0,0,55,2
2023,126,18.86,15.23,23.42,0,0,55,2
2023,127,18.79,15.61,23.07,0,0,55,2
2023,128,19.09,15.8,23.44,0,0,55,2
2023,129,18.17,16.24,21.58,0,0.1,55,2
2023,130,18.56,16.06,22.68,0,0,55,2
2023,131,18.15,15.1,22.15,0,0,55,2
2023,132,18.06,14.02,23.32,0,0,55,2
2023,133,19.24,15.48,24.25,0,0,55,2
2023,134,19.23,16.33,24.04,0,0,55,2
2023,135,18.59,14.77,23.4,0,0,55,2
2023,136,18.6,14.35,23.74,0,0,55,2
2023,137,19.07,15.98,23.06,0,0,55,2
2023,138,18.29,13.91,22.89,0,0,55,2
2023,139,18.37,14.63,23.8,0,0,55,2
2023,140,19.41,13.13,26.12,0,0,55,2
2023,141,19.27,13.3,24.7,0,0,55,2
2023,142,19.83,15.97,25.45,0,0,55,2
2023,143,19.78,16.04,24.78,0,0,55,2
2023,144,18.99,14.96,23.77,0,0,55,2
2023,145,19.11,14.58,23.87,0,0,55,2
2023,146,18,14.1,22.59,0,0,55,2
2023,147,16.64,12.72,21.05,0,0.3,55,2
2023,148,17.5,14.02,22.45,0,0.1,55,2
2023,149,16.53,14.07,19.75,0,2.6,55,2
2023,150,17.26,13.76,20.82,0,0,55,2
2023,151,18.19,15.48,23.03,2315.11,0,55,2
2023,152,19.1,14.83,24.04,3782.66,0,55,2
2023,153,19.11,15.58,23.99,4096.27,2.6,55,2
2023,154,18,14.69,22.03,628.02,0,55,2
2023,155,17.66,13.89,22.83,2593.08,0,55,2
2023,156,19.15,14.11,24.66,5508.5,0,55,2
2023,157,18.83,15.25,23.88,2813.49,0.2,55,2
2023,158,18.95,13.44,24.91,6486.33,0,55,2
2023,159,19.36,12.31,26.04,6221.12,0,55,2
2023,160,18.79,15.88,23.8,2985.25,0,55,2
2023,161,18.3,13.62,24.32,3771.63,0,55,2
2023,162,19.59,14.98,24.61,5973.66,0,55,2
2023,163,19.64,14.92,24.48,4348.87,0.2,55,2
2023,164,17.84,13.52,22.29,2853.95,0,55,2
2023,165,18.81,14.98,25.01,2205.5,0,55,2
2023,166,17.89,14.88,21.55,1696.54,0,55,2
2023,167,18.54,14.65,23.95,2074.21,0,55,2
2023,168,16.83,14.59,19.37,162.2,0,55,2
2023,169,17.38,13.35,22.42,1722.36,0,55,2
2023,170,17.84,12.97,22.96,3141.2,0,55,2
2023,171,18.42,14.65,22.7,2349.08,0,55,2
2023,172,17.83,15.91,20.93,958.28,0,55,2
2023,173,17.11,14.77,20.05,588.55,0,55,2
2023,174,16.87,15.44,18.65,431.37,0,55,2
2023,175,17.72,14.23,22.8,1786.2,0,55,2
2023,176,18.16,13.41,24.21,3739.12,0,55,2
2023,177,16.67,13.5,21.31,1036.8,0,55,2
2023,178,16.59,13.91,20.48,474.55,0,55,2
2023,179,17.33,12.34,22.77,2597,0,55,2
2023,180,16.34,13.54,19.66,1144.13,0,55,2
2023,181,17.5,14.71,21.1,875.24,0,55,2
2023,182,17.09,14.5,20.39,130.66,0,55,2
2023,183,16.91,14.71,19.94,595.38,0,55,2
2023,184,17.14,13.46,21.06,368.35,0,55,2
2023,185,16.5,13.97,19.82,1504.03,0,55,2
2023,186,15.27,12.43,18.94,48.73,0,55,2
2023,187,18.06,15.84,19.51,765.05,0,55,2
2023,188,16.23,14.2,18.34,603.35,0,55,2
2023,189,16.26,12.37,20.81,1908.26,0,55,2
2023,190,16.77,11.2,23.56,3969.82,0,55,2
2023,191,18.69,10.53,26.26,5360.23,0,55,2
2023,192,18.73,13.05,25.43,4925.06,0,55,2
2023,193,16.82,13.68,20.29,2085.06,0,55,2
2023,194,16.93,12.67,20.86,1541.6,0,55,2
2023,195,18.08,13.39,23.37,3829.85,0,55,2
2023,196,17.13,12.58,22.48,2126.56,0,55,2
2023,197,16.52,12.53,20.62,2031.57,0,55,2
2023,198,15.86,11.93,19.8,338.27,0,55,2
2023,199,16.31,12.25,21.51,1462.47,0,55,2
2023,200,16.74,12.41,21.44,855.15,0,55,2
2023,201,18.82,12.14,25.91,5307.89,0,55,2
2023,202,18.53,13.18,24.25,5086.69,0,55,2
2023,203,17.85,14.49,22.47,960.12,0,55,2
2023,204,17.62,14.85,21.88,1837.76,0,55,2
2023,205,17.38,13.13,21.38,527.97,0,55,2
2023,206,18.01,15.6,22.06,1805.28,0,55,2
2023,207,16.77,14.22,22.16,1647.96,0,55,2
2023,208,16.96,12.3,21.48,971.18,0,55,2
2023,209,16.78,14.6,20.27,1100.9,0,55,2
2023,210,16.67,13.6,21.41,760.16,0,55,2
2023,211,17.75,12.74,24.26,4027.8,0,55,2
2023,212,18.63,12.91,25.69,5126.38,0,55,2
2023,213,17.26,14.02,21.61,1405.24,0,55,2
2023,214,17.03,13.91,20.32,1716.55,0.1,55,2
2023,215,15.78,15.4,16.35,0,0,55,2
2023,216,18.85,14.66,24.06,0,1.66,55,2
2023,217,18.85,14.66,24.06,0,1.66,55,2
2023,218,18.85,14.66,24.06,0,1.66,55,2
2023,219,18.85,14.66,24.06,0,1.66,55,2
2023,220,19.19,16.1,22.77,0,0,55,2
2023,221,16.3,14.35,19.47,797.75,1.5,55,2
2023,222,17.41,14.54,21.9,0,0,55,2
2023,223,17.26,13.47,21.84,0,0,55,2
2023,224,16.43,11.83,22.03,0,0,55,2
2023,225,17.57,11.74,23.44,0,0,55,2
2023,226,18.23,12.32,24.09,0,0,55,2
2023,227,19.11,13.96,24.68,0,0,55,2
2023,228,18.74,15.68,22.93,0,0,55,2
2023,229,18.19,14.99,22.6,0,0,55,2
2023,230,17.99,14.35,23.52,0,0,55,2
2023,231,18.84,13.73,25.12,0,0,55,2
2023,232,19.25,12.04,25.81,0,0,55,2
2023,233,19.13,12.72,24.83,0,0,55,2
2023,234,20.08,15.13,25.93,0,0,55,2
2023,235,18.24,12.75,24.9,3617.79,0,55,2
2023,236,18.13,13.52,24.14,4864.92,0,55,2
2023,237,18.43,12.48,24.75,6106.61,0,55,2
2023,238,19.73,14.79,25.96,6296.57,0,55,2
2023,239,19.43,14.24,26.09,4877.23,0,55,2
2023,240,18.38,14.17,23.01,3070.98,0,55,2
2023,241,18.08,13.66,22.52,2641.69,0,55,2
2023,242,18.02,15.12,21.84,1474.28,0,55,2
2023,243,18.07,15.24,22.71,1591.35,0,55,2
2023,244,18.87,15.46,23.51,1745.25,0,55,2
2023,245,18.68,15.53,23.49,2307.03,0,55,2
2023,246,18.9,12.73,25.89,5257.84,0,55,2
2023,247,18.78,14.35,24.48,2387.95,0,55,2
2023,248,19.63,13.74,25.63,4069.9,0,55,2
2023,249,20.42,13.62,26.98,4430.89,0,55,2
2023,250,18.55,15.47,24.24,1647.06,23.2,55,2
2023,251,17.83,15.35,20.88,2811.99,1.5,55,2
2023,252,17.63,15.18,20.3,1426.14,0,55,2
2023,253,18.7,13.12,24.8,5182.28,0,55,2
2023,254,19.63,15.06,25.4,4868.69,0,55,2
2023,255,20.1,15.27,26.39,5601.21,0,55,2
2023,256,18.54,15.58,23.43,2548.4,0,55,2
2023,257,19.3,15.09,24.61,5758.46,0,55,2
2023,258,18.25,15.11,22.31,3050.75,0,55,2
2023,259,19.19,13.58,25.41,5372.77,0,55,2
2023,260,20.08,15.78,27.18,4587.38,7.9,55,2
2023,261,19.27,15.2,24.9,4745.82,0,55,2
2023,262,19.43,14.03,24.85,5143.76,0,55,2
2023,263,20.13,15.04,27.25,5525.07,0,55,2
2023,264,20.11,14.46,26.74,6376.67,0,55,2
2023,265,20.33,15.96,25.85,4681.79,0,55,2
2023,266,19.54,15.6,24.75,3645.01,0,55,2
2023,267,18.87,16.08,24.31,3372.27,0,55,2
2023,268,20.51,14.71,27.22,5908.65,0,55,2
2023,269,20.23,13.96,27.28,4949.67,0,55,2
2023,270,20.27,14.8,26.27,4556.17,0,55,2
2023,271,18.89,16.03,22.69,1196.97,0,55,2
2023,272,19.89,13.95,26.59,5687.68,0,55,2
2023,273,19.74,15.23,26.4,3549.6,0,55,2
2023,274,20.87,16.39,27.58,4751.15,0,55,2
2023,275,20.79,14.59,27.58,4651.92,0,55,2
2023,276,18.98,12.25,25.45,6405.97,0,55,2
2023,277,17.97,16.28,21.07,0,0,55,2
2023,278,18.71,15.17,23.32,0,0.1,55,2
2023,279,20.09,15.8,26.43,0,0,55,2
2023,280,20.12,14.92,26.08,0,0,55,2
2023,281,20.74,13.07,27.9,0,0,55,2
2023,282,21.15,14.46,27.94,0,0,55,2
2023,283,20.8,16.31,27.4,0,0,55,2
2023,284,20.65,14.57,26.53,0,0,55,2
2023,285,21.22,14.61,27.95,58.89,0,55,2
2023,286,22.07,14.44,29.04,8544.6,0,55,2
2023,287,22.09,16.24,28.14,8566.02,0,55,2
2023,288,21.94,17.65,27.56,7313.47,0,55,2
2023,289,20.65,16.41,25.56,8620.96,0.5,55,2
2023,290,20.59,17,26.7,6027.42,0.1,55,2
2023,291,21.14,17.4,25.88,8229.79,0,55,2
2023,292,19.67,16.88,24.57,7326.11,0.9,55,2
2023,293,19.63,14.75,24.34,6663.91,0,55,2
2023,294,20.13,15.77,25.43,6664.92,0,55,2
2023,295,21.29,16.21,26.31,7380.56,0,55,2
2023,296,20.92,15.51,26.96,8509.35,0,55,2
2023,297,21.26,15.27,26.84,7960.17,0,55,2
2023,298,21.43,17.08,26.31,7851.62,0,55,2
2023,299,19.75,16.89,24.27,6644.34,1.9,55,2
2023,300,19.99,16.11,24.47,5778.53,0,55,2
2023,301,20.44,15.29,26.18,6298.28,0,55,2
2023,302,20.44,16.2,25.09,6156.59,0,55,2
2023,303,19.84,16.07,25.11,6722.6,0,55,2
2023,304,19.58,16.66,24.13,6301.59,4.5,55,2
2023,305,20.19,15.98,25.04,6634.78,0,55,2
2023,306,18.89,16.55,22.21,6696.87,32.9,55,2
2023,307,18.28,16.62,22.5,7183.03,8.3,55,2
2023,308,18.22,15.53,21.34,6765.66,8.6,55,2
2023,309,18.8,16.42,23.16,6886.08,7.2,55,2
2023,310,19.32,16.17,24.13,9730.67,28.39,55,2
2023,311,19.12,15.6,23.81,10841.47,35.8,55,2
2023,312,18.59,16.89,21.94,7246.38,3.1,55,2
2023,313,19.14,15.53,23.06,8163.72,0,55,2
2023,314,18.8,16.01,22.5,5845.3,17.8,55,2
2023,315,18.04,15.14,21.42,6128.92,11.1,55,2
2023,316,18.82,16.5,23.13,7541.2,4.4,55,2
2023,317,18.97,16.48,22.72,9203.97,3.9,55,2
2023,318,18.57,16.33,23.09,6980.97,22.2,55,2
2023,319,18.42,16.63,22.5,7523.55,5.7,55,2
2023,320,18.56,16.26,22.07,8345.27,6.6,55,2
2023,321,18.58,16.27,22.19,6944.2,2.5,55,2
2023,322,19.16,16.24,23.04,7928.17,1.74,55,2
2023,323,19.33,16.45,23.33,9372.54,1.4,55,2
2023,324,18.81,15.89,23.3,8756.82,0.4,55,2
2023,325,18.89,16.91,22.18,7351.74,14.2,55,2
2023,326,18.29,16.52,21.89,7933.32,8.7,55,2
2023,327,18.41,16.01,21.81,7656.3,3.6,55,2
2023,328,18.6,16.2,22.59,8632.65,9,55,2
2023,329,18.63,16.17,22.4,6718.32,6.8,55,2
2023,330,18.31,15.64,21.96,7458.1,8.4,55,2
2023,331,19.47,15.78,24.04,10373.17,2.6,55,2
2023,332,19.07,16.67,23.43,6641.47,0,55,2
2023,333,19.54,16.52,23.98,10462.47,0,55,2
2023,334,19.2,15.46,23.4,10151.57,0,55,2
2023,335,19.08,14.87,23.94,10163.12,0,55,2
2023,336,19.51,14.76,24.39,9063.49,0,55,2
2023,337,19.26,16.65,23.41,9238.67,0,55,2
2023,338,18.98,15.93,23.5,7269.97,0,55,2
2023,339,19.21,15.7,24.03,8889.96,0,55,2
2023,340,19.08,16.36,23.58,8429.89,0,55,2
2023,341,19.16,13.78,24.68,9949.12,0,55,2
2023,342,19.31,14.63,24.83,9822.74,0,55,2
2023,343,18.69,14.4,23.86,8768.44,0,55,2
2023,344,19.39,16.5,23.57,8342.37,0.8,55,2
2023,345,19.18,15.52,23.85,8715.98,0.1,55,2
2023,346,19.24,15,24.28,7782.55,0,55,2
2023,347,19.64,15.87,24.75,7343.74,0,55,2
2023,348,19.65,17.22,23.88,7114.97,0.1,55,2
2023,349,18.97,16.04,22.86,8209.45,4.7,55,2
2023,350,18.27,16.3,21.59,5418.67,0,55,2
2023,351,18.93,15.66,23.38,7905.5,0,55,2
2023,352,18.79,15.6,23.31,8806.4,0.1,55,2
2023,353,19.29,16.03,23.73,7720.58,0,55,2
2023,354,18.81,14.53,23.85,8466.12,0,55,2
2023,355,19.55,15.62,24.47,8567.75,0,55,2
2023,356,19.31,15.92,23.7,7450.53,2.2,55,2
2023,357,18.94,16.36,23.24,6814.98,6.7,55,2
2023,358,20.22,16.91,24.8,9015.26,0.7,55,2
2023,359,20.3,17.16,25.01,9187.11,0,55,2
2023,360,18.96,16.81,22.36,5705.54,0.6,55,2
2023,361,18.91,14.84,23.14,9122.89,0,55,2
2023,362,19.96,15.72,24.86,9784.87,0,55,2
2023,363,20.22,15.6,25.2,9033.71,0,55,2
2023,364,20.21,16.76,25.21,7604.47,0,55,2
2023,365,20.6,17.19,25.44,8499.06,0,55,2
2024,1,20.55,16.91,25.02,9099.94,2.14,55,2
2024,2,20.07,16.56,24.68,7544.96,18.7,55,2
2024,3,20.13,17.2,24.79,9352.78,0,55,2
2024,4,19.96,16.09,24.53,8198.94,0,55,2
2024,5,19.14,16.57,24.91,6381.43,9.3,55,2
2024,6,19.09,16.54,23.04,6166.96,10.8,55,2
2024,7,18.92,16.76,22.92,6011.12,11,55,2
2024,8,19.43,16.57,23.66,7851.23,0,55,2
2024,9,19.08,15.93,23.21,9254.88,0,55,2
2024,10,18.79,14.92,22.81,7186.6,0.7,55,2
2024,11,19.15,16,24.15,6543.17,3,55,2
2024,12,19.59,16.95,23.85,5451.84,16.24,55,2
2024,13,18.52,16.36,22.04,4198.54,31,55,2
2024,14,20.09,17.75,24.48,5828.19,0,55,2
2024,15,20.34,17.24,24.64,8358.45,0.1,55,2
2024,16,20.38,16.41,25.06,8068.84,0,55,2
2024,17,20.19,16.93,24.19,6555.22,0,55,2
2024,18,19.37,17.01,23.03,6842.46,0,55,2
2024,19,18.89,16.86,23.7,2525.45,0,55,2
2024,20,18.85,14.66,24.06,0,1.66,55,2
2024,21,18.85,14.66,24.06,0,1.66,55,2
2024,22,18.85,14.66,24.06,0,1.66,55,2
2024,23,18.85,14.66,24.06,0,1.66,55,2
2024,24,18.85,14.66,24.06,0,1.66,55,2
2024,25,18.85,14.66,24.06,0,1.66,55,2
2024,26,18.85,14.66,24.06,0,1.66,55,2
2024,27,18.85,14.66,24.06,0,1.66,55,2
2024,28,18.85,14.66,24.06,0,1.66,55,2
2024,29,18.85,14.66,24.06,0,1.66,55,2
2024,30,18.85,14.66,24.06,0,1.66,55,2
2024,31,18.85,14.66,24.06,0,1.66,55,2
2024,32,18.85,14.66,24.06,0,1.66,55,2
2024,33,18.85,14.66,24.06,0,1.66,55,2
2024,34,18.85,14.66,24.06,0,1.66,55,2
2024,35,18.85,14.66,24.06,0,1.66,55,2
2024,36,18.85,14.66,24.06,0,1.66,55,2
2024,37,18.85,14.66,24.06,0,1.66,55,2
2024,38,21.15,17.7,26.22,1106.54,0,55,2
2024,39,20.08,15.99,24.99,7275.83,0,55,2
2024,40,20.99,15.87,26.34,10169.33,0,55,2
2024,41,20.64,17.09,26.15,9844.51,0,55,2
2024,42,19.97,14.37,26,8787.33,0,55,2
2024,43,20.55,14.43,26.68,9362.8,0,55,2
2024,44,21.28,15.75,27.18,10054.36,0,55,2
2024,45,21.47,15.82,27.65,10098.83,0,55,2
2024,46,21.39,14.98,27.63,10280.66,0,55,2
2024,47,20.85,14.84,26.93,9485.23,0,55,2
2024,48,21.07,15.83,27.36,9820.03,0,55,2
2024,49,22.65,14.91,29.69,9750.34,0,55,2
2024,50,23.05,17.38,29.57,8740.56,0,55,2
2024,51,22.11,17.2,28.55,8517.89,11.4,55,2
2024,52,21.85,16.8,28.03,9895.37,0.1,55,2
2024,53,20.86,16.12,26.32,9941.13,0,55,2
2024,54,20.17,16.55,25.25,7915.61,0,55,2
2024,55,18.94,16.09,24.26,8574.58,17.4,55,2
2024,56,20.54,16.07,25.74,7996.17,0.2,55,2
2024,57,21.06,16.67,26.91,6682.1,0,55,2
2024,58,20.5,17.29,27.15,7917.32,3.5,55,2
2024,59,20.08,15.68,26.25,6633.67,8.9,55,2
2024,60,21.47,17.31,26.54,10676.74,3.2,55,2
2024,61,21.05,16.2,26.2,10788.73,0,55,2
2024,62,21.18,17.12,26.2,8441.78,0,55,2
2024,63,21.32,16.24,27.18,10758.1,0,55,2
2024,64,21.55,16.18,27.88,7170.52,0,55,2
2024,65,20.75,17.43,25.55,10416.15,0,55,2
2024,66,20.5,16.45,25.77,8560.47,0,55,2
2024,67,21.01,15.45,26.84,8816.82,0,55,2
2024,68,21.68,15.35,28.29,9776.91,0,55,2
2024,69,21.49,16.93,27.21,9957.43,0.3,55,2
2024,70,21.36,16.35,27.36,9514.82,0,55,2
2024,71,21.48,16.61,27.44,9674.2,0,55,2
2024,72,21.21,14.96,27.75,9389.45,0,55,2
2024,73,21.53,15.6,27.85,9990.33,0,55,2
2024,74,20.69,16.64,26.53,7182.62,0,55,2
2024,75,20.32,15.36,26.03,7707.52,0,55,2
2024,76,20.56,14.77,26.78,9386.51,0,55,2
2024,77,22.14,15.52,29.49,8307.24,0,55,2
2024,78,21.85,16.88,27.72,8263.64,0,55,2
2024,79,21.66,16.59,27.9,8514.6,0,55,2
2024,80,21.23,17.05,27.02,8704.99,0.4,55,2
2024,81,21.71,16.73,27.92,9058.05,0.1,55,2
2024,82,22.27,16.56,28.8,9831.65,0,55,2
2024,83,20.86,16.19,27.55,5362.97,37.7,55,2
2024,84,20.59,16.53,26.68,7842.09,7.8,55,2
2024,85,20.46,15.28,27.48,9400.07,11.1,55,2
2024,86,21.11,18,25.76,8468.38,0,55,2
2024,87,20.43,17.71,26.29,9387.67,0,55,2
2024,88,20.27,17.05,25.24,8533.94,0.1,55,2
2024,89,20.33,15.75,25.54,8465.53,3,55,2
2024,90,19.7,17.7,24.45,9146.47,2.2,55,2
2024,91,19.35,16.36,23.47,8311.02,0,55,2
2024,92,19.69,16.66,24.31,9461.09,0.3,55,2
2024,93,20.26,17.37,24.64,8899.05,0,55,2
2024,94,20.38,16.21,25.5,8957.95,0,55,2
2024,95,20.24,17.33,25.29,8981.51,0,55,2
2024,96,20.98,17.46,25.42,10908.34,0,55,2
2024,97,19.56,16.1,24.02,6736.34,0,55,2
2024,98,20.89,16.82,25.55,10714.98,0,55,2
2024,99,20.22,17.88,24.38,6343.97,0,55,2
2024,100,19.47,15.67,24.82,6956.2,0,55,2
2024,101,20.72,16.59,26.32,10289.77,0,55,2
2024,102,20.82,16.64,26.28,8870.92,0,55,2
2024,103,20.37,16.5,24.76,8275.52,0,55,2
2024,104,19.98,17.24,23.99,6237.68,0,55,2
2024,105,20.43,17.16,25.03,8016.67,0,55,2
2024,106,19.59,17.16,24.52,7089.38,0,55,2
2024,107,20.04,16.62,24.46,8362.85,0,55,2
2024,108,20.44,17.3,25.28,9599.35,12.3,55,2
2024,109,20.78,17.98,25.29,8517.77,0,55,2
2024,110,19.96,16.99,24.12,5752.34,0,55,2
2024,111,20.09,16.15,25,9016.96,0,55,2
2024,112,19.11,16.83,24.05,5747.29,0,55,2
2024,113,19.9,16.84,24.63,7862.72,0.1,55,2
2024,114,20.22,17.92,24.13,6045.1,0,55,2
2024,115,20.01,17.38,24.69,8752.5,0,55,2
2024,116,19.21,17.84,24.04,5227.34,24.9,55,2
2024,117,18.35,16.25,22.65,6769.98,31.8,55,2
2024,118,19.75,17.01,24.01,8001.04,0.6,55,2
2024,119,19.52,17.46,22.63,6776.29,0.3,55,2
2024,120,18.98,16.26,24.9,6480.54,61.1,55,2
2024,121,20.46,17.01,26.24,8159.45,4.8,55,2
2024,122,19.78,17.34,24.71,6893.98,33.6,55,2
2024,123,19.37,17.6,24.77,4861.63,6.1,55,2
2024,124,20.26,17.52,23.67,5507.77,11,55,2
2024,125,18.93,16.82,23.3,4186.01,43,55,2
2024,126,19.81,16.73,25.59,7455.69,0.3,55,2
2024,127,18.57,15.88,22.23,4281.67,26.6,55,2
2024,128,18.94,16.7,22.76,5849.13,3.2,55,2
2024,129,18.61,16.65,22.64,5993.3,1.5,55,2
2024,130,18.29,15.7,21.96,5087.8,0.2,55,2
2024,131,18.43,16.26,22.18,5645.88,0.9,55,2
2024,132,19.21,14.99,24.73,8186.87,0.1,55,2
2024,133,18.48,13.81,24.15,8387.61,0,55,2
2024,134,18.36,13.25,24.3,8950.96,0.1,55,2
2024,135,19.26,15.22,24.31,8591.65,0.1,55,2
2024,136,19.52,15.58,24.66,7986.64,0,55,2
2024,137,19.04,13.74,24.73,7375.59,0.6,55,2
2024,138,19.95,16.67,25.07,8113.92,0,55,2
2024,139,20.26,15.12,25.41,7842.54,0,55,2
2024,140,20.01,14.87,25.19,7950.03,0,55,2
2024,141,20.71,17.22,25.42,7810.22,0,55,2
2024,142,20.28,16.73,24.37,8358.06,0,55,2
2024,143,19.21,16.03,23.61,7490.88,6.84,55,2
2024,144,17.97,15.66,21.07,5059.22,0.7,55,2
2024,145,18.97,16.2,23.28,6376.28,0,55,2
2024,146,18.81,15.62,23.4,5393.8,0,55,2
2024,147,18.93,15.51,24.42,7721.6,0,55,2
2024,148,18.54,11.56,25.98,8645.78,0.1,55,2
2024,149,18.04,15.01,23.06,5446.23,0,55,2
2024,150,17.96,14.38,23.19,6493.24,0,55,2
2024,151,18.11,11.98,24.23,9040.88,0,55,2
2024,152,18.48,13.29,24.34,8459.57,0,55,2
2024,153,18.81,13.4,24.46,8526.08,0,55,2
2024,154,18.72,15.05,23.65,7094.85,0,55,2
2024,155,18.76,14.57,23.67,5950.18,0,55,2
2024,156,19.43,15.38,24.35,8699.51,0,55,2
2024,157,18.01,14.76,22.76,5404.5,0,55,2
2024,158,17.85,14.55,22.77,5079.55,0,55,2
2024,159,18.59,13.81,24.41,6718.83,0,55,2
2024,160,17.58,13.67,22.28,5296.88,0,55,2
2024,161,16.92,14.85,19.93,2501.57,0,55,2
2024,162,17.92,14.05,23.12,6097.69,0,55,2
2024,163,17.26,12.78,22.84,7029.17,0,55,2
2024,164,17.26,12.4,23.55,8362.68,0,55,2
2024,165,17.42,11.72,24.37,8063.44,0,55,2
2024,166,17.54,11.58,23.45,6954.77,0.1,55,2
2024,167,17.22,12.53,21.8,6301.69,0,55,2
2024,168,17.4,11.63,22.98,7068.5,0,55,2
2024,169,17.58,12.78,24.44,7145.95,0,55,2
2024,170,17.48,10.72,23.51,7566.43,0,55,2
2024,171,17.54,14.02,23.42,6356.8,4.1,55,2
2024,172,16.73,14.32,19.57,3444.91,0.6,55,2
2024,173,16.68,13.1,21.26,7807.81,0,55,2
2024,174,16.1,12.21,21.49,5640.27,0,55,2
2024,175,16.68,11.66,22.3,7909.25,0,55,2
2024,176,16.27,11.95,21.83,6437.31,0,55,2
2024,177,16.25,10.13,22.35,7455.75,0,55,2
2024,178,16.93,11.5,22.31,7424.45,0,55,2
2024,179,15.89,12.56,21.1,4735.87,0.1,55,2
2024,180,15.99,11.54,21.35,5209.55,0,55,2
2024,181,17,13.18,22.7,7192.25,0,55,2
2024,182,16.22,12.18,21.92,4807.59,0,55,2
2024,183,17.54,12.45,23.58,8243.55,0,55,2
2024,184,17.5,11.17,23.79,7722.43,0,55,2
2024,185,17.53,11.51,23.27,6603.05,0,55,2
2024,186,17.66,12.75,23.78,7576.3,0,55,2
2024,187,17.5,12.38,23.54,6342.23,0,55,2
2024,188,17.87,13.59,23.61,4858.84,0,55,2
2024,189,17.79,15.11,22.79,4766.07,23,55,2
2024,190,18.33,13.79,26.17,7823.75,0.7,55,2
2024,191,18.6,15.05,23.27,6444.88,0,55,2
2024,192,16.85,12.49,22,6195.94,0,55,2
2024,193,15.82,10.24,21.32,6170.75,0,55,2
2024,194,17.21,11.72,23.98,8052.78,0,55,2
2024,195,16.98,13.62,21.29,4444.71,0,55,2
2024,196,17.18,13.36,22.72,6852.39,0.2,55,2
2024,197,17.51,11.06,22.59,7844.13,0,55,2
2024,198,16.55,14.42,19.9,2612.36,0,55,2
2024,199,16.59,13.94,20.95,4849.1,0,55,2
2024,200,15.78,13.91,19.23,3634.15,0,55,2
2024,201,16.15,12.51,20.52,3556.55,0,55,2
2024,202,17.27,13.7,21.06,3097,0,55,2
2024,203,16.73,13.45,23.52,5928.83,0,55,2
2024,204,17.4,12.97,23.45,6521.53,0,55,2
2024,205,16.36,10.29,23.37,7319.86,0,55,2
2024,206,16.28,12.7,21.11,4060.95,0,55,2
2024,207,17.22,11.95,24.3,6601.89,0,55,2
2024,208,18.16,14.73,23.86,5789.64,0,55,2
2024,209,16.45,12.75,19.54,3428.26,0,55,2
2024,210,16.87,12.94,23.98,5853.4,0,55,2
2024,211,18.26,12.83,24.27,5048.15,0,55,2
2024,212,17.79,13.04,22.33,5252.84,0,55,2
2024,213,16.41,12.41,20.86,6000.28,0,55,2
2024,214,16.18,10.86,21.9,4956.26,0,55,2
2024,215,16.42,12.46,20.85,3776.1,0,55,2
2024,216,16.01,12.46,18.76,3713.31,0,55,2
2024,217,17.84,13.99,23.98,7799,0,55,2
2024,218,18.05,11.05,26.26,8924.46,0,55,2
2024,219,18.45,10.92,26.04,8580.93,0,55,2
2024,220,17.64,11.87,22.94,7088.16,0,55,2
2024,221,17.26,14.02,21.17,3842.78,0,55,2
2024,222,16.58,14.38,19.91,3625.09,0,55,2
2024,223,16.41,13.02,21.77,6269.2,0,55,2
2024,224,16.69,13.89,20.26,3251.08,0,55,2
2024,225,17.35,14.48,21.73,4406.52,0,55,2
2024,226,17.83,12.8,23.64,6217.3,0,55,2
2024,227,17.93,14.05,23.13,5251.83,0,55,2
2024,228,17.43,14.15,22.13,4579.28,0,55,2
2024,229,17.62,13.86,23.34,5544.06,0,55,2
2024,230,17.44,10.73,24.03,8087.03,0,55,2
2024,231,17.01,13.41,22.19,4514.18,0,55,2
2024,232,16.64,10.51,23.53,5715.65,0,55,2
2024,233,17.39,12.02,23.18,5810.04,0,55,2
2024,234,16.19,13.45,19.56,3741,0,55,2
2024,235,16.83,13.21,22.18,3521.14,0,55,2
2024,236,17.01,14.19,21.04,3479.16,0,55,2
2024,237,16.97,14.28,20.64,2837.24,0,55,2
2024,238,17.42,14.15,21.69,4399.9,0,55,2
2024,239,17.78,11.64,23.46,6569.62,0,55,2
2024,240,18.87,15.78,23.43,6722.02,0,55,2
2024,241,19.17,15.22,24.23,7204.8,0,55,2
2024,242,19.44,14.68,25.62,9510.81,0,55,2
2024,243,18.77,15.13,24.66,8126.65,0,55,2
2024,244,17.14,12.54,22.96,5391.39,0,55,2
2024,245,18.39,14.15,23.42,6147.84,0,55,2
2024,246,17.15,12.59,21.71,3680.49,0,55,2
2024,247,17.74,13.47,21.47,3689.66,0,55,2
2024,248,17.74,15.01,21.75,4484.43,0,55,2
2024,249,18.05,12.62,23.73,6254.86,0,55,2
2024,250,17.64,13.72,22.48,5201.24,0.8,55,2
2024,251,18.22,12.91,24.34,8370.98,0,55,2
2024,252,19.54,14.56,26.43,7747.01,0,55,2
2024,253,19.59,13.06,26.62,8184,0,55,2
2024,254,19.5,13.43,26.65,9443.89,0,55,2
2024,255,19.14,13.45,25.84,10204.74,0,55,2
2024,256,19.17,14.27,25.01,8614.68,0,55,2
2024,257,18.94,13.8,26.14,8612.59,0,55,2
2024,258,18.46,12.06,25.28,10216.52,0,55,2
2024,259,18.4,11.12,26.45,9681.72,0,55,2
2024,260,17.69,12.73,23.61,8119.92,0,55,2
2024,261,18.54,13.62,24.22,6188.32,0,55,2
2024,262,18.9,13.28,25.66,9007.81,75.47,55,2
2024,263,22.31,17.6,26.27,7666.25,0,55,2
2024,264,19.61,14.07,26.44,6401.25,0,55,2
2024,265,19.02,14.7,26.1,5693.84,0,55,2
2024,266,19.25,14.44,25.41,8320.77,0,55,2
2024,267,18.34,13.9,23.7,6243.18,0,55,2
2024,268,17.9,11.73,24.09,6870.87,0,55,2
2024,269,18.88,15.49,24.85,6691.67,0,55,2
2024,270,19.46,13.15,26.39,7374.52,0,55,2
2024,271,19.71,14.44,26.16,6437.93,0,55,2
2024,272,18.3,14.11,26.52,5668.32,24,55,2
2024,273,19.39,12.09,26.54,7206.95,0,55,2
2024,274,19.52,14.42,25.4,4425.98,0,55,2
2024,275,20.25,14.47,27.06,9096.94,0,55,2
2024,276,19,15.22,24.06,7429.37,0,55,2
2024,277,18.75,13.96,24.33,6859.05,0,55,2
2024,278,18.9,11.62,26.24,8740.02,0,55,2
2024,279,18.59,15.16,23.92,5055.88,0,55,2
2024,280,18.9,14.36,24.06,6774.57,0,55,2
2024,281,18.34,14.24,22.93,6447.45,0,55,2
2024,282,19.75,14.61,26.1,8197.19,0,55,2
2024,283,19.25,13.39,25.41,9190.96,0,55,2
2024,284,18.13,12.74,25.32,8786.94,0,55,2
2024,285,19.42,14.7,25.52,8231.19,0,55,2
2024,286,19.19,13.78,25.15,9466.65,0,55,2
2024,287,18.25,14.09,24.17,6773.12,0,55,2
2024,288,19.5,13.01,26.56,8232.85,0,55,2
2024,289,19.01,13.63,27.12,7697.27,0,55,2
2024,290,20.18,15.16,26.42,5094.48,9.7,55,2
2024,291,21.01,15.65,27.08,8704.07,0,55,2
2024,292,18.54,13.49,25.61,5453.1,3.98,55,2
2024,293,18.5,16.29,22.93,3146.21,20.3,55,2
2024,294,20.15,16.64,25.3,7018.25,0,55,2
2024,295,19.74,14.09,25.53,7580.84,0,55,2
2024,296,20.04,14.02,26.61,9629.9,0,55,2
2024,297,19.44,13.11,26.04,9465.23,0,55,2
2024,298,19.55,13.87,26.34,7880.31,0,55,2
2024,299,19.93,14.54,26.52,8704.22,0,55,2
2024,300,20.54,15.01,27.09,9370.52,0,55,2
2024,301,21.14,16.29,28.04,9407.79,0,55,2
2024,302,20.88,16.06,27.28,9017.13,0,55,2
2024,303,20.45,14.54,27.52,9542.27,0,55,2
2024,304,21.22,14.41,28.49,9373.83,0,55,2
2024,305,21.13,14.11,28.3,9505.49,0,55,2
2024,306,20.61,15.95,27.06,6742.65,0,55,2
2024,307,20.03,15.59,26.01,7752.9,0,55,2
2024,308,20.43,14.95,27.11,7525.78,0,55,2
2024,309,20.79,14.29,27.74,9199.26,0,55,2
2024,310,20.77,14.61,27.03,8505.56,0,55,2
2024,311,19.22,15.78,25.59,7826.7,2.4,55,2
2024,312,18.54,15.8,23.95,7176.69,1.4,55,2
2024,313,19.16,15.66,24.42,8662.17,5.7,55,2
2024,314,19.54,14.7,24.93,8441.21,0,55,2
2024,315,19.56,15.88,23.95,6415.17,0.2,55,2
2024,316,17.98,15.71,22.99,4442.97,10.7,55,2
2024,317,19.74,14.33,25.35,8261.9,0,55,2
2024,318,18.98,15.22,23.72,5320.04,13.3,55,2
2024,319,20.06,16.56,25.81,7996.94,15.2,55,2
2024,320,18.06,15.98,22.74,6025.29,15.42,55,2
2024,321,16.64,14.72,19.28,4011.37,7.2,55,2
2024,322,18.67,13.1,23.12,8028.94,0,55,2
2024,323,19.59,15.02,25.5,7591.32,0,55,2
2024,324,20.01,15.8,25.7,9856.63,0,55,2
2024,325,18.91,16.25,23.33,5604.82,6,55,2
2024,326,18.57,15.1,23.21,7113.52,0,55,2
2024,327,19.15,15.39,25.09,8237.67,0,55,2
2024,328,19.96,16.44,25.04,8254.17,0.2,55,2
2024,329,19.19,16.12,23.92,6360.8,0,55,2
2024,330,17.86,16.39,22.49,4768.36,12.7,55,2
2024,331,19.27,15.4,24.24,10201.77,0.2,55,2
2024,332,19.31,15.64,24.18,6793.59,0,55,2
2024,333,19.77,15.63,25.41,8375.94,1.4,55,2
2024,334,19.68,14.71,25.53,7761.23,0.8,55,2
2024,335,19.42,14.96,24.89,7201.11,0,55,2
2024,336,18.83,15.1,23.41,5594.65,0.61,55,2
2024,337,19.17,16.29,24.05,5228.25,0,55,2
2024,338,19.54,16.52,24.69,7632.2,0,55,2
2024,339,19.22,14.58,24.58,9667.04,0,55,2
2024,340,18.91,14.15,24.66,7711.07,0,55,2
