year,date,lai
2018,1/1/2018,0.43974102
2018,1/9/2018,0.607915833
2018,1/17/2018,0.535380658
2018,1/25/2018,0
2018,2/2/2018,0.4
2018,2/10/2018,0.455280971
2018,2/18/2018,0
2018,2/26/2018,0.435380658
2018,3/6/2018,0.442387128
2018,3/14/2018,0.176603821
2018,3/22/2018,1.040015442
2018,3/30/2018,0.881994771
2018,4/7/2018,0.764619342
2018,4/15/2018,0.430906074
2018,4/23/2018,1.676526923
2018,5/1/2018,1.907546127
2018,5/9/2018,1.732365843
2018,5/17/2018,1.953669308
2018,5/25/2018,2.013314518
2018,6/2/2018,0.860575367
2018,6/10/2018,1.22251544
2018,6/18/2018,0.455760646
2018,6/26/2018,1.255528912
2018,7/4/2018,0.69239062
2018,7/12/2018,0.32603841
2018,7/20/2018,0.834490398
2018,7/28/2018,0.703555471
2018,8/5/2018,0.693861903
2018,8/13/2018,0.518122577
2018,8/21/2018,0.194131731
2018,8/29/2018,0.100269828
2018,9/6/2018,0.501777736
2018,9/14/2018,0.453773063
2018,9/22/2018,0.277169242
2018,9/30/2018,0.3
2018,10/8/2018,0.435650486
2018,10/16/2018,0.370761316
2018,10/24/2018,0.371031145
2018,11/1/2018,0.337428222
2018,11/9/2018,0.379541645
2018,11/17/2018,0.370761316
2018,11/25/2018,0.797262485
2018,12/3/2018,1.164914934
2018,12/11/2018,1.580369516
2018,12/19/2018,1.968033716
2018,12/27/2018,1.540609393
2019,1/1/2019,1.299250837
2019,1/9/2019,1.462362648
2019,1/17/2019,1.204693672
2019,1/25/2019,0.890661629
2019,2/2/2019,0.755280971
2019,2/10/2019,0.535380658
2019,2/18/2019,0.687993633
2019,2/26/2019,0.513432782
2019,3/6/2019,0.576009154
2019,3/14/2019,0.5
2019,3/22/2019,1
2019,3/30/2019,0.401160088
2019,4/7/2019,0.370761316
2019,4/15/2019,0.5
2019,4/23/2019,0.42810436
2019,5/1/2019,0.499730172
2019,5/9/2019,1.093995228
2019,5/17/2019,1.012712472
2019,5/25/2019,0.368824098
2019,6/2/2019,0.424804208
2019,6/10/2019,1.223666007
2019,6/18/2019,0.914155804
2019,6/26/2019,0.612276195
2019,7/4/2019,0.79008147
2019,7/12/2019,0.681877423
2019,7/20/2019,0.580099687
2019,7/28/2019,0.495909466
2019,8/5/2019,0.442926785
2019,8/13/2019,0.240979099
2019,8/21/2019,0.3
2019,8/29/2019,0.151995328
2019,9/6/2019,0.301348424
2019,9/14/2019,0.519900313
2019,9/22/2019,0.493861903
2019,9/30/2019,0.453773063
2019,10/8/2019,0.1
2019,10/16/2019,1.225420763
2019,10/24/2019,0.686537952
2019,11/1/2019,1.601777736
2019,11/9/2019,0.90926593
2019,11/17/2019,1.922176486
2019,11/25/2019,1.6
2019,12/3/2019,0.654390711
2019,12/11/2019,1.580369516
2019,12/19/2019,1.673673376
2019,12/27/2019,0.910767214
2020,1/1/2020,1.90700647
2020,1/9/2020,1.222843106
2020,1/17/2020,2.003263756
2020,1/25/2020,2.429878307
2020,2/2/2020,0.909068543
2020,2/10/2020,1.61083177
2020,2/18/2020,1.227215461
2020,2/26/2020,1.169463632
2020,3/5/2020,0.976640052
2020,3/13/2020,1.349062098
2020,3/21/2020,0.98498629
2020,3/29/2020,0.739227845
2020,4/6/2020,1.147826803
2020,4/14/2020,1.174856444
2020,4/22/2020,0.66429341
2020,4/30/2020,1.835436616
2020,5/8/2020,0.639198579
2020,5/16/2020,0.535969453
2020,5/24/2020,1.095103483
2020,6/1/2020,1.19643002
2020,6/9/2020,0.340458546
2020,6/17/2020,0.441418877
2020,6/25/2020,0.771031145
2020,7/3/2020,0.733602923
2020,7/11/2020,0.626478188
2020,7/19/2020,0.619900313
2020,7/27/2020,0.5
2020,8/4/2020,0.577786889
2020,8/12/2020,0.576009154
2020,8/20/2020,0.427734653
2020,8/28/2020,0.590661629
2020,9/5/2020,0.590661629
2020,9/13/2020,0.435380658
2020,9/21/2020,0.441518756
2020,9/29/2020,0.420170141
2020,10/7/2020,0.495909466
2020,10/15/2020,0.371300973
2020,10/23/2020,0.284249826
2020,10/31/2020,0.458481244
2020,11/8/2020,0.46488917
2020,11/16/2020,0.645344055
2020,11/24/2020,0.618932062
2020,12/2/2020,1.06338514
2020,12/10/2020,0.789153722
2020,12/18/2020,0.700269828
2020,12/26/2020,0.602047564
2021,1/1/2021,0.541518756
2021,1/9/2021,0.641518756
2021,1/17/2021,0.741518756
2021,1/25/2021,0.693861903
2021,2/2/2021,0.575181283
2021,2/10/2021,0.433872751
2021,2/18/2021,0.541518756
2021,2/26/2021,0.868983581
2021,3/6/2021,0.871300973
2021,3/14/2021,0.571300973
2021,3/22/2021,0.601777736
2021,3/30/2021,0.201079313
2021,4/7/2021,0.528448302
2021,4/15/2021,0.628333915
2021,4/23/2021,0.988704332
2021,5/1/2021,0.474796839
2021,5/9/2021,0.243333116
2021,5/17/2021,1.1
2021,5/25/2021,1.227576569
2021,6/2/2021,1.036966036
2021,6/10/2021,1.052589995
2021,6/18/2021,0.528699027
2021,6/26/2021,0.901777736
2021,7/4/2021,0.258946787
2021,7/12/2021,0.5
2021,7/20/2021,0.653503235
2021,7/28/2021,0.453503235
2021,8/5/2021,0.106138097
2021,8/13/2021,0.395639638
2021,8/21/2021,0.435380658
2021,8/29/2021,0.465509602
2021,9/6/2021,0.349486815
2021,9/14/2021,0.451725499
2021,9/22/2021,0.395291819
2021,9/30/2021,0.341518756
2021,10/8/2021,0.376009154
2021,10/16/2021,0.349434589
2021,10/24/2021,0.333872751
2021,11/1/2021,0.347117197
2021,11/9/2021,0.306138097
2021,11/17/2021,0.300539656
2021,11/25/2021,0.3
2021,12/3/2021,0.759453373
2021,12/11/2021,0.525609099
2021,12/19/2021,1.201926358
2021,12/27/2021,1.023104463
2022,1/1/2022,0.541518756
2022,1/9/2022,1.669582842
2022,1/17/2022,1.219900313
2022,1/25/2022,1.306138097
2022,2/2/2022,0.97892509
2022,2/10/2022,1.035650486
2022,2/18/2022,0.787723805
2022,2/26/2022,0.824260674
2022,3/6/2022,0.5
2022,3/14/2022,0.561419068
2022,3/22/2022,0.483655159
2022,3/30/2022,0.53769805
2022,4/7/2022,0.487993633
2022,4/15/2022,0.502317392
2022,4/23/2022,0.88209224
2022,5/1/2022,0.901777736
2022,5/9/2022,0.508166558
2022,5/17/2022,0.714201047
2022,5/25/2022,0.5
2022,6/2/2022,0.680099687
2022,6/10/2022,0.246496765
2022,6/18/2022,0.146208551
2022,6/26/2022,0.419840708
2022,7/4/2022,0.494131731
2022,7/12/2022,0.396444529
2022,7/20/2022,0.3
2022,7/28/2022,0.1
2022,8/5/2022,0.246226937
2022,8/13/2022,0.301777736
2022,8/21/2022,0.319900313
2022,8/29/2022,0.301777736
2022,9/6/2022,0.194131731
2022,9/14/2022,0.3
2022,9/22/2022,0.3
2022,9/30/2022,0.3
2022,10/8/2022,0.333602923
2022,10/16/2022,0.3
2022,10/24/2022,0.3
2022,11/1/2022,0.3
2022,11/9/2022,0.472106956
2022,11/17/2022,0.298222264
2022,11/25/2022,0.235650486
2022,12/3/2022,0.371300973
2022,12/11/2022,0.525609099
2022,12/19/2022,0.446710489
2022,12/27/2022,0.305333207
2023,1/1/2023,0.435650486
2023,1/9/2023,0.383655159
2023,1/17/2023,0.353773063
2023,1/25/2023,0.339471192
2023,2/2/2023,0.3
2023,2/10/2023,0.275121678
2023,2/18/2023,0.44792318
2023,2/26/2023,0.333872751
2023,3/6/2023,0.282147251
2023,3/14/2023,0.241518756
2023,3/22/2023,0.240088839
2023,3/30/2023,0.46373646
2023,4/7/2023,0.781877423
2023,4/15/2023,0.549005994
2023,4/23/2023,0.386622229
2023,5/1/2023,2.037276098
2023,5/9/2023,0.800035689
2023,5/17/2023,1.273573498
2023,5/25/2023,1.041496868
2023,6/2/2023,0.607276298
2023,6/10/2023,0.613762215
2023,6/18/2023,0.280099687
2023,6/26/2023,0.2
2023,7/4/2023,0.329859115
2023,7/12/2023,0.446496765
2023,7/20/2023,0.3
2023,7/28/2023,0.385868078
2023,8/5/2023,0.387645814
2023,8/13/2023,0.335380658
2023,8/21/2023,0.301777736
2023,8/29/2023,0.423042074
2023,9/6/2023,0.286027562
2023,9/14/2023,0.480099687
2023,9/22/2023,0.482147251
2023,9/30/2023,0.415750174
2023,10/8/2023,0.381877423
2023,10/16/2023,0.333602923
2023,10/24/2023,0.1
2023,11/1/2023,0.259641333
2023,11/9/2023,0.135380658
2023,11/17/2023,0.233949649
2023,11/25/2023,1.128358586
2023,12/3/2023,1.555550799
2023,12/11/2023,1.557345828
2023,12/19/2023,1.201926358
2023,12/27/2023,1.023104463
2024,1/1/2024,0.385364671
2024,1/9/2024,1.175451111
2024,1/17/2024,1.981877423
2024,1/25/2024,1.281508111
2024,2/2/2024,1.671359861
2024,2/10/2024,0.964002787
2024,2/18/2024,0.953773063
2024,2/26/2024,0.917258081
2024,3/5/2024,0.828374188
2024,3/13/2024,0.446692479
2024,3/21/2024,0.659641333
2024,3/29/2024,0.605927874
2024,4/6/2024,1.159641333
2024,4/14/2024,1.30700647
2024,4/22/2024,2.056873982
2024,4/30/2024,0.4
2024,5/8/2024,1.4580634
2024,5/16/2024,1.721083381
2024,5/24/2024,1.440358667
2024,6/1/2024,1.29288518
2024,6/9/2024,0.5
2024,6/17/2024,0.864914934
2024,6/25/2024,0.5
2024,7/3/2024,0.688211235
2024,7/11/2024,0.757598363
2024,7/19/2024,0.368093321
2024,7/27/2024,0.328972733
2024,8/4/2024,0.635650486
2024,8/12/2024,0.3
2024,8/20/2024,0.219900313
2024,8/28/2024,0.21750493
2024,9/5/2024,0.5
2024,9/13/2024,0.370761316
2024,9/21/2024,0.7012949
2024,9/29/2024,0.555550799
2024,10/7/2024,0.537158394
2024,10/15/2024,0.418122577
2024,10/23/2024,0.524530503
2024,10/31/2024,0.630942305
2024,11/8/2024,0.654874263
2024,11/16/2024,0.594352493
2024,11/24/2024,0.906138097
2024,12/2/2024,1.262948863
2024,12/10/2024,0.893573688
2024,12/18/2024,0.9
2024,12/26/2024,1.155550799
