timestamp,precipitation (mm),temperature AVG (degrees Celsius),temperature MAX (degrees Celsius),temperature MIN (degrees Celsius)
01/12/2019,,,,
02/12/2019,6.074000000000001,18.144444444444446,22.8,16.1
03/12/2019,1.2760000000000002,18.45034722222222,23.3,15.9
04/12/2019,2.7399999999999998,19.402083333333334,25.2,15.6
05/12/2019,25.367,17.841666666666665,23.3,15.3
06/12/2019,1.9890000000000003,18.946527777777778,24,15.2
07/12/2019,5.681,18.428124999999998,22.4,16.5
08/12/2019,2.9749999999999996,18.338541666666668,23.9,15.2
09/12/2019,6.832000000000001,18.354166666666668,23,15.9
10/12/2019,,,,
11/12/2019,,,,
12/12/2019,0,18.27630662020906,24,13.7
13/12/2019,0,19.15694444444445,24.4,14.6
14/12/2019,0.017,18.060627177700347,23.8,14.6
15/12/2019,4.526,18.297569444444445,23.7,15.2
16/12/2019,0.017,18.69340277777778,24.2,15
17/12/2019,0,18.749305555555555,23.8,15.1
18/12/2019,0,19.06597222222222,24.1,15
19/12/2019,0,17.90381944444444,23.7,13.1
20/12/2019,0.051000000000000004,18.581720430107527,24.3,12.8
21/12/2019,3.2310000000000003,18.388967971530253,24.3,15.1
22/12/2019,0,18.24946996466431,23,15.2
23/12/2019,7.666999999999999,18.974377224199287,24.2,15.3
24/12/2019,2.876,18.964664310954067,23.9,15.8
25/12/2019,1.2759999999999998,19.45177304964539,24.5,15.4
26/12/2019,15.794,18.81595744680851,25.1,13.9
27/12/2019,39.278999999999996,19.893617021276597,26.8,16.8
28/12/2019,18.3,18.86197183098591,25.6,16.4
29/12/2019,0.017,19.555516014234875,24.4,15.9
30/12/2019,0,18.48521126760563,23.5,13.6
31/12/2019,0.034,18.613427561837458,24,14.1
01/01/2020,0.051,18.77323943661972,24.4,13.9
02/01/2020,0.136,18.82918149466192,24.7,15
03/01/2020,0.85,18.94699647,23.9,14.5
04/01/2020,0.017,18.337323943661968,23.5,14.5
05/01/2020,0,19.455160142348753,25.4,13.1
06/01/2020,11.123000000000001,19.676595744680853,25.9,15.3
07/01/2020,9.032,18.263957597173146,23,15.2
08/01/2020,4.388,17.44098939929329,22.4,15.3
09/01/2020,2.927,18.36950354609929,24.5,14.6
10/01/2020,0.034,19.569824561403507,25.8,15.5
11/01/2020,0.017,19.814487632508833,26.3,14.7
12/01/2020,7.0760000000000005,19.922775800711744,26.9,15.9
13/01/2020,11.223,18.018374558303886,23.4,15.9
14/01/2020,0,19.379094076655054,24,15.4
15/01/2020,0,19.764664310954064,25,16.2
16/01/2020,0.017,19.381914893617022,24.3,16
17/01/2020,0,19.214736842105264,25.2,15.2
18/01/2020,0,19.837809187279152,26.2,15.5
19/01/2020,0,19.655985915492955,26,14.4
20/01/2020,0,19.858245614035088,26.5,14
21/01/2020,0.051000000000000004,20.159298245614035,25.6,14.8
22/01/2020,0,19.716901408450706,24.2,15.8
23/01/2020,0.034,19.302473498233216,24,16.9
24/01/2020,0,18.975174825174825,22.8,17
25/01/2020,0.272,18.931944444444444,24.5,16.4
26/01/2020,16.112,18.01215277777778,22.7,15.7
27/01/2020,4.443,18.139236111111114,22.4,15.5
28/01/2020,9.078999999999999,17.327083333333334,22,15.3
29/01/2020,0.068,19.206944444444442,24.3,15.9
30/01/2020,0.34,19.22152777777778,24.5,16.4
31/01/2020,25.53,19.64548611111111,25.6,15.5
01/02/2020,15.132,18.317708333333332,24.1,15.2
02/02/2020,6.6850000000000005,18.647916666666667,25.4,15.6
03/02/2020,0.085,19.019791666666666,25,14.7
04/02/2020,0.034,18.915625,24.5,14.4
05/02/2020,0.28900000000000003,18.740277777777774,24.5,12.9
06/02/2020,0.11900000000000001,18.429166666666667,24.8,13.1
07/02/2020,0.32300000000000006,19.2375,26.1,13
08/02/2020,0.28900000000000003,18.609375,24.7,14.3
09/02/2020,0.136,18.398958333333333,24.6,13.5
10/02/2020,0.17,18.826736111111114,26.2,12
11/02/2020,0,20.055902777777778,28.1,11.8
12/02/2020,0.051000000000000004,20.32013888888889,27,13.4
13/02/2020,0.272,19.711805555555557,25.5,15
14/02/2020,0.20400000000000001,19.275694444444444,24.8,15.3
15/02/2020,3.467,18.094791666666666,24.6,15.5
16/02/2020,5.489,18.112891986062717,23.6,15.5
17/02/2020,0.255,19.541666666666668,25.5,15.5
18/02/2020,0.20400000000000001,19.5375,25,14.5
19/02/2020,0.11900000000000001,19.84131944444444,25.8,16.1
20/02/2020,0.272,20.398263888888888,26.9,14.2
21/02/2020,0.20400000000000001,20.378819444444446,27.1,15.4
22/02/2020,0.17,19.82326388888889,26.4,15.9
23/02/2020,0.255,19.635416666666668,25.8,15.8
24/02/2020,0.15300000000000002,19.646875,25.7,14.1
25/02/2020,3.5349999999999997,20.771875,27.9,13.9
26/02/2020,1.445,20.294791666666665,27.2,16.3
27/02/2020,0.11900000000000001,19.921875,26.6,16
28/02/2020,0.272,20.03402777777778,26.2,15.6
29/02/2020,0.11900000000000001,20.714236111111113,27.7,14.1
01/03/2020,29.602,19.808362369337978,28.1,14.7
02/03/2020,2.1430000000000002,18.72473867595819,25.7,16
03/03/2020,0.476,20.72673611111111,26.6,16.3
04/03/2020,0.51,20.33090277777778,26.9,15.8
05/03/2020,5.565,19.794097222222224,27.9,15.1
06/03/2020,0,20.538888888888888,27.3,15
07/03/2020,0,20.501041666666666,27.4,15.3
08/03/2020,0.255,20.117708333333333,25.9,16
09/03/2020,0.10200000000000001,19.91840277777778,26.1,16.7
10/03/2020,0.22100000000000003,20.34652777777778,26.7,16.4
11/03/2020,0.085,20.232291666666665,27.3,15.7
12/03/2020,0.068,20.03125,26.3,16.1
13/03/2020,0.187,20.415972222222223,26.6,16.2
14/03/2020,0.187,20.271428571428572,27.2,14.3
15/03/2020,0.272,20.548263888888886,27.9,14.8
16/03/2020,0.187,21.246180555555554,29.5,15.4
17/03/2020,0.15300000000000002,20.916319444444447,27.8,15.9
18/03/2020,0.561,20.031597222222224,26.9,15.9
19/03/2020,1.02,19.65972222222222,26.6,15.3
20/03/2020,0.10200000000000001,20.339236111111113,27.1,15.6
21/03/2020,1.429,19.50347222222222,26,14.6
22/03/2020,0.10200000000000001,19.55,26,14.6
23/03/2020,0.085,20.242708333333333,27.9,13.5
24/03/2020,0.11900000000000001,20.383333333333336,28,15.6
25/03/2020,0.085,20.37326388888889,27.2,16
26/03/2020,29.936999999999998,19.460975609756098,27.4,14.8
27/03/2020,0.272,19.15173611111111,25.6,15.9
28/03/2020,23,19.378124999999997,26.1,14.8
29/03/2020,8.111,18.833333333333332,26.6,14
30/03/2020,0.15300000000000002,19.70520833333333,26.9,15
31/03/2020,0.15300000000000002,20.164583333333333,26.1,16.5
01/04/2020,0.272,19.837500000000002,26.3,15
02/04/2020,0.22100000000000003,19.507986111111112,26.2,14.1
03/04/2020,0.136,19.617361111111112,25.8,15.4
04/04/2020,0.136,19.499305555555555,25.3,15.1
05/04/2020,0.9860000000000001,19.85902777777778,25.9,15
06/04/2020,0.11900000000000001,20.09444444444445,26.6,16
07/04/2020,1.037,19.344444444444445,25.2,16.6
08/04/2020,0.187,19.92951388888889,25.8,15.1
09/04/2020,0.17000000000000004,19.68541666666667,26.3,14.2
10/04/2020,0.15300000000000002,19.47673611111111,25.6,14.9
11/04/2020,0.187,19.83159722222222,27.3,13.3
12/04/2020,0.11900000000000001,20.266666666666666,27.4,12.8
13/04/2020,0.22100000000000003,19.743055555555557,25.8,15.3
14/04/2020,3.672,19.872916666666665,27.6,15.6
15/04/2020,1.8030000000000002,19.657839721254355,26.9,15.2
16/04/2020,0.068,18.61284722222222,27.3,14.7
17/04/2020,0.10200000000000001,20.010069444444444,26.3,14.6
18/04/2020,27.555,18.94097222222222,26.9,16
19/04/2020,0.068,18.602777777777778,23.2,16
20/04/2020,34.108,18.721180555555556,24.7,15.8
21/04/2020,6.681,18.67465277777778,24.8,15.2
22/04/2020,50.979,17.98923611111111,23.5,15.3
23/04/2020,6.307000000000001,16.857291666666665,19.1,15
24/04/2020,25.512999999999998,18.430555555555557,25.4,14.6
25/04/2020,4.779999999999999,18.225347222222222,22.7,14.7
26/04/2020,7.708000000000001,18.814285714285717,25.4,15.7
27/04/2020,0.20400000000000001,18.178819444444443,23.8,13.6
28/04/2020,3.249,19.086805555555557,25.8,13.2
29/04/2020,1.037,19.484027777777776,25.1,16.2
30/04/2020,5.324000000000001,19.29097222222222,25.3,16
01/05/2020,0.17,19.058333333333334,25.3,15.5
02/05/2020,0.034,19.369444444444444,25.2,16.6
03/05/2020,0,19.301041666666666,25.3,16
04/05/2020,0.017,19.504166666666663,26.2,14.4
05/05/2020,0.085,19.778819444444444,25.8,14.8
06/05/2020,12.498,19.121875000000003,25.9,16.3
07/05/2020,0.051000000000000004,18.434375000000003,24,14.9
08/05/2020,0.34,18.295833333333334,24.2,14.3
09/05/2020,0.051000000000000004,18.834722222222222,24.4,14.7
10/05/2020,13.293000000000001,17.112152777777776,21.9,14
11/05/2020,0.136,17.64479166666667,23.5,13.5
12/05/2020,1.004,18.665972222222223,25,14.6
13/05/2020,0.17,19.317708333333332,27,13.8
14/05/2020,0.17,19.757291666666667,27.4,14.6
15/05/2020,3.3669999999999995,18.72951388888889,24.5,15.6
16/05/2020,0.885,18.811111111111114,25,14.5
17/05/2020,0.051000000000000004,17.779166666666665,24.8,13
18/05/2020,0.068,17.525000000000002,24.1,12.1
19/05/2020,0.10200000000000001,18.62743055555556,26.2,11.6
20/05/2020,0.017,18.30972222222222,24.8,14.4
21/05/2020,0,18.248958333333334,22.5,14.9
22/05/2020,0,17.725347222222226,24,12.5
23/05/2020,0.085,16.952430555555555,22.9,11.4
24/05/2020,0.085,17.413888888888888,23.7,13.1
25/05/2020,0.136,18.228125,25.4,13.4
26/05/2020,0.085,18.987152777777776,25.7,14.6
27/05/2020,0.051000000000000004,19.32743055555555,26.7,13.9
28/05/2020,0,19.343402777777776,26,15.4
29/05/2020,0.068,18.430555555555557,25,12.4
30/05/2020,0.10200000000000001,17.382291666666667,25.1,10.4
31/05/2020,0.136,17.515277777777776,25.2,10.5
01/06/2020,0.051000000000000004,18.007638888888888,24.8,12.7
02/06/2020,0.11900000000000001,17.674652777777776,24.7,11.5
03/06/2020,0.11900000000000001,16.91076388888889,23.5,11.2
04/06/2020,0.085,18.04097222222222,24.9,11.9
05/06/2020,0,17.88888888888889,26,10.5
06/06/2020,0.085,18.37743055555556,26.4,11.4
07/06/2020,0.017,18.68402777777778,25,13.4
08/06/2020,0,16.59861111111111,20,12.9
09/06/2020,6.598000000000001,17.882638888888888,24.5,13.2
10/06/2020,5.2219999999999995,16.028125000000003,21,13.1
11/06/2020,0.15300000000000002,17.693055555555556,24.7,12.6
12/06/2020,3.4539999999999997,17.52638888888889,24.2,14.2
13/06/2020,1.071,17.28541666666667,22.7,14.1
14/06/2020,0.034,16.610763888888886,21.3,14.4
15/06/2020,0,16.162500000000005,19.3,13.1
16/06/2020,0.068,15.80659722222222,19.6,12.9
17/06/2020,0,16.646180555555556,22.4,12.5
18/06/2020,0,16.124305555555555,22,10.8
19/06/2020,0.085,17.241666666666667,23.7,10.1
20/06/2020,2.383,18.068055555555553,25.7,12.7
21/06/2020,0,17.927430555555556,25,11.4
22/06/2020,0.051000000000000004,18.047569444444445,24.6,12.9
23/06/2020,0,17.826041666666665,24.1,12.9
24/06/2020,0.017,17.62777777777778,24.9,12.4
25/06/2020,0.051000000000000004,16.653819444444444,24.5,10.6
26/06/2020,0.10200000000000001,16.872222222222224,24.1,10.7
27/06/2020,0,17.98715277777778,24.7,13.9
28/06/2020,0.051000000000000004,17.976041666666667,25.8,12.4
29/06/2020,0.136,17.265625,24.7,10.3
30/06/2020,0.068,16.947569444444444,24.9,8.1
01/07/2020,0.11900000000000001,15.822916666666666,22.8,10.1
02/07/2020,0,16.473263888888887,21.9,12.3
03/07/2020,0,16.193055555555556,22.8,10.4
04/07/2020,0.085,16.786458333333332,24.5,9.5
05/07/2020,0,16.486458333333335,21.5,13
06/07/2020,0,17.274305555555557,23.1,12.7
07/07/2020,0,16.62847222222222,22.5,12
08/07/2020,0,17.446180555555557,22.5,13
09/07/2020,0.136,17.12361111111111,24.5,11.2
10/07/2020,0.034,15.26388888888889,22.2,10.4
11/07/2020,0.17000000000000004,15.895833333333334,23.9,8.3
12/07/2020,0.068,17.900694444444444,26.2,11
13/07/2020,0,17.471874999999997,22.9,10.9
14/07/2020,0,17.084375,23.4,11.8
15/07/2020,0,16.78715277777778,21.9,12.3
16/07/2020,0,16.39409722222222,22,12.4
17/07/2020,0,15.512847222222222,21.5,9.8
18/07/2020,0,15.094791666666667,19.8,10.6
19/07/2020,0,15.890972222222224,22.3,10.1
20/07/2020,0.017,15.510069444444444,19.3,10.5
21/07/2020,0,17.024652777777778,23,11
22/07/2020,0,17.166666666666668,23.5,12
23/07/2020,0,17.09166666666667,25.6,13.1
24/07/2020,0,16.222569444444442,22.9,11.5
25/07/2020,0,16.855208333333334,24.4,11
26/07/2020,0,16.460763888888888,23.5,11.1
27/07/2020,0.017,16.95138888888889,22.1,12.2
28/07/2020,0,16.645833333333332,21.1,13
29/07/2020,0,17.732291666666665,25.7,12.1
30/07/2020,0.017,16.493402777777778,24.4,10.3
31/07/2020,0.11900000000000001,16.838541666666668,24.9,10.6
01/08/2020,0,17.625694444444445,25.7,10.9
02/08/2020,0.068,15.26736111111111,23.1,8.6
03/08/2020,0.085,16.112152777777776,24,9.8
04/08/2020,0.085,17.170833333333334,25.3,9.7
05/08/2020,0.085,16.489930555555556,23.1,10
06/08/2020,0.10200000000000001,17.634375,27.2,9.9
07/08/2020,0.068,18.44513888888889,28.2,11
08/08/2020,0.034,17.288541666666667,25.1,10.5
09/08/2020,0,16.831944444444442,24.4,11.2
10/08/2020,0.034,17.47361111111111,26.4,11.2
11/08/2020,1.429,17.98923611111111,27.8,10.9
12/08/2020,0.034,16.612152777777776,23.2,13.4
13/08/2020,0.051000000000000004,17.718055555555555,24,13.7
14/08/2020,0,18.22222222222222,24.3,12.9
15/08/2020,0,18.103125,27.1,11.5
16/08/2020,0,16.396875,23.6,12.2
17/08/2020,0.15300000000000002,16.844097222222224,23.5,12.3
18/08/2020,0.085,18.136805555555554,25.6,11.4
19/08/2020,0,17.1125,21.6,13.9
20/08/2020,0,18.200000000000003,25.9,13.7
21/08/2020,0,17.259027777777778,21.9,12.6
22/08/2020,0,16.226736111111112,20.4,13.3
23/08/2020,0,16.798958333333335,22.4,13.7
24/08/2020,0.068,16.41909722222222,22.2,13.5
25/08/2020,0,18.34305555555556,25.4,13.2
26/08/2020,0,18.571875000000002,26.6,14.3
27/08/2020,0.051000000000000004,17.214930555555554,24.1,11.4
28/08/2020,0.051000000000000004,18.130902777777777,26.2,12
29/08/2020,0,18.128124999999997,26.9,11.9
30/08/2020,0.11900000000000001,18.66423611111111,28.4,9.7
31/08/2020,0.017,18.77673611111111,27.8,10.6
01/09/2020,0,18.225347222222222,26.8,12.7
02/09/2020,0,17.82048611111111,25.9,10.7
03/09/2020,0,17.329513888888886,24.1,11.3
04/09/2020,1.1219999999999999,17.517770034843203,26.2,9.9
05/09/2020,0.663,17.06701388888889,23.3,13.6
06/09/2020,0.068,15.657638888888888,18.1,14.3
07/09/2020,2.0570000000000004,14.91527777777778,17.3,13.5
08/09/2020,0,15.615277777777777,20,11.5
09/09/2020,0,16.302430555555556,23.5,10.3
10/09/2020,0,17.316666666666666,23,10.3
11/09/2020,0,17.293055555555554,23.8,12.2
12/09/2020,0.068,17.771180555555556,25.4,11.3
13/09/2020,0,19.04201388888889,26.9,9.9
14/09/2020,0.10200000000000001,18.493750000000002,26.6,10.6
15/09/2020,0,18.804861111111112,27.2,12.6
16/09/2020,0.15300000000000002,20.079513888888886,29.8,11
17/09/2020,0.10200000000000001,18.565624999999997,28.5,11.1
18/09/2020,0.051000000000000004,18.863194444444446,26.3,13.8
19/09/2020,0.034,18.06493055555556,24.6,12
20/09/2020,0.017,16.83611111111111,22.3,12.8
21/09/2020,0.11900000000000001,18.461805555555557,27.1,12
22/09/2020,0.051000000000000004,18.93263888888889,28.2,11.7
23/09/2020,0,19.490972222222222,27.9,11.2
24/09/2020,0.017,18.085069444444443,24.2,14.7
25/09/2020,0,18.84826388888889,25.5,14.7
26/09/2020,22.438,17.907291666666666,26.9,13.1
27/09/2020,0.017,19.568055555555556,28.9,13.9
28/09/2020,0.051000000000000004,19.324305555555554,26.8,13.6
29/09/2020,0.136,19.926388888888894,29,12.7
30/09/2020,2.739,19.30979020979021,28,14.3
01/10/2020,0,20.191666666666666,28.4,14.9
02/10/2020,0,19.65451388888889,27.9,13
03/10/2020,0.085,19.589583333333334,28.3,11.2
04/10/2020,0.11900000000000001,19.973958333333332,28.9,11
05/10/2020,0.10200000000000001,19.99375,29,11.1
06/10/2020,0.10200000000000001,20.55902777777778,29.5,11.8
07/10/2020,0,20.101393728222998,28.4,9.6
08/10/2020,0.068,20.172569444444445,28.5,11.1
09/10/2020,0.085,20.693055555555556,29.6,13
10/10/2020,1.207,19.790277777777774,29.4,15.3
11/10/2020,0.017,20.992708333333333,30.1,14.3
12/10/2020,0.068,20.657638888888886,28.8,14.7
13/10/2020,0.10200000000000001,20.814930555555556,29.8,12.6
14/10/2020,0.051000000000000004,19.900694444444444,28.1,13.9
15/10/2020,0.068,20.500347222222224,28.8,12.6
16/10/2020,0.034,19.95486111111111,27.2,12.8
17/10/2020,0,19.698958333333334,27.1,12.4
18/10/2020,0,19.660069444444442,25.1,15.6
19/10/2020,4.268,18.186458333333334,24.8,13
20/10/2020,0.8160000000000001,18.725347222222222,23.6,14.8
21/10/2020,0.11900000000000001,20.118055555555557,27.9,12.9
22/10/2020,0.068,19.203125,27.1,11.5
23/10/2020,0.136,19.918750000000003,28.1,11.6
24/10/2020,0,20.397916666666667,27.7,13.5
25/10/2020,,,,
26/10/2020,,,,
27/10/2020,,,,
28/10/2020,,,,
29/10/2020,5.513,17.813541666666666,22.9,14.8
30/10/2020,1.6320000000000001,16.053819444444443,22.5,11.1
31/10/2020,0.085,18.548263888888886,25.5,14.4
01/11/2020,0.11900000000000001,18.484375,26.1,12.3
02/11/2020,0.17,18.982986111111114,25.9,13.2
03/11/2020,3.0970000000000004,18.983680555555555,24.9,15.7
04/11/2020,3.485,18.571180555555557,25.7,15.5
05/11/2020,0.187,18.879513888888894,25.3,16
06/11/2020,2.635,18.956249999999997,25.7,15.2
07/11/2020,0.068,19.240625,26.9,14.3
08/11/2020,4.304,19.386805555555554,26.3,13.7
09/11/2020,1.5470000000000002,18.83125,25.2,15.7
10/11/2020,0.20400000000000001,19.24513888888889,25.4,15.5
11/11/2020,8.677,18.390625,24.4,15.4
12/11/2020,1.581,19.623611111111114,26.3,14.7
13/11/2020,19.084999999999997,19.007291666666667,25.5,15.4
14/11/2020,4.3389999999999995,18.21284722222222,23.5,14.9
15/11/2020,0.28900000000000003,19.139930555555555,25.9,13.9
16/11/2020,0.068,18.852777777777778,24.6,13.8
17/11/2020,0.10200000000000001,19.059375000000003,25.6,13.7
18/11/2020,0.051000000000000004,19.648611111111116,26.9,13.6
19/11/2020,0.068,20.06041666666667,27.7,13.9
20/11/2020,7.1450000000000005,18.625347222222224,25.5,14.9
21/11/2020,0.017,19.727430555555557,26.3,14.3
22/11/2020,1.615,19.525694444444444,25.8,15.2
23/11/2020,0.15300000000000002,19.71736111111111,26.5,15.4
24/11/2020,1.955,19.619791666666668,26.7,14.3
25/11/2020,0.11900000000000001,19.99826388888889,28,13.3
26/11/2020,0.136,19.586805555555557,27.9,14.1
27/11/2020,8.504,19.414930555555557,25.5,15.8
28/11/2020,18.22,17.734722222222224,23.3,15.5
29/11/2020,4.864,17.349305555555556,22.1,13.8
30/11/2020,0.22100000000000003,19.206944444444446,26.1,13.2
01/12/2020,0.11900000000000001,19.31423611111111,26.4,13.9
02/12/2020,0.11900000000000001,19.038541666666667,25.4,14.1
03/12/2020,0.22100000000000003,18.24236111111111,25.2,13.7
04/12/2020,0.20400000000000001,17.49965277777778,24.4,12.8
05/12/2020,0.28900000000000003,18.291666666666668,25.2,12.1
06/12/2020,0.272,19.271180555555556,26.4,12.9
07/12/2020,0.085,19.963194444444444,26.7,15.2
08/12/2020,0.612,19.107291666666665,26.1,14.5
09/12/2020,0.085,18.811111111111114,25.2,14.8
10/12/2020,0.11900000000000001,18.894791666666666,25.5,12.8
11/12/2020,0.22100000000000003,19.084722222222222,26.4,12.7
12/12/2020,0.187,19.09826388888889,25.8,12
13/12/2020,0.136,19.12777777777778,26.3,13.9
14/12/2020,0.11900000000000001,18.821180555555557,26.5,12.2
15/12/2020,0.10200000000000001,19.23229166666667,26.8,11.6
16/12/2020,0.136,19.007291666666664,26.2,12.2
17/12/2020,0.136,19.128819444444446,25.8,13.8
18/12/2020,0.085,18.545833333333334,26.1,13.2
19/12/2020,0.068,19.372916666666665,26.6,13.6
20/12/2020,0.18700000000000003,18.872222222222224,26.7,13
21/12/2020,0.11900000000000001,19.567013888888887,26.6,13.1
22/12/2020,0.20400000000000001,19.610416666666666,27.2,12.8
23/12/2020,0.17,19.292708333333334,26.6,11.6
24/12/2020,0,20.468402777777776,27.6,14.5
25/12/2020,0.085,20.516666666666666,28.3,13.1
26/12/2020,0.034,20.00625,27.5,13
27/12/2020,0.051000000000000004,18.728125000000002,26,11.6
28/12/2020,0,18.955208333333335,27.1,10.8
29/12/2020,0,19.085416666666667,26.4,12.4
30/12/2020,0.935,20.35868055555556,26.9,13.2
31/12/2020,20.55,17.454355400696866,24.6,14
01/01/2021,0.30600000000000005,17.680902777777774,23.6,14.5
02/01/2021,0.22100000000000003,18.614583333333332,25.1,12.8
03/01/2021,0.10200000000000001,19.241319444444443,26.5,13.6
04/01/2021,0.11900000000000001,19.101388888888888,26.6,13
05/01/2021,0.187,18.836458333333333,26,12.8
06/01/2021,0.20400000000000001,19.382291666666667,26.4,13
07/01/2021,0.034,19.521180555555556,26.7,13.8
08/01/2021,0.663,19.68125,26.8,12.7
09/01/2021,1.9040000000000001,18.964930555555554,26.7,15.9
10/01/2021,14.013999999999998,17.243402777777778,22.1,15.6
11/01/2021,4.763000000000001,18.185069444444444,22.5,16
12/01/2021,0,18.382986111111112,22.7,15.5
13/01/2021,0.051000000000000004,18.615972222222226,24.5,14.1
14/01/2021,0.17,18.813194444444445,25.7,13.3
15/01/2021,0.23800000000000004,18.875694444444445,26,12.8
16/01/2021,0.22100000000000003,19.520833333333332,26.6,12.6
17/01/2021,0.136,20.10659722222222,26.9,13.4
18/01/2021,0.034,20.695138888888884,27.6,14.2
19/01/2021,0,20.069444444444443,27.2,13.5
20/01/2021,0,20.0875,27.6,12.8
21/01/2021,0,19.56423611111111,26.1,13.4
22/01/2021,0,19.113194444444446,26.3,14.8
23/01/2021,0.034,19.086805555555557,25.8,13.8
24/01/2021,0.15300000000000002,19.75173611111111,27.1,12.4
25/01/2021,0.10200000000000001,19.265625,27.3,14.6
26/01/2021,0.136,18.915625,26.9,11.3
27/01/2021,0.085,19.15902777777778,27.2,11.3
28/01/2021,0.068,19.56527777777778,27.5,11.4
29/01/2021,0.136,20.030208333333334,27.5,12.9
30/01/2021,0.085,19.841319444444444,27.3,13
31/01/2021,0.017,18.969791666666666,27.2,11.7
01/02/2021,0,19.154861111111114,27,11
02/02/2021,0,20.908680555555556,28.4,10.7
03/02/2021,0,20.725694444444443,27.9,14.6
04/02/2021,0.10200000000000001,20.563541666666666,28.6,11.6
05/02/2021,0,21.040972222222223,28.8,13.3
06/02/2021,16.563,19.572473867595818,27.9,13.9
07/02/2021,12.363999999999999,18.722648083623692,25.6,15.8
08/02/2021,18.049,17.119444444444444,20.5,15.3
09/02/2021,0.068,18.307986111111113,22.9,15.2
10/02/2021,0.051000000000000004,19.087847222222223,24.1,15.9
11/02/2021,0.068,19.18576388888889,22.4,16.1
12/02/2021,5.615000000000001,19.855555555555554,25.3,14.7
13/02/2021,25.755,18.505208333333332,22.7,15.1
14/02/2021,6.664000000000001,18.251388888888886,25.3,14.5
15/02/2021,0.034,20.197916666666668,25.9,15.5
16/02/2021,0,19.467708333333334,25.7,14.2
17/02/2021,0.17000000000000004,19.236458333333335,26.1,13.5
18/02/2021,0.136,19.14513888888889,26,13.2
19/02/2021,0.017,20.261805555555554,27.4,12.5
20/02/2021,0.068,19.437152777777776,26.4,13.1
21/02/2021,2.8739999999999997,19.720833333333335,26.8,15
22/02/2021,5.9719999999999995,17.305555555555557,21.8,15
23/02/2021,0.10200000000000001,19.758680555555557,25.8,14.7
24/02/2021,0.10200000000000001,18.912500000000005,25,13.1
25/02/2021,0,19.103125000000002,26.1,13.1
26/02/2021,0.017,19.511111111111106,27.1,12.4
27/02/2021,0,20.400347222222223,28.3,12.3
28/02/2021,0,20.953472222222224,28.9,13
01/03/2021,0,20.743402777777774,27.9,13.5
02/03/2021,0.068,19.518402777777776,26.8,14.2
03/03/2021,0,20.28402777777778,27.5,12.1
04/03/2021,0,19.61284722222222,26.1,13.8
05/03/2021,0,21.25798611111111,27.1,14.2
06/03/2021,0,20.743402777777778,27.3,14.9
07/03/2021,0,20.840625000000003,28.4,13.6
08/03/2021,0.051000000000000004,20.703124999999996,27.5,14.8
09/03/2021,0,20.106250000000003,27.5,13.5
10/03/2021,0.10200000000000001,19.584027777777777,27.5,13
11/03/2021,0.051000000000000004,20.924999999999997,28.7,12.2
12/03/2021,0.085,19.774305555555557,27.4,12
13/03/2021,0.051000000000000004,20.202777777777776,28,12.4
14/03/2021,0.051000000000000004,20.60347222222222,28.9,12.5
15/03/2021,0.051000000000000004,20.89340277777778,28.4,13.8
16/03/2021,0,20.47222222222222,27.6,12.3
17/03/2021,0,20.680555555555557,27.6,13.8
18/03/2021,0.034,20.76631944444444,28.1,14.6
19/03/2021,0,20.98194444444444,27.9,15.3
20/03/2021,0.051000000000000004,20.900694444444444,28.1,15.1
21/03/2021,0,20.435416666666665,27.2,14.7
22/03/2021,0.034,20.448958333333334,27.9,12.8
23/03/2021,0,20.660416666666666,28.2,14.8
24/03/2021,0.051000000000000004,20.36423611111111,28.2,14.7
25/03/2021,0.085,21.520138888888894,29.3,13.8
26/03/2021,0,21.36354166666667,28.4,14.5
27/03/2021,2.635,21.234027777777776,28.8,16
28/03/2021,4.777,19.493750000000002,27.5,15.1
29/03/2021,2.263,21.09722222222222,28.1,15.2
30/03/2021,15.631,19.96527777777778,26.5,15.9
31/03/2021,0.068,20.142708333333335,27.1,15.6
01/04/2021,0,20.353125,26.8,15.1
02/04/2021,0.017,20.80034722222222,27.6,15.3
03/04/2021,4.743,20.786458333333332,27.9,15.6
04/04/2021,4.933,20.04965277777778,26.8,15.3
05/04/2021,0.986,19.667708333333334,24.8,15.7
06/04/2021,7.856999999999999,19.86701388888889,25.7,16.5
07/04/2021,0,19.805208333333333,25.3,15.3
08/04/2021,0.442,19.88784722222222,25.7,16.6
09/04/2021,12.345,17.804181184668987,23.5,15.3
10/04/2021,1.055,19.63888888888889,25.7,14.9
11/04/2021,0,19.059375000000003,25.3,13.8
12/04/2021,0,19.243055555555557,25.7,14.4
13/04/2021,0.6799999999999999,19.319097222222222,25.7,15.5
14/04/2021,0.15300000000000002,18.922916666666666,24.8,16
15/04/2021,0.11900000000000001,19.707638888888887,26,15
16/04/2021,0.10200000000000001,19.961111111111112,26.8,14.6
17/04/2021,0.085,20.093402777777776,26.6,14.8
18/04/2021,0,19.602430555555557,25.5,15.9
19/04/2021,0,19.676041666666666,26.4,14.8
20/04/2021,0.068,19.689583333333335,26.7,14.5
21/04/2021,8.992999999999999,19.913194444444443,26.9,15.2
22/04/2021,1.428,19.74930555555555,25.1,15.1
23/04/2021,3.6910000000000003,19.21875,24.9,15.5
24/04/2021,0.527,19.838541666666668,25.7,16.4
25/04/2021,13.879000000000001,19.26111111111111,24.8,15.4
26/04/2021,0.11900000000000001,19.445138888888888,25.8,15
27/04/2021,0.017,20.006944444444443,25.3,16.2
28/04/2021,1.8699999999999999,19.686458333333334,25,16.6
29/04/2021,0.44200000000000006,19.578125,25.4,15.4
30/04/2021,1.447,20.03576388888889,26,15.2
01/05/2021,0.051000000000000004,20.183680555555554,26.8,14.7
02/05/2021,0.6460000000000001,19.635416666666668,25.8,15.4
03/05/2021,0.10200000000000001,19.574305555555554,25.3,16.5
04/05/2021,0,19.299999999999997,25.2,13.8
05/05/2021,0.45899999999999996,19.040625,25.1,15.5
06/05/2021,0,19.145138888888887,24.7,14.7
07/05/2021,0.034,19.026736111111106,24,14.5
08/05/2021,0,19.5,26.8,15.6
09/05/2021,27.833000000000002,18.32222222222222,22.5,15.6
10/05/2021,24.229999999999997,17.543402777777775,22.8,15
11/05/2021,34.184,17.15625,22.6,15
12/05/2021,41.962,17.30173611111111,21.9,14.9
13/05/2021,0.017,17.87777777777778,23.2,14.9
14/05/2021,0,18.038194444444443,23.3,13.6
15/05/2021,0.10200000000000001,18.138541666666665,24.1,12.9
16/05/2021,0.068,18.33159722222222,23.8,13.4
17/05/2021,0.136,18.526041666666668,24.1,14
18/05/2021,0.10200000000000001,18.56875,24.3,14.5
19/05/2021,0.017,18.16388888888889,24.1,14.1
20/05/2021,0.034,18.209027777777777,24.2,13.6
21/05/2021,0,17.54618055555555,24,13.3
22/05/2021,0,17.88472222222222,23.1,14.3
23/05/2021,0.017,17.45798611111111,22.7,14
24/05/2021,0,17.185416666666665,21.8,13.2
25/05/2021,0.068,17.19965277777778,23,11.5
26/05/2021,0,16.414583333333333,22.2,11.8
27/05/2021,0.17,16.962500000000002,23.2,11
28/05/2021,0.034,17.273611111111112,23.8,13.1
29/05/2021,0.051000000000000004,17.974305555555556,23.3,14.3
30/05/2021,0,17.440624999999997,21.8,14.3
31/05/2021,0,16.66701388888889,22.4,13.3
01/06/2021,0,16.98194444444444,22.5,12.8
02/06/2021,0,16.615277777777777,23.2,10.7
03/06/2021,0,17.61388888888889,23.7,11.2
04/06/2021,0,17.23611111111111,22.5,13.4
05/06/2021,0,16.983333333333334,22.5,13.5
06/06/2021,0,17.490624999999998,23.3,13.6
07/06/2021,0,17.06284722222222,23.6,11.8
08/06/2021,0,16.058333333333334,22.3,10
09/06/2021,0,16.677430555555556,20.8,13.3
10/06/2021,0,16.557291666666668,22.2,11.8
11/06/2021,0,16.40347222222222,21.5,11
12/06/2021,0,15.387152777777779,18.1,11.5
13/06/2021,0,16.046875,21.8,10.9
14/06/2021,0,16.92465277777778,25.2,9.8
15/06/2021,0,16.993750000000002,23.7,10.4
16/06/2021,0,16.213541666666668,21.5,12.5
17/06/2021,0,16.329166666666666,21,13.4
18/06/2021,0.034,17.3,23.2,12.7
19/06/2021,0.051000000000000004,16.512500000000003,21.5,13.3
20/06/2021,0,15.56736111111111,20.3,10
21/06/2021,0,16.69965277777778,22.7,10.3
22/06/2021,0.11900000000000001,15.778125000000001,21.8,11.9
23/06/2021,0,15.318749999999998,19.6,11.6
24/06/2021,0.017,16.546527777777776,23.2,11.4
25/06/2021,0,15.005902777777777,19.4,9.9
26/06/2021,0.034,15.60972222222222,22,10.9
27/06/2021,0.051000000000000004,14.697916666666666,17.1,11.2
28/06/2021,0,16.968402777777776,22.6,13
29/06/2021,0,16.22986111111111,22.5,12.2
30/06/2021,0,16.27777777777778,21.6,11.7
01/07/2021,0.051000000000000004,16.825694444444444,24.2,9.2
02/07/2021,0,15.116319444444445,19.7,11.5
03/07/2021,0,15.252083333333335,20.8,10.5
04/07/2021,0,15.568750000000001,20.2,10.8
05/07/2021,0,15.096180555555556,18.4,11.9
06/07/2021,0,15.24583333333333,19.7,13.1
07/07/2021,0,16.223263888888887,20.1,11.8
08/07/2021,0.051,16.10590277777778,20.1,12.9
09/07/2021,0,15.590277777777779,19.9,12.7
10/07/2021,0,15.643055555555556,19.9,13
11/07/2021,0,16.725694444444443,20.9,11.8
12/07/2021,0,15.619791666666666,20,12.4
13/07/2021,0,17.69201388888889,23.5,11.1
14/07/2021,0,17.393055555555556,23.7,13.2
15/07/2021,0,16.533333333333335,20.2,14
16/07/2021,0,16.777430555555554,23,11.4
17/07/2021,0,15.52951388888889,19.4,11.6
18/07/2021,0,16.096180555555556,20.9,12.2
19/07/2021,0,16.475694444444443,22.5,11.1
20/07/2021,0,16.74652777777778,23,11.4
21/07/2021,0,16.97152777777778,22.8,13.5
22/07/2021,0,17.688194444444445,24.5,11.1
23/07/2021,0,17.49548611111111,22.1,14.4
24/07/2021,0,17.972916666666666,24,13.4
25/07/2021,0,15.90798611111111,20.9,11.2
26/07/2021,0,16.488194444444446,22.6,12.1
27/07/2021,0,16.384375000000002,21.5,10
28/07/2021,0,14.964930555555554,18.5,11.6
29/07/2021,0,15.043750000000001,17.9,12.2
30/07/2021,0,15.240625000000001,21.1,9.9
31/07/2021,0.017,16.107986111111114,23.6,8.1
01/08/2021,0,16.339930555555554,22.5,9.3
02/08/2021,0,16.725694444444443,23,11.3
03/08/2021,0,16.14652777777778,21.5,9.9
04/08/2021,0,15.42673611111111,19.5,9.5
05/08/2021,0,17.558680555555554,24.5,11.5
06/08/2021,0,15.75590277777778,19.7,11.1
07/08/2021,0,17.16770833333333,23.4,12.7
08/08/2021,0,17.010416666666668,22.5,13.1
09/08/2021,0,17.44236111111111,25.3,10.8
10/08/2021,0.9690000000000001,17.007291666666667,26.3,10.1
11/08/2021,0,15.327430555555553,18.1,13.7
12/08/2021,0,15.834374999999998,20,12
13/08/2021,0.051000000000000004,16.217361111111114,23.1,9.1
14/08/2021,0,16.677083333333332,21.6,12.5
15/08/2021,0,16.82534722222222,21.8,11.7
16/08/2021,0,16.211805555555557,21.7,12.9
17/08/2021,0,17.40451388888889,23.8,12.7
18/08/2021,0,16.285763888888887,22.6,11.1
19/08/2021,0.017,18.169791666666665,25.1,11.3
20/08/2021,0,18.058680555555554,24.2,13.4
21/08/2021,0,19.260069444444444,26.9,14.2
22/08/2021,0,19.362152777777776,27.1,11.8
23/08/2021,0,18.364583333333332,26,10.8
24/08/2021,0.068,17.786458333333332,25.7,8.5
25/08/2021,0,17.924999999999997,25.1,12.2
26/08/2021,0,17.86909722222222,25.6,9.7
27/08/2021,0,18.208680555555556,27.4,8.6
28/08/2021,0,18.969444444444445,27.9,10.7
29/08/2021,0,20.331249999999997,29.9,10.6
30/08/2021,0,19.328125,26.9,11.1
31/08/2021,0,18.834375000000005,25,13.9
01/09/2021,0,18.502083333333335,23.6,13.1
02/09/2021,0,17.902083333333334,23.4,13.9
03/09/2021,0,16.972916666666666,21.3,14.2
04/09/2021,0,16.585069444444443,21.7,12.2
05/09/2021,0,17.18402777777778,23,12.6
06/09/2021,0,17.198958333333334,22.6,13.5
07/09/2021,0,17.14513888888889,23.9,13.7
08/09/2021,0,18.73715277777778,25.4,13.2
09/09/2021,0,17.970138888888886,23.3,14.5
10/09/2021,0,17.25243055555556,23.4,11.3
11/09/2021,0,16.65798611111111,22.9,11.2
12/09/2021,0,18.216666666666665,25.9,13.7
13/09/2021,0,17.91215277777778,25,12.8
14/09/2021,0,17.822916666666668,25.5,12.7
15/09/2021,0,19.28715277777778,26.7,13.4
16/09/2021,0,18.5,24.9,13.4
17/09/2021,0.136,19.775694444444444,29,11.9
18/09/2021,0,19.70486111111111,26.7,13.1
19/09/2021,0,19.43298611111111,27.1,11.3
20/09/2021,0,18.535763888888887,25.6,11
21/09/2021,0.085,17.94826388888889,24.3,11.9
22/09/2021,0,19.188194444444445,26,14.2
23/09/2021,0,18.55034722222222,24.8,14.4
24/09/2021,0,18.351388888888888,24.9,13.2
25/09/2021,0,18.941319444444446,24.9,13.2
26/09/2021,0,18.696527777777778,24.9,13.3
27/09/2021,0.034,19.544444444444444,27.9,11.6
28/09/2021,0,19.66701388888889,28.6,11.9
29/09/2021,0.034,20.444791666666667,29,12.7
30/09/2021,0,20.140277777777776,26.6,15.7
01/10/2021,0,19.308680555555554,26.2,13.4
02/10/2021,0,19.65798611111111,27.6,12.3
03/10/2021,16.538,19.100694444444443,28.3,12.1
04/10/2021,0,19.637847222222224,28.5,13.1
05/10/2021,0,19.753819444444446,27.8,12.6
06/10/2021,0,19.667361111111113,27.9,12.4
07/10/2021,0,20.164930555555557,28.3,11.6
08/10/2021,0,20.291666666666668,26.9,15.4
09/10/2021,0,18.43263888888889,23,15.1
10/10/2021,0,19.329166666666666,27.1,14.2
11/10/2021,0,18.077083333333334,23.4,12.5
12/10/2021,0.017,19.07638888888889,27,11.9
13/10/2021,0.034,18.02361111111111,23,12.6
14/10/2021,0,20.220138888888886,27.6,13.1
15/10/2021,0,20.27951388888889,27.4,13.7
16/10/2021,0.11900000000000001,20.283333333333335,27.3,14.7
17/10/2021,0.22099999999999997,20.102083333333333,27.9,12.9
18/10/2021,0.034,20.554166666666667,28.1,13.9
19/10/2021,0,20.243749999999995,26.1,14.6
20/10/2021,0,19.430555555555557,25.5,14.9
21/10/2021,0,19.354166666666668,23.9,14.2
22/10/2021,0,20.03472222222222,28.3,12.6
23/10/2021,0,21.45659722222222,28.6,13.2
24/10/2021,0,21.507638888888888,29.2,14.3
25/10/2021,0.10200000000000001,21.090625,28.6,14.8
26/10/2021,0.051000000000000004,20.703819444444445,27.9,14.8
27/10/2021,0,19.42256944444445,27.1,13.5
28/10/2021,0.068,19.982291666666665,27.3,11.1
29/10/2021,0,20.589236111111113,28.5,12.5
30/10/2021,1.4449999999999998,20.06423611111111,25.9,15.4
31/10/2021,0.017,21.211458333333333,28.4,15
01/11/2021,0,21.260416666666668,28.3,15.5
02/11/2021,0,20.61736111111111,27.9,14.8
03/11/2021,0,20.521874999999998,28.2,15.1
04/11/2021,0.051000000000000004,21.063194444444445,28.3,14.5
05/11/2021,0,20.750347222222224,27.6,15.8
06/11/2021,0.034,20.80833333333333,27.7,14.6
07/11/2021,0.051000000000000004,21.259722222222223,28.9,13.1
08/11/2021,0.085,20.53576388888889,28.4,12.2
09/11/2021,0.051000000000000004,21.51736111111111,28.5,13.4
10/11/2021,0.068,19.884027777777778,27.4,16
11/11/2021,0.034,20.623611111111114,27.5,14.3
12/11/2021,0,20.56736111111111,28.4,13.2
13/11/2021,0.051000000000000004,20.399652777777778,27.1,15.1
14/11/2021,0,19.92118055555555,27.4,14.4
15/11/2021,5.313000000000001,20.26805555555556,26.5,14.6
16/11/2021,0.017,20.37048611111111,27.3,14.6
17/11/2021,6.215999999999999,20.352430555555557,27.6,13.7
18/11/2021,13.064,20.84826388888889,27.9,15
19/11/2021,0,21.398958333333336,28.3,15.8
20/11/2021,1.259,20.262500000000003,28.2,15.5
21/11/2021,25.395000000000003,20.076041666666665,28.3,16.2
22/11/2021,1.496,19.95763888888889,26.8,15.4
23/11/2021,0.034,20.996180555555554,29.1,15
24/11/2021,0,21.946180555555557,29.2,14.6
25/11/2021,0.11900000000000001,21.46875,28.7,15.4
26/11/2021,18.067999999999998,20.781597222222224,27.6,15.4
27/11/2021,11.745,18.386458333333334,23.4,14.7
28/11/2021,12.960999999999999,18.768749999999997,24.2,13.1
29/11/2021,7.145,18.657638888888886,24.3,15.6
30/11/2021,42.827,17.165625000000002,21.7,13.6
01/12/2021,5.968,18.757291666666667,24.1,15.2
02/12/2021,7.928000000000001,17.223958333333332,22.2,15.3
03/12/2021,13.456,17.515277777777776,21.6,14.6
04/12/2021,5.004,17.64513888888889,22.7,14.6
05/12/2021,2.025,17.74375,23.1,14.9
06/12/2021,0.51,18.393055555555556,23.4,15.1
07/12/2021,0.20400000000000001,18.79201388888889,24.2,15.1
08/12/2021,0.068,19.413541666666667,25.1,15.8
09/12/2021,0.731,19.090625000000003,24.8,15.9
10/12/2021,0.085,18.914236111111112,23.9,15.1
11/12/2021,0.17,18.488541666666666,24.2,13.7
12/12/2021,0.085,18.290277777777778,22.8,13.7
13/12/2021,0.051000000000000004,18.508333333333336,23.6,15.8
14/12/2021,0.034,18.15625,23.3,15.5
15/12/2021,0.306,18.45138888888889,24.1,15.4
16/12/2021,3.8789999999999996,18.006944444444443,23.6,14.8
17/12/2021,0.357,17.788541666666667,22.7,15
18/12/2021,4.917,19.19375,24.5,14.6
19/12/2021,3.043,19.05902777777778,24.5,15.7
20/12/2021,10.381,18.918055555555554,23.7,16.4
21/12/2021,16.589,17.927083333333332,22.4,14.9
22/12/2021,5.189,17.655208333333334,22,14.5
23/12/2021,0.40800000000000003,18.661458333333332,23.1,15.8
24/12/2021,0.4930000000000001,19.168750000000003,23.8,14.4
25/12/2021,18.422000000000004,18.15451388888889,23.4,15.6
26/12/2021,2.1430000000000002,18.255555555555556,23,15.3
27/12/2021,0.306,18.45590277777778,23.3,15
28/12/2021,1.8710000000000002,18.140972222222224,23.8,14.1
29/12/2021,0.15300000000000002,19.16388888888889,24.2,14.5
30/12/2021,0.255,18.984722222222224,24.2,13.9
31/12/2021,0.272,18.036805555555556,23.7,12.8
01/01/2022,0.18700000000000003,18.505902777777777,24.5,12.6
02/01/2022,0.11900000000000001,18.889583333333334,24.1,14
03/01/2022,0.32300000000000006,18.314583333333335,24.1,12.5
04/01/2022,0.238,18.625,25.2,11.2
05/01/2022,0.28900000000000003,18.394444444444446,24.7,12.9
06/01/2022,0.22100000000000003,18.48090277777778,24.1,14
07/01/2022,0.272,19.20763888888889,24.8,14.3
08/01/2022,0.34,18.545833333333334,24.7,12.6
09/01/2022,0.32300000000000006,18.487499999999997,24.7,13.1
10/01/2022,0.306,18.639583333333334,26.1,10.9
11/01/2022,0.187,18.23715277777778,24.5,12.9
12/01/2022,0.15300000000000002,18.239583333333332,24.3,12.7
13/01/2022,0.051000000000000004,18.914583333333333,26.1,10.8
14/01/2022,0.068,19.546180555555555,27,11.9
15/01/2022,0.068,18.916319444444447,26.4,12.8
16/01/2022,0.136,20.391666666666666,27.1,13.7
17/01/2022,16.695999999999998,17.64131944444445,23.8,14.8
18/01/2022,0.017,18.691319444444446,24.8,15.1
19/01/2022,0,19.133333333333333,24.2,15.3
20/01/2022,0.034,19.958680555555556,26.9,13.8
21/01/2022,2.176,18.724305555555556,24.1,16
22/01/2022,0,19.364583333333332,25.2,14.5
23/01/2022,0,19.167361111111113,25.7,12.6
24/01/2022,0,20.05625,25.9,14.2
25/01/2022,0,19.5375,25.6,14
26/01/2022,0,18.53472222222222,26.2,12
27/01/2022,0,18.975694444444443,25.9,12.8
28/01/2022,0.11900000000000001,20.61215277777778,28.3,12.5
29/01/2022,0,19.69375,26.8,13.7
30/01/2022,0.11900000000000001,19.928125,26.2,12.3
31/01/2022,0.017,20.44027777777778,26.5,15.4
01/02/2022,0,20.819444444444443,26.7,16
02/02/2022,0,21.06111111111111,27.2,15.5
03/02/2022,0.11900000000000001,19.257638888888888,25.6,14.6
04/02/2022,0.10200000000000001,19.74027777777778,27.2,13.9
05/02/2022,5.87,20.357291666666665,29,12.2
06/02/2022,0.10200000000000001,21.264236111111114,28.4,16.2
07/02/2022,13.032999999999998,19.408680555555556,27,15.2
08/02/2022,0.085,19.202083333333334,25.9,14.2
09/02/2022,0,18.939930555555556,25.9,12
10/02/2022,0,20.30138888888889,27.3,12.3
11/02/2022,0,20.583333333333332,27.4,13.4
12/02/2022,0,20.872569444444444,27.8,14.4
13/02/2022,0,21.398958333333333,29.4,14.6
14/02/2022,0,21.108333333333334,29,12.8
15/02/2022,0,20.32222222222222,28.5,14.9
16/02/2022,0,21.544791666666665,29.4,14.3
17/02/2022,0,22.261805555555558,30.5,13.8
18/02/2022,7.982,21.143402777777776,28.4,15.3
19/02/2022,0.085,21.17048611111111,28.6,15.3
20/02/2022,0.30600000000000005,21.275694444444444,29.9,14.5
21/02/2022,0.034,20.041319444444444,28.2,14.8
22/02/2022,25.486,18.539930555555557,26.4,15.6
23/02/2022,15.151,18.86909722222222,25.8,15.1
24/02/2022,0.017,18.80034722222222,23.4,15.3
25/02/2022,0.17,19.019444444444446,24.7,14.7
26/02/2022,0.11900000000000001,20.132638888888888,27.7,13.4
27/02/2022,0.10200000000000001,20.713194444444444,28.5,13.6
28/02/2022,0.068,20.943055555555556,27.5,13.8
01/03/2022,0.10200000000000001,20.469791666666666,26.8,14.9
02/03/2022,,,,
03/03/2022,,,,
04/03/2022,,,,
05/03/2022,,,,
06/03/2022,,,,
07/03/2022,,,,
08/03/2022,,,,
09/03/2022,,,,
10/03/2022,,,,
11/03/2022,,,,
12/03/2022,,,,
13/03/2022,,,,
14/03/2022,,,,
15/03/2022,,,,
16/03/2022,,,,
17/03/2022,,,,
18/03/2022,,,,
19/03/2022,,,,
20/03/2022,,,,
21/03/2022,,,,
22/03/2022,,,,
23/03/2022,,,,
24/03/2022,,,,
25/03/2022,,,,
26/03/2022,,,,
27/03/2022,,,,
28/03/2022,,,,
29/03/2022,,,,
30/03/2022,,,,
31/03/2022,,,,
01/04/2022,,,,
02/04/2022,,,,
03/04/2022,,,,
04/04/2022,,,,
05/04/2022,,,,
06/04/2022,,,,
07/04/2022,,,,
08/04/2022,,,,
09/04/2022,,,,
10/04/2022,,,,
11/04/2022,,,,
12/04/2022,,,,
13/04/2022,,,,
14/04/2022,,,,
15/04/2022,,,,
16/04/2022,,,,
17/04/2022,,,,
18/04/2022,,,,
19/04/2022,,,,
20/04/2022,,,,
21/04/2022,,,,
22/04/2022,,,,
23/04/2022,,,,
24/04/2022,,,,
25/04/2022,,,,
26/04/2022,,,,
27/04/2022,,,,
28/04/2022,,,,
29/04/2022,,,,
30/04/2022,,,,
01/05/2022,,,,
02/05/2022,,,,
03/05/2022,,,,
04/05/2022,,,,
05/05/2022,,,,
06/05/2022,,,,
07/05/2022,,,,
08/05/2022,,,,
09/05/2022,,,,
10/05/2022,,,,
11/05/2022,,,,
12/05/2022,,,,
13/05/2022,,,,
14/05/2022,,,,
15/05/2022,,,,
16/05/2022,,,,
17/05/2022,,,,
18/05/2022,,,,
19/05/2022,,,,
20/05/2022,,,,
21/05/2022,,,,
22/05/2022,,,,
23/05/2022,,,,
24/05/2022,,,,
25/05/2022,,,,
26/05/2022,,,,
27/05/2022,,,,
28/05/2022,,,,
29/05/2022,,,,
30/05/2022,,,,
31/05/2022,,,,
01/06/2022,,,,
02/06/2022,,,,
03/06/2022,,,,
04/06/2022,,,,
05/06/2022,,,,
06/06/2022,,,,
07/06/2022,,,,
08/06/2022,,,,
09/06/2022,,,,
10/06/2022,,,,
11/06/2022,,,,
12/06/2022,,,,
13/06/2022,,,,
14/06/2022,,,,
15/06/2022,,,,
16/06/2022,,,,
17/06/2022,,,,
18/06/2022,,,,
19/06/2022,,,,
20/06/2022,,,,
21/06/2022,,,,
22/06/2022,,,,
23/06/2022,,,,
24/06/2022,,,,
25/06/2022,,,,
26/06/2022,,,,
27/06/2022,,,,
28/06/2022,,,,
29/06/2022,,,,
30/06/2022,,,,
01/07/2022,,,,
02/07/2022,,,,
03/07/2022,,,,
04/07/2022,,,,
05/07/2022,,,,
06/07/2022,,,,
07/07/2022,,,,
08/07/2022,,,,
09/07/2022,,,,
10/07/2022,,,,
11/07/2022,,,,
12/07/2022,,,,
13/07/2022,,,,
14/07/2022,,,,
15/07/2022,,,,
16/07/2022,,,,
17/07/2022,,,,
18/07/2022,,,,
19/07/2022,,,,
20/07/2022,,,,
21/07/2022,,,,
22/07/2022,,,,
23/07/2022,,,,
24/07/2022,,,,
25/07/2022,,,,
26/07/2022,,,,
27/07/2022,,,,
28/07/2022,,,,
29/07/2022,,,,
30/07/2022,,,,
31/07/2022,,,,
01/08/2022,,,,
02/08/2022,,,,
03/08/2022,,,,
04/08/2022,,,,
05/08/2022,,,,
06/08/2022,,,,
07/08/2022,,,,
08/08/2022,,,,
09/08/2022,,,,
10/08/2022,,,,
11/08/2022,,,,
12/08/2022,,,,
13/08/2022,,,,
14/08/2022,,,,
15/08/2022,,,,
16/08/2022,,,,
17/08/2022,,,,
18/08/2022,,,,
19/08/2022,,,,
20/08/2022,,,,
21/08/2022,,,,
22/08/2022,,,,
23/08/2022,,,,
24/08/2022,,,,
25/08/2022,,,,
26/08/2022,,,,
27/08/2022,,,,
28/08/2022,,,,
29/08/2022,,,,
30/08/2022,,,,
31/08/2022,,,,
01/09/2022,,,,
02/09/2022,,,,
03/09/2022,,,,
04/09/2022,,,,
05/09/2022,,,,
06/09/2022,,,,
07/09/2022,,,,
08/09/2022,,,,
09/09/2022,,,,
10/09/2022,,,,
11/09/2022,,,,
12/09/2022,,,,
13/09/2022,,,,
14/09/2022,,,,
15/09/2022,,,,
16/09/2022,,,,
17/09/2022,,,,
18/09/2022,,,,
19/09/2022,,,,
20/09/2022,,,,
21/09/2022,,,,
22/09/2022,,,,
23/09/2022,,,,
24/09/2022,,,,
25/09/2022,,,,
26/09/2022,,,,
27/09/2022,,,,
28/09/2022,,,,
29/09/2022,,,,
30/09/2022,,,,
01/10/2022,,,,
02/10/2022,,,,
03/10/2022,,,,
04/10/2022,,,,
05/10/2022,,,,
06/10/2022,,,,
07/10/2022,,,,
08/10/2022,,,,
09/10/2022,,,,
10/10/2022,,,,
11/10/2022,,,,
12/10/2022,,,,
13/10/2022,,,,
14/10/2022,,,,
15/10/2022,,,,
16/10/2022,,,,
17/10/2022,,,,
18/10/2022,,,,
19/10/2022,,,,
20/10/2022,,,,
21/10/2022,,,,
22/10/2022,,,,
23/10/2022,,,,
24/10/2022,,,,
25/10/2022,,,,
26/10/2022,,,,
27/10/2022,,,,
28/10/2022,,,,
29/10/2022,,,,
30/10/2022,,,,
31/10/2022,,,,
01/11/2022,,,,
02/11/2022,,,,
03/11/2022,,,,
04/11/2022,,,,
05/11/2022,,,,
06/11/2022,,,,
07/11/2022,,,,
08/11/2022,,,,
09/11/2022,,,,
10/11/2022,,,,
11/11/2022,,,,
12/11/2022,,,,
13/11/2022,,,,
14/11/2022,,,,
15/11/2022,,,,
16/11/2022,,,,
17/11/2022,,,,
18/11/2022,,,,
19/11/2022,,,,
20/11/2022,,,,
21/11/2022,,,,
22/11/2022,,,,
23/11/2022,,,,
24/11/2022,,,,
25/11/2022,,,,
26/11/2022,,,,
27/11/2022,,,,
28/11/2022,,,,
29/11/2022,,,,
30/11/2022,,,,
01/12/2022,,,,
02/12/2022,,,,
03/12/2022,,,,
04/12/2022,,,,
05/12/2022,,,,
06/12/2022,,,,
07/12/2022,,,,
08/12/2022,,,,
09/12/2022,,,,
10/12/2022,,,,
11/12/2022,,,,
12/12/2022,,,,
13/12/2022,,,,
14/12/2022,,,,
15/12/2022,,,,
16/12/2022,,,,
17/12/2022,,,,
18/12/2022,,,,
19/12/2022,,,,
20/12/2022,,,,
21/12/2022,,,,
22/12/2022,,,,
23/12/2022,,,,
24/12/2022,,,,
25/12/2022,,,,
26/12/2022,,,,
27/12/2022,,,,
28/12/2022,,,,
29/12/2022,,,,
30/12/2022,,,,
31/12/2022,,,,
01/01/2023,,,,
02/01/2023,,,,
03/01/2023,,,,
04/01/2023,,,,
05/01/2023,,,,
06/01/2023,,,,
07/01/2023,,,,
08/01/2023,,,,
09/01/2023,,,,
10/01/2023,,,,
11/01/2023,,,,
12/01/2023,,,,
13/01/2023,,,,
14/01/2023,,,,
15/01/2023,,,,
16/01/2023,,,,
17/01/2023,,,,
18/01/2023,,,,
19/01/2023,,,,
20/01/2023,,,,
21/01/2023,,,,
22/01/2023,,,,
23/01/2023,,,,
24/01/2023,,,,
25/01/2023,,,,
26/01/2023,,,,
27/01/2023,,,,
28/01/2023,,,,
29/01/2023,,,,
30/01/2023,,,,
31/01/2023,,,,
01/02/2023,,,,
02/02/2023,,,,
03/02/2023,,,,
04/02/2023,,,,
05/02/2023,,,,
06/02/2023,,,,
07/02/2023,,,,
08/02/2023,,,,
09/02/2023,,,,
10/02/2023,,,,
11/02/2023,,,,
12/02/2023,,,,
13/02/2023,,,,
14/02/2023,,,,
15/02/2023,,,,
16/02/2023,,,,
17/02/2023,,,,
18/02/2023,,,,
19/02/2023,,,,
20/02/2023,,,,
21/02/2023,,,,
22/02/2023,,,,
23/02/2023,,,,
24/02/2023,,,,
25/02/2023,,,,
26/02/2023,,,,
27/02/2023,,,,
28/02/2023,,,,
01/03/2023,,,,
02/03/2023,,,,
03/03/2023,,,,
04/03/2023,,,,
05/03/2023,,,,
06/03/2023,,,,
07/03/2023,,,,
08/03/2023,,,,
09/03/2023,,,,
10/03/2023,,,,
11/03/2023,,,,
12/03/2023,,,,
13/03/2023,,,,
14/03/2023,,,,
15/03/2023,,,,
16/03/2023,,,,
17/03/2023,,,,
18/03/2023,,,,
19/03/2023,,,,
20/03/2023,,,,
21/03/2023,,,,
22/03/2023,,,,
23/03/2023,,,,
24/03/2023,,,,
25/03/2023,,,,
26/03/2023,,,,
27/03/2023,,,,
28/03/2023,,,,
29/03/2023,,,,
30/03/2023,,,,
31/03/2023,,,,
01/04/2023,,,,
02/04/2023,,,,
03/04/2023,,,,
04/04/2023,,,,
05/04/2023,,,,
06/04/2023,,,,
07/04/2023,,,,
08/04/2023,,,,
09/04/2023,,,,
10/04/2023,,,,
11/04/2023,,,,
12/04/2023,,,,
13/04/2023,,,,
14/04/2023,,,,
15/04/2023,,,,
16/04/2023,,,,
17/04/2023,,,,
18/04/2023,,,,
19/04/2023,,,,
20/04/2023,,,,
21/04/2023,,,,
22/04/2023,,,,
23/04/2023,,,,
24/04/2023,,,,
25/04/2023,,,,
26/04/2023,,,,
27/04/2023,,,,
28/04/2023,,,,
29/04/2023,,,,
30/04/2023,,,,
01/05/2023,,,,
02/05/2023,,,,
03/05/2023,,,,
04/05/2023,,,,
05/05/2023,,,,
06/05/2023,,,,
07/05/2023,,,,
08/05/2023,,,,
09/05/2023,,,,
10/05/2023,,,,
11/05/2023,,,,
12/05/2023,,,,
13/05/2023,,,,
14/05/2023,,,,
15/05/2023,,,,
16/05/2023,,,,
17/05/2023,,,,
18/05/2023,,,,
19/05/2023,,,,
20/05/2023,,,,
21/05/2023,,,,
22/05/2023,,,,
23/05/2023,,,,
24/05/2023,,,,
25/05/2023,,,,
26/05/2023,,,,
27/05/2023,,,,
28/05/2023,,,,
29/05/2023,,,,
30/05/2023,,,,
31/05/2023,,,,
01/06/2023,,,,
02/06/2023,,,,
03/06/2023,,,,
04/06/2023,,,,
05/06/2023,,,,
06/06/2023,,,,
07/06/2023,,,,
08/06/2023,,,,
09/06/2023,,,,
10/06/2023,,,,
11/06/2023,,,,
12/06/2023,,,,
13/06/2023,,,,
14/06/2023,,,,
15/06/2023,,,,
16/06/2023,,,,
17/06/2023,,,,
18/06/2023,,,,
19/06/2023,,,,
20/06/2023,,,,
21/06/2023,,,,
22/06/2023,,,,
23/06/2023,,,,
24/06/2023,,,,
25/06/2023,,,,
26/06/2023,,,,
27/06/2023,,,,
28/06/2023,,,,
29/06/2023,,,,
30/06/2023,,,,
01/07/2023,,,,
02/07/2023,,,,
03/07/2023,,,,
04/07/2023,,,,
05/07/2023,,,,
06/07/2023,,,,
07/07/2023,,,,
08/07/2023,,,,
09/07/2023,,,,
10/07/2023,,,,
11/07/2023,,,,
12/07/2023,,,,
13/07/2023,,,,
14/07/2023,,,,
15/07/2023,,,,
16/07/2023,,,,
17/07/2023,,,,
18/07/2023,,,,
19/07/2023,,,,
20/07/2023,,,,
21/07/2023,,,,
22/07/2023,,,,
23/07/2023,,,,
24/07/2023,,,,
