*,*,date,tavg,tmin,tmax,grad,prec,rh,wind
2023,111,04/21/2023,20.15835417,17.067,25.364,166.7916667,92.6642501,55,2.1959375
2023,112,04/22/2023,NA,NA,NA,199.8368056,NA,55,2.622118056
2023,113,04/23/2023,19.18964583,15.333,23.636,237.1666667,108.8631858,55,1.788125
2023,114,04/22/2023,NA,NA,NA,160.9618056,NA,55,1.538993056
2023,115,04/21/2024,18.91864583,15.945,22.833,230.03125,90.89672048,55,2.300138889
2023,116,04/22/2024,18.5533125,16.407,22.86,137.7465278,66.041265,55,2.293298611
2023,117,04/23/2024,19.05835417,15.697,23.061,190.3159722,98.29192031,55,1.697326389
2023,118,04/22/2024,17.8461875,16.687,20.076,156.1875,55.03810958,55,2.0590625
2023,119,04/21/2025,NA,NA,NA,160.7708333,NA,55,2.383298611
2023,120,04/22/2027,18.660125,16.793,22.474,249.8229167,96.80574871,55,2.617048611
2023,121,04/21/2028,18.0178125,16.165,20.283,285,NA,55,2.469756944
2023,122,04/22/2028,18.541,14.621,22.182,315.6736111,91.7207445,55,2.5440625
2023,123,04/21/2029,18.26514583,16.542,21.519,236.533101,72.93442792,55,2.602891986
2023,124,04/22/2029,NA,NA,NA,214.5694444,NA,55,2.282361111
2023,125,04/21/2030,18.66897917,14.483,23.521,286.6076389,94.70563588,55,1.982083333
2023,126,04/22/2030,18.86385417,15.231,23.423,226.9548611,87.58937896,55,2.332534722
2023,127,04/21/2031,18.78858333,15.605,23.073,306.7395833,85.20332696,55,3.082951389
2023,128,04/22/2031,19.0858125,15.801,23.443,317.6041667,79.83997674,55,2.590555556
2023,129,20-Dec-19,18.16904167,16.241,21.579,306.7673611,62.292645,55,2.756284722
2023,130,21-Dec-19,18.558,16.061,22.683,190.3263889,73.98871248,55,2.261458333
2023,131,22-Dec-19,18.14697917,15.101,22.147,201.5069444,53.41849221,55,2.459444444
2023,132,23-Dec-19,18.06102083,14.02,23.32,252.7083333,71.3336925,55,2.691944444
2023,133,24-Dec-19,19.241625,15.48,24.248,173.1979167,73.30569513,55,2.203645833
2023,134,25-Dec-19,NA,NA,NA,268.2986111,NA,55,2.421493056
2023,135,26-Dec-19,18.5895,14.765,23.401,236.8402778,60.8555984,55,1.506145833
2023,136,27-Dec-19,NA,NA,NA,240.5555556,NA,55,1.994513889
2023,137,28-Dec-19,19.06660417,15.983,23.059,208.2083333,60.59435692,55,1.875347222
2023,138,29-Dec-19,18.29320833,13.914,22.885,231.1875,51.86307458,55,2.597118056
2023,139,30-Dec-19,18.374875,14.627,23.802,264.3159722,49.55701463,55,2.609652778
2023,140,31-Dec-19,19.40935417,13.126,26.121,265.59375,74.53235139,55,2.221805556
2023,141,01-Jan-20,19.27408333,13.296,24.697,310.1527778,62.59480121,55,2.587604167
2023,142,02-Jan-20,NA,NA,NA,275.4652778,NA,55,2.725277778
2023,143,03-Jan-20,19.77970833,16.039,24.785,244.9027778,58.40004513,55,2.753020833
2023,144,04-Jan-20,18.9878125,14.958,23.772,257.28125,55.05640969,55,2.456736111
2023,145,05-Jan-20,19.10935417,14.577,23.869,279.9652778,58.9324585,55,1.996284722
2023,146,06-Jan-20,NA,NA,NA,272.5902778,NA,55,2.184618056
2023,147,07-Jan-20,16.6354375,12.718,21.045,222.3506944,31.09482048,55,2.62125
2023,148,08-Jan-20,17.50116667,14.023,22.45,185.6041667,47.24665731,55,2.525972222
2023,149,09-Jan-20,16.5326875,14.068,19.748,206.5659722,59.49705938,55,1.7684375
2023,150,10-Jan-20,17.25722917,13.761,20.815,259.5659722,37.27583583,55,1.8671875
2023,151,11-Jan-20,18.1921875,15.48,23.031,297.84375,36.01845681,55,1.8375
2023,152,12-Jan-20,19.10395833,14.833,24.043,279.0138889,41.36879396,55,1.483055556
2023,153,13-Jan-20,19.108375,15.584,23.989,175.5416667,70.5591539,55,1.962604167
2023,154,14-Jan-20,18.00385417,14.686,22.032,246.3541667,33.92457258,55,2.588645833
2023,155,15-Jan-20,17.65804167,13.893,22.83,305.9548611,25.86897171,55,2.671041667
2023,156,16-Jan-20,19.151125,14.114,24.665,225.9201389,32.7464265,55,2.725416667
2023,157,17-Jan-20,18.82566667,15.246,23.877,201.5347222,25.83819804,55,1.765555556
2023,158,18-Jan-20,18.95079167,13.437,24.912,265.8506944,33.92224425,55,1.714583333
2023,159,19-Jan-20,19.35622917,12.314,26.039,261.1875,25.94191065,55,1.840347222
2023,160,20-Jan-20,18.78770833,15.88,23.801,302.1111111,13.15418808,55,1.612256944
2023,161,21-Jan-20,18.29933333,13.625,24.316,258.7083333,15.85755944,55,1.761388889
2023,162,22-Jan-20,19.58770833,14.985,24.609,224.4930556,25.67778653,55,2.070416667
2023,163,23-Jan-20,NA,NA,NA,205.7847222,NA,55,2.313854167
2023,164,24-Jan-20,17.84072917,13.519,22.291,148.625,12.22967714,55,1.707916667
2023,165,25-Jan-20,18.80566667,14.979,25.013,190.4722222,15.88997465,55,2.273576389
2023,166,26-Jan-20,NA,NA,NA,177.6458333,NA,55,2.373020833
2023,167,27-Jan-20,18.5400625,14.653,23.946,181.1805556,9.203410223,55,2.6096875
2023,168,28-Jan-20,16.826125,14.586,19.369,165.5694444,4.67113053,55,2.623958333
2023,169,29-Jan-20,17.376375,13.353,22.42,281.2465278,10.20359127,55,2.207430556
2023,170,30-Jan-20,17.84489583,12.974,22.965,280.625,9.434412838,55,2.263090278
2023,171,31-Jan-20,18.42052083,14.648,22.697,244.8506944,6.604376281,55,2.000381944
2023,172,01-Feb-20,NA,NA,NA,231.1145833,NA,55,1.987916667
2023,173,02-Feb-20,17.10552083,14.771,20.052,201.3368056,6.75841325,55,1.622326389
2023,174,03-Feb-20,16.86997917,15.437,18.651,283.9236111,5.555472542,55,2.105625
2023,175,04-Feb-20,17.71604167,14.228,22.799,284.34375,9.473588652,55,2.400798611
2023,176,05-Feb-20,18.16064583,13.409,24.209,298.6354167,12.47868574,55,2.221875
2023,177,06-Feb-20,16.67145833,13.496,21.314,306.28125,3.687024581,55,2.044513889
2023,178,07-Feb-20,16.59075,13.909,20.482,321.40625,3.187335733,55,2.890659722
2023,179,08-Feb-20,17.32795833,12.337,22.773,292.1423611,7.096019188,55,3.185
2023,180,09-Feb-20,16.3421875,13.535,19.664,308.3958333,4.064433229,55,2.355972222
2023,181,10-Feb-20,17.49902083,14.715,21.099,320.8784722,5.081473092,55,1.588333333
2023,182,11-Feb-20,17.09160417,14.496,20.392,320.0277778,4.282918106,55,1.573715278
2023,183,12-Feb-20,16.911875,14.711,19.945,296.9097222,5.953791698,55,2.031180556
2023,184,13-Feb-20,17.14410417,13.457,21.055,269.6145833,4.7399483,55,2.854652778
2023,185,14-Feb-20,16.5005625,13.967,19.815,286.5416667,4.913289373,55,3.388055556
2023,186,15-Feb-20,NA,NA,NA,207.9861111,NA,55,3.021354167
2023,187,16-Feb-20,NA,NA,NA,206.8333333,NA,55,2.290138889
2023,188,17-Feb-20,16.22908333,14.205,18.338,296.5173611,3.549968273,55,2.773645833
2023,189,18-Feb-20,16.25775,12.365,20.808,300.0104167,4.358610375,55,2.519340278
2023,190,19-Feb-20,16.7728125,11.201,23.563,297.6631944,6.990751063,55,2.547118056
2023,191,20-Feb-20,18.69414583,10.526,26.258,321.0625,NA,55,1.890902778
2023,192,21-Feb-20,18.72854167,13.047,25.434,305.9930556,4.773045167,55,2.104513889
2023,193,22-Feb-20,16.82085417,13.68,20.287,221.5902778,2.420616333,55,2.413333333
2023,194,23-Feb-20,16.93177083,12.667,20.859,228.1284722,3.9934615,55,2.763958333
2023,195,24-Feb-20,18.07570833,13.391,23.37,291.2673611,5.208800983,55,2.619340278
2023,196,25-Feb-20,17.13008333,12.581,22.485,282.9930556,3.600792375,55,1.641736111
2023,197,26-Feb-20,16.51620833,12.526,20.623,267.6145833,3.748129533,55,2.1559375
2023,198,27-Feb-20,15.85635417,11.927,19.803,286.2118056,2.629151792,55,3.212118056
2023,199,28-Feb-20,16.3076875,12.248,21.51,273.9548611,5.048525208,55,2.835763889
2023,200,29-Feb-20,16.74254167,12.407,21.445,241.90625,1.829373808,55,1.621076389
2023,201,01-Mar-20,18.8194375,12.138,25.914,181.28125,9.600620083,55,1.621076389
2023,202,02-Mar-20,18.53270833,13.183,24.255,193.7673611,7.249809146,55,1.621076389
2023,203,03-Mar-20,17.8510625,14.488,22.474,257.0520833,1.186076833,55,2.017777778
2023,204,04-Mar-20,17.6249375,14.847,21.876,265.0972222,3.796878229,55,1.741041667
2023,205,05-Mar-20,17.3805,13.129,21.379,278.5833333,4.062378329,55,2.108333333
2023,206,06-Mar-20,18.01325,15.604,22.061,289.875,2.173368333,55,1.697881944
2023,207,07-Mar-20,16.767875,14.221,22.159,301.6493056,8.042131443,55,2.224548611
2023,208,08-Mar-20,16.96397917,12.305,21.475,295.9166667,4.547573563,55,2.580069444
2023,209,09-Mar-20,16.7824375,14.6,20.272,201.9479167,1.664369852,55,1.858229167
2023,210,10-Mar-20,16.6664375,13.595,21.407,278.0243056,5.531782875,55,2.211770833
2023,211,11-Mar-20,17.7510625,12.736,24.262,273.2152778,2.280566792,55,2.546215278
2023,212,12-Mar-20,18.63352083,12.907,25.688,219.0173611,5.309064773,55,2.604097222
2023,213,13-Mar-20,17.262,14.019,21.612,265.8125,2.373474471,55,2.645729167
2023,214,14-Mar-20,17.02785417,13.911,20.317,261.2682927,NA,55,2.202682927
2023,215,15-Mar-20,NA,NA,NA,307.3125,NA,55,1.99625
2023,216,16-Mar-20,NA,NA,NA,294.5173611,NA,55,2.373611111
2023,217,17-Mar-20,NA,NA,NA,246.8472222,NA,55,2.627083333
2023,218,18-Mar-20,NA,NA,NA,273.8472222,NA,55,2.910868056
2023,219,19-Mar-20,NA,NA,NA,266.3576389,NA,55,2.649305556
2023,220,20-Mar-20,NA,NA,NA,291.2951389,NA,55,2.903159722
2023,221,21-Mar-20,16.30152083,14.345,19.474,307.3680556,26.99489598,55,3.014027778
2023,222,22-Mar-20,17.408,14.541,21.896,309.0659722,NA,55,2.388680556
2023,223,23-Mar-20,17.2586875,13.47,21.836,308.7361111,5.068988875,55,2.314479167
2023,224,24-Mar-20,NA,NA,NA,234.8194444,NA,55,2.530868056
2023,225,25-Mar-20,17.56810417,11.74,23.439,162.0729167,5.166141771,55,1.825902778
2023,226,26-Mar-20,18.22675,12.316,24.093,177.1944444,3.095479938,55,1.758090278
2023,227,27-Mar-20,19.11425,13.956,24.685,208.9201389,0.70371125,55,1.758090278
2023,228,28-Mar-20,18.74364583,15.676,22.93,208.0902778,3.662288146,55,1.831458333
2023,229,29-Mar-20,18.18716667,14.993,22.602,243.7118056,1.810393979,55,1.9759375
2023,230,30-Mar-20,17.98954167,14.351,23.52,264.5034722,4.678356794,55,2.004895833
2023,231,31-Mar-20,18.83910417,13.732,25.125,267.9166667,4.750869538,55,2.624166667
2023,232,01-Apr-20,19.24627083,12.044,25.809,297.4479167,8.798878479,55,2.467083333
2023,233,02-Apr-20,19.13147917,12.717,24.831,267.6527778,3.473368208,55,2.224166667
2023,234,03-Apr-20,20.0821875,15.128,25.935,277.9305556,NA,55,2.485520833
2023,235,04-Apr-20,NA,NA,NA,257.6979167,NA,55,2.295173611
2023,236,05-Apr-20,18.12525,13.515,24.141,267.3888889,NA,55,2.637013889
2023,237,06-Apr-20,18.431375,12.481,24.749,267.8229167,3.207774021,55,2.685625
2023,238,07-Apr-20,19.72879167,14.787,25.964,198.6076389,4.504466354,55,2.609548611
2023,239,08-Apr-20,19.4253125,14.237,26.093,295.1319444,3.995291063,55,2.522395833
2023,240,09-Apr-20,18.37739583,14.17,23.006,255.1354167,NA,55,2.541076389
2023,241,10-Apr-20,18.07752083,13.665,22.525,245.8194444,1.885075896,55,2.301701389
2023,242,11-Apr-20,18.024625,15.118,21.837,252.3854167,0.026654263,55,2.161423611
2023,243,12-Apr-20,18.073875,15.239,22.706,224.5208333,0.666096379,55,1.867048611
2023,244,13-Apr-20,NA,NA,NA,139.3576389,NA,55,1.911770833
2023,245,14-Apr-20,18.67966667,15.53,23.494,166.0868056,2.710559125,55,1.710763889
2023,246,15-Apr-20,18.90041667,12.729,25.891,219.6701389,3.355648833,55,1.663229167
2023,247,16-Apr-20,18.7764375,14.349,24.476,213.7465278,0.749509831,55,2.101909722
2023,248,17-Apr-20,19.6305625,13.736,25.63,165.7013889,3.040307917,55,2.002916667
2023,249,18-Apr-20,20.41591667,13.625,26.98,152.7083333,2.44910901,55,1.848993056
2023,250,19-Apr-20,18.54616667,15.469,24.235,176.0868056,34.67362852,55,2.714861111
2023,251,20-Apr-20,17.82627083,15.345,20.883,177.96875,77.44550542,55,2.371041667
2023,252,21-Apr-20,NA,NA,NA,177.6631944,NA,55,2.371041667
2023,253,22-Apr-20,18.7040625,13.124,24.802,119.0972222,56.68454269,55,2.371041667
2023,254,23-Apr-20,19.6343125,15.061,25.398,102.0243056,39.65122048,55,2.371041667
2023,255,24-Apr-20,20.10154167,15.272,26.385,203.1006944,35.98449582,55,1.994826389
2023,256,25-Apr-20,18.544125,15.581,23.426,158.0520833,27.06745121,55,1.695
2023,257,26-Apr-20,19.3026875,15.091,24.612,191.875,32.47206271,55,1.887673611
2023,258,27-Apr-20,18.24591667,15.113,22.307,191.0520833,21.50419867,55,2.209270833
2023,259,28-Apr-20,NA,NA,NA,238.4340278,NA,55,2.110451389
2023,260,29-Apr-20,20.0790625,15.784,27.177,194.1388889,58.32960819,55,2.037291667
2023,261,30-Apr-20,19.2705,15.203,24.899,226.8472222,70.44651042,55,2.686354167
2023,262,01-May-20,19.43258333,14.032,24.854,238.4479167,40.31999233,55,2.610729167
2023,263,02-May-20,20.1345,15.045,27.251,181.9444444,40.79849219,55,2.120902778
2023,264,03-May-20,20.10579167,14.46,26.739,211.5,26.63266465,55,2.141909722
2023,265,04-May-20,20.326125,15.959,25.848,242.4965278,22.25622363,55,2.266284722
2023,266,05-May-20,19.53754167,15.602,24.746,217.2638889,15.17086038,55,2.171041667
2023,267,06-May-20,18.87377083,16.083,24.308,200.4513889,11.80086317,55,2.240868056
2023,268,07-May-20,20.51345833,14.709,27.223,157.4826389,18.21070634,55,2.465590278
2023,269,08-May-20,20.2265625,13.955,27.282,158.7777778,13.86979465,55,2.326076389
2023,270,09-May-20,20.27185417,14.796,26.274,165.9479167,9.431579396,55,1.983888889
2023,271,10-May-20,18.89033333,16.028,22.688,123.8472222,NA,55,1.8528125
2023,272,11-May-20,19.89458333,13.945,26.59,154.4722222,7.509777708,55,2.038854167
2023,273,12-May-20,19.7404375,15.228,26.395,165.3125,9.292313131,55,1.898263889
2023,274,13-May-20,20.86591667,16.394,27.582,220.0034722,12.03649139,55,1.772604167
2023,275,14-May-20,20.7868125,14.592,27.581,254.5277778,6.64150075,55,1.853090278
2023,276,15-May-20,18.97916667,12.246,25.451,205.5069444,4.618295833,55,2.174826389
2023,277,16-May-20,17.96977083,16.285,21.069,188.9930556,3.151454771,55,1.988194444
2023,278,17-May-20,18.71410417,15.172,23.322,198.8784722,8.508075458,55,2.217638889
2023,279,18-May-20,20.0886875,15.802,26.429,224.21875,8.560990854,55,1.675277778
2023,280,19-May-20,20.11845833,14.916,26.075,259.7881944,8.149947625,55,2.080034722
2023,281,20-May-20,20.73739583,13.074,27.895,192.84375,7.992049771,55,2.471736111
2023,282,21-May-20,21.14566667,14.465,27.939,170.3506944,4.776643125,55,2.860763889
2023,283,22-May-20,NA,NA,NA,195.5486111,NA,55,2.220416667
2023,284,23-May-20,20.65133333,14.572,26.529,143.8020833,3.022405854,55,1.627777778
2023,285,24-May-20,NA,NA,NA,163.84375,NA,55,1.925
2023,286,25-May-20,NA,NA,NA,240.1006944,NA,55,2.0978125
2023,287,26-May-20,22.09370833,16.24,28.139,227.1423611,0.342914771,55,2.041319444
2023,288,27-May-20,21.9380625,17.653,27.562,210.8923611,1.819563458,55,2.0740625
2023,289,28-May-20,20.6519375,16.415,25.559,205.0972222,25.06802688,55,2.188854167
2023,290,29-May-20,20.58683333,16.998,26.705,249.1979167,6.822181896,55,2.308923611
2023,291,30-May-20,21.14316667,17.401,25.88,264.9097222,2.492324467,55,2.041875
2023,292,31-May-20,19.66808333,16.879,24.565,252.2847222,31.77607939,55,2.253055556
2023,293,01-Jun-20,19.63377083,14.752,24.338,193.78125,8.911775396,55,2.259548611
2023,294,02-Jun-20,20.13320833,15.766,25.426,225.3715278,6.866358144,55,2.1303125
2023,295,03-Jun-20,21.29479167,16.207,26.313,169.7256944,8.905641833,55,2.082013889
2023,296,04-Jun-20,20.91883333,15.512,26.956,252.6805556,8.136808875,55,2.066805556
2023,297,05-Jun-20,21.25577083,15.268,26.838,217.0763889,NA,55,1.920451389
2023,298,06-Jun-20,21.42902083,17.083,26.312,218.7604167,2.922676479,55,1.963125
2023,299,07-Jun-20,19.75302083,16.887,24.274,189.7916667,48.88000039,55,2.08375
2023,300,08-Jun-20,19.9925625,16.107,24.466,86.6875,13.80703638,55,2.744236111
2023,301,09-Jun-20,20.44425,15.294,26.183,180.8854167,4.504674429,55,2.074861111
2023,302,10-Jun-20,20.4365,16.2,25.093,93.64930556,3.983871279,55,2.462743056
2023,303,11-Jun-20,19.83872917,16.069,25.109,186.2951389,3.108163125,55,1.737361111
2023,304,12-Jun-20,19.57747917,16.661,24.131,162.8611111,33.02193617,55,1.707638889
2023,305,13-Jun-20,20.1858125,15.984,25.036,140.4409722,50.29180704,55,1.899236111
2023,306,14-Jun-20,18.8945,16.545,22.208,139.4652778,83.1614575,55,3.093541667
2023,307,15-Jun-20,18.27916667,16.62,22.504,108.2083333,93.23781458,55,2.051145833
2023,308,16-Jun-20,18.2175,15.528,21.34,116.5104167,89.3478125,55,2.458368056
2023,309,17-Jun-20,18.80229167,16.419,23.165,170.3090278,NA,55,2.4896875
2023,310,18-Jun-20,NA,NA,NA,151.0590278,NA,55,2.0171875
2023,311,19-Jun-20,19.12183333,15.6,23.813,155.2534722,130.1900144,55,1.935868056
2023,312,20-Jun-20,18.588125,16.887,21.94,183.4479167,91.3758471,55,2.551319444
2023,313,21-Jun-20,19.13610417,15.534,23.055,185.2638889,94.4620207,55,2.158923611
2023,314,22-Jun-20,18.7955,16.011,22.5,167.3125,74.12328229,55,2.3378125
2023,315,23-Jun-20,18.0381875,15.136,21.423,147.0416667,80.35180375,55,2.214930556
2023,316,24-Jun-20,18.82325,16.501,23.126,185.4722222,88.3486691,55,2.010833333
2023,317,25-Jun-20,18.97466667,16.485,22.721,161.3784722,113.4761018,55,1.932465278
2023,318,26-Jun-20,18.5663125,16.327,23.09,183.4097222,NA,55,2.107013889
2023,319,27-Jun-20,18.42410417,16.633,22.498,187.75,95.85261754,55,2.193576389
2023,320,28-Jun-20,18.5588125,16.259,22.067,233.7118056,119.3023975,55,2.404027778
2023,321,29-Jun-20,18.58395833,16.268,22.186,223.2465278,94.38673458,55,2.681875
2023,322,30-Jun-20,NA,NA,NA,245.7430556,NA,55,2.254756944
2023,323,01-Jul-20,19.327125,16.451,23.334,108.7395833,118.5532454,55,1.893090278
2023,324,02-Jul-20,18.81029167,15.887,23.295,126.6840278,102.2767443,55,2.342361111
2023,325,03-Jul-20,18.88514583,16.914,22.183,122.8680556,92.31056708,55,2.344166667
2023,326,04-Jul-20,18.29110417,16.524,21.889,200.7083333,101.1497817,55,2.3703125
2023,327,05-Jul-20,18.41197917,16.009,21.807,106.1770833,93.35968708,55,2.215416667
2023,328,06-Jul-20,18.59654167,16.201,22.586,151.7604167,101.2340638,55,2.256701389
2023,329,07-Jul-20,18.62602083,16.171,22.4,124.6597222,NA,55,1.936180556
2023,330,08-Jul-20,18.31283333,15.642,21.965,133.1006944,94.1440079,55,1.944826389
2023,331,09-Jul-20,19.46889583,15.776,24.041,131.6076389,128.2253348,55,2.816458333
2023,332,10-Jul-20,NA,NA,NA,133.3888889,NA,55,3.066423611
2023,333,11-Jul-20,19.53754167,16.519,23.983,221.8229167,125.8780531,55,2.211423611
2023,334,12-Jul-20,19.19629167,15.457,23.404,220.0034722,117.9465662,55,2.049618056
2023,335,13-Jul-20,19.08458333,14.869,23.944,137.875,111.7833515,55,2.395868056
2023,336,14-Jul-20,19.513,14.764,24.388,133.1388889,97.98259006,55,1.919201389
2023,337,15-Jul-20,19.26483333,16.648,23.413,95.03125,99.25728967,55,2.453472222
2023,338,16-Jul-20,NA,NA,NA,122.7777778,NA,55,2.771979167
2023,339,17-Jul-20,19.2105,15.701,24.028,192.15625,96.29225393,55,2.559722222
2023,340,18-Jul-20,NA,NA,NA,135.8402778,NA,55,2.473923611
2023,341,19-Jul-20,19.162,13.776,24.675,147.9965278,96.98562837,55,2.480416667
2023,342,20-Jul-20,19.31308333,14.632,24.828,78.37847222,101.520309,55,2.083680556
2023,343,21-Jul-20,18.68914583,14.402,23.861,132.4479167,86.80208491,55,2.273333333
2023,344,22-Jul-20,19.388,16.503,23.565,197.4305556,80.63408146,55,2.641076389
2023,345,23-Jul-20,19.18322917,15.521,23.854,183.5069444,84.18839167,55,2.4721875
2023,346,24-Jul-20,19.24414583,15.004,24.279,163.5347222,73.66542752,55,2.6271875
2023,347,25-Jul-20,19.63789583,15.866,24.745,233.7881944,70.21176846,55,2.830208333
2023,348,26-Jul-20,19.65102083,17.216,23.878,156.4201389,66.13981629,55,2.398125
2023,349,27-Jul-20,18.96766667,16.036,22.86,117.1909722,98.55869854,55,2.559236111
2023,350,28-Jul-20,18.26897917,16.297,21.587,62.50347222,56.76577642,55,2.344756944
2023,351,29-Jul-20,18.92733333,15.664,23.38,137.5902778,76.5166384,55,2.593576389
2023,352,30-Jul-20,NA,NA,NA,172.5138889,NA,55,2.660590278
2023,353,31-Jul-20,19.29127083,16.034,23.725,117.7638889,72.6807899,55,2.0015625
2023,354,01-Aug-20,18.8055625,14.531,23.848,186.0729167,74.86867816,55,2.673923611
2023,355,02-Aug-20,19.55102083,15.624,24.474,228.4201389,75.94334944,55,2.787430556
2023,356,03-Aug-20,19.30689583,15.924,23.698,238.8611111,71.78020813,55,3.115486111
2023,357,04-Aug-20,18.93652083,16.357,23.239,243.90625,74.80606254,55,2.579652778
2023,358,05-Aug-20,20.2195625,16.905,24.796,151.4861111,94.55089044,55,2.442118056
2023,359,06-Aug-20,20.300375,17.159,25.006,193.3333333,93.87280479,55,2.249236111
2023,360,07-Aug-20,18.96475,16.807,22.359,215.2743056,65.22256415,55,2.358298611
2023,361,08-Aug-20,18.91252083,14.839,23.137,158.1041667,84.23139981,55,2.593333333
2023,362,09-Aug-20,19.95714583,15.719,24.862,171.2083333,87.87690519,55,2.377256944
2023,363,10-Aug-20,20.2183125,15.596,25.202,186.8055556,71.1093776,55,2.364513889
2023,364,11-Aug-20,20.21089583,16.759,25.209,189.1145833,62.98861573,55,2.710138889
2023,365,12-Aug-20,NA,NA,NA,137.7881944,NA,55,2.579583333
2024,1,13-Aug-20,NA,NA,NA,157.8819444,NA,55,2.285590278
2024,2,14-Aug-20,20.070875,16.559,24.677,133.4965278,89.40488052,55,2.397083333
2024,3,15-Aug-20,20.13277083,17.197,24.79,181.96875,99.7051616,55,2.419722222
2024,4,16-Aug-20,19.95854167,16.085,24.532,145.65625,84.23054631,55,2.895486111
2024,5,17-Aug-20,19.13522917,16.565,24.905,120.7881944,80.25359458,55,2.1709375
2024,6,18-Aug-20,19.09489583,16.539,23.044,202.3576389,NA,55,2.635520833
2024,7,19-Aug-20,18.92102083,16.762,22.923,98.98611111,NA,55,3.228125
2024,8,20-Aug-20,19.4325,16.566,23.663,163.375,86.05744671,55,3.356770833
2024,9,21-Aug-20,19.07589583,15.932,23.211,112.7013889,102.4987126,55,3.312430556
2024,10,22-Aug-20,18.7933125,14.917,22.806,85.35069444,80.69058494,55,2.970798611
2024,11,23-Aug-20,19.14558333,16.004,24.147,103.9826389,85.81279888,55,3.016423611
2024,12,24-Aug-20,NA,NA,NA,88.30902778,NA,55,3.3078125
2024,13,25-Aug-20,18.52058333,16.359,22.042,204.5243056,56.23171833,55,3.723472222
2024,14,26-Aug-20,20.08610417,17.754,24.479,206.7951389,69.4366705,55,4.086388889
2024,15,27-Aug-20,20.3378125,17.241,24.64,190.6770833,100.1793311,55,3.504340278
2024,16,28-Aug-20,20.38164583,16.408,25.062,219.9722222,93.81160588,55,3.077395833
2024,17,29-Aug-20,20.19129167,16.927,24.187,185.9270833,73.38921054,55,3.554548611
2024,18,30-Aug-20,19.37389583,17.009,23.031,278.6597222,70.80313819,55,3.916875
2024,19,31-Aug-20,NA,NA,NA,247.7152778,NA,55,4.312083333
2024,20,01-Sep-20,NA,NA,NA,227.7256944,NA,55,3.847430556
2024,21,02-Sep-20,NA,NA,NA,270.5555556,NA,55,4.461145833
2024,22,03-Sep-20,NA,NA,NA,120.5868056,NA,55,3.208993056
2024,23,04-Sep-20,NA,NA,NA,164.1215278,NA,55,3.296006944
2024,24,05-Sep-20,NA,NA,NA,135.7152778,NA,55,2.128506944
2024,25,06-Sep-20,NA,NA,NA,53.41666667,NA,55,2.631354167
2024,26,07-Sep-20,NA,NA,NA,76.16666667,NA,55,2.2265625
2024,27,08-Sep-20,NA,NA,NA,65.06597222,NA,55,2.167326389
2024,28,09-Sep-20,NA,NA,NA,153.7673611,NA,55,2.741909722
2024,29,10-Sep-20,NA,NA,NA,115.9548611,NA,55,2.408611111
2024,30,11-Sep-20,NA,NA,NA,145.2743056,NA,55,3.338506944
2024,31,12-Sep-20,NA,NA,NA,165.25,NA,55,3.084791667
2024,32,13-Sep-20,NA,NA,NA,276.9513889,NA,55,3.493020833
2024,33,14-Sep-20,NA,NA,NA,219.4270833,NA,55,3.112430556
2024,34,15-Sep-20,NA,NA,NA,223.7708333,NA,55,3.297569444
2024,35,16-Sep-20,NA,NA,NA,278.0902778,NA,55,3.447569444
2024,36,17-Sep-20,NA,NA,NA,255.7604167,NA,55,3.239722222
2024,37,18-Sep-20,NA,NA,NA,255.2395833,NA,55,4.134583333
2024,38,19-Sep-20,NA,NA,NA,130.9756944,NA,55,3.23125
2024,39,20-Sep-20,NA,NA,NA,95.87152778,NA,55,2.7890625
2024,40,21-Sep-20,20.99225,15.873,26.338,208.1145833,NA,55,3.428125
2024,41,22-Sep-20,20.63535417,17.094,26.15,206.3263889,40.82635519,55,3.688576389
2024,42,23-Sep-20,19.97152083,14.369,25.995,286.5486111,42.86799992,55,5.838159722
2024,43,24-Sep-20,NA,NA,NA,123.5902778,NA,55,4.488888889
2024,44,25-Sep-20,21.28227083,15.747,27.181,138.4340278,44.85472529,55,4.327777778
2024,45,26-Sep-20,21.46985417,15.821,27.646,127.8611111,45.71845977,55,4.327777778
2024,46,27-Sep-20,21.39497917,14.98,27.626,258.9444444,40.75390633,55,2.838576389
2024,47,28-Sep-20,20.85414583,14.839,26.93,250.8020833,33.37110446,55,3.228715278
2024,48,29-Sep-20,21.065,15.829,27.359,242.8645833,29.27330371,55,3.218923611
2024,49,30-Sep-20,22.64675,14.906,29.692,193.09375,39.1461746,55,3.231909722
2024,50,01-Oct-20,23.0520625,17.381,29.571,247.0416667,NA,55,3.313472222
2024,51,02-Oct-20,22.11375,17.195,28.551,215.1180556,NA,55,3.8878125
2024,52,03-Oct-20,21.8541875,16.798,28.033,262.8194444,NA,55,3.773368056
2024,53,04-Oct-20,20.8623125,16.122,26.323,289.875,NA,55,3.778159722
2024,54,05-Oct-20,20.16783333,16.552,25.245,285.8194444,NA,55,4.325590278
2024,55,06-Oct-20,18.935875,16.09,24.258,255.3784722,89.0828111,55,3.443055556
2024,56,07-Oct-20,20.53708333,16.065,25.742,283.7013889,75.03001777,55,6.337916667
2024,57,08-Oct-20,21.05554167,16.668,26.914,281.9444444,NA,55,5.620381944
2024,58,09-Oct-20,20.50189583,17.288,27.153,257.0798611,81.86518938,55,5.627847222
2024,59,10-Oct-20,20.0833125,15.678,26.25,193.6423611,88.88559656,55,3.782048611
2024,60,11-Oct-20,21.46966667,17.313,26.542,229.2986111,NA,55,5.528993056
2024,61,12-Oct-20,21.0516875,16.2,26.196,209.0590278,106.8999814,55,4.903645833
2024,62,13-Oct-20,NA,NA,NA,230.0243056,NA,55,6.2678125
2024,63,14-Oct-20,21.31797917,16.243,27.179,203.0034722,NA,55,7.053402778
2024,64,15-Oct-20,21.5509375,16.181,27.877,259.96875,57.29098236,55,5.924131944
2024,65,16-Oct-20,20.75008333,17.428,25.549,197.75,52.96880963,55,5.409583333
2024,66,17-Oct-20,20.4968125,16.453,25.772,149.0972222,45.58830654,55,5.794375
2024,67,18-Oct-20,21.00902083,15.449,26.842,125.5555556,NA,55,6.696041667
2024,68,19-Oct-20,21.682125,15.353,28.288,115.2430556,39.46020656,55,4.296284722
2024,69,20-Oct-20,21.48766667,16.934,27.208,133.6145833,44.8233759,55,2.258923611
2024,70,21-Oct-20,21.36016667,16.354,27.36,218.2152778,29.32084081,55,4.702291667
2024,71,22-Oct-20,21.4849375,16.608,27.438,234.8055556,31.0799556,55,3.821597222
2024,72,23-Oct-20,NA,NA,NA,233.5798611,NA,55,3.5525
2024,73,24-Oct-20,21.53225,15.596,27.851,198.4548611,26.48817225,55,4.1915625
2024,74,25-Oct-20,20.686625,16.635,26.527,259.2413793,NA,55,4.713390805
2024,75,26-Oct-20,20.3200625,15.358,26.028,259.2413793,19.79223096,55,4.713390805
2024,76,27-Oct-20,20.56022917,14.77,26.782,259.2413793,25.2986136,55,4.713390805
2024,77,28-Oct-20,22.13670833,15.515,29.486,44.28888889,NA,55,3.766888889
2024,78,29-Oct-20,21.85325,16.881,27.715,141.9097222,12.74496706,55,3.31125
2024,79,30-Oct-20,21.65670833,16.586,27.896,111.8611111,16.77674063,55,2.388368056
2024,80,31-Oct-20,21.22710417,17.049,27.019,221.7569444,NA,55,2.565590278
2024,81,01-Nov-20,21.712625,16.728,27.925,247.5520833,28.55287856,55,3.305451389
2024,82,02-Nov-20,22.27370833,16.561,28.805,275.4826389,NA,55,3.747291667
2024,83,03-Nov-20,20.85739583,16.189,27.551,192.0590278,NA,55,4.193888889
2024,84,04-Nov-20,20.58879167,16.531,26.684,221.7916667,NA,55,2.961284722
2024,85,05-Nov-20,20.46289583,15.283,27.478,177.2361111,90.37561021,55,2.478854167
2024,86,06-Nov-20,NA,NA,NA,193.9340278,NA,55,2.213958333
2024,87,07-Nov-20,20.42583333,17.714,26.288,230.0729167,89.91751817,55,2.356215278
2024,88,08-Nov-20,20.2695625,17.047,25.235,216.2881944,77.86539585,55,2.720555556
2024,89,09-Nov-20,20.32670833,15.752,25.535,200.9479167,78.17155873,55,2.0575
2024,90,10-Nov-20,19.69960417,17.704,24.45,219.6319444,97.506466,55,2.544756944
2024,91,11-Nov-20,19.345375,16.365,23.474,193.3993056,86.90803917,55,2.228229167
2024,92,12-Nov-20,19.6933125,16.655,24.313,248.2291667,89.83540721,55,3.031215278
2024,93,13-Nov-20,20.25616667,17.374,24.641,248.4409722,101.2076554,55,3.031215278
2024,94,14-Nov-20,20.3784375,16.211,25.5,178.3298611,94.59519154,55,3.031215278
2024,95,15-Nov-20,20.24120833,17.333,25.287,244.3923611,97.2489725,55,2.104930556
2024,96,16-Nov-20,20.980625,17.46,25.418,203.59375,113.8481373,55,2.444270833
2024,97,17-Nov-20,19.5633125,16.104,24.015,230.5138889,NA,55,2.410486111
2024,98,18-Nov-20,NA,NA,NA,280.9965278,NA,55,2.505347222
2024,99,19-Nov-20,20.21672917,17.877,24.382,269.6145833,77.29882948,55,2.385
2024,100,20-Nov-20,19.46995833,15.668,24.817,178.2083333,88.0406494,55,2.271354167
2024,101,21-Nov-20,NA,NA,NA,270.4375,NA,55,2.4565625
2024,102,22-Nov-20,20.81689583,16.639,26.279,268.7256944,105.7396625,55,2.123611111
2024,103,23-Nov-20,20.36995833,16.499,24.764,208.6944444,90.90003992,55,1.717152778
2024,104,24-Nov-20,19.97883333,17.242,23.992,265.0138889,80.86901833,55,1.8096875
2024,105,25-Nov-20,20.4253125,17.163,25.034,282.1527778,NA,55,1.972361111
2024,106,26-Nov-20,19.58966667,17.165,24.522,246.7361111,91.74582292,55,2.082430556
2024,107,27-Nov-20,20.039125,16.624,24.465,256.5104167,104.6701584,55,2.303819444
2024,108,28-Nov-20,20.43677083,17.298,25.279,160.5625,108.0174323,55,2.303819444
2024,109,29-Nov-20,20.78085417,17.978,25.291,144.9131944,103.937501,55,1.563506944
2024,110,30-Nov-20,19.96445833,16.989,24.118,205.1909722,73.29812479,55,1.686597222
2024,111,01-Dec-20,20.09241667,16.146,25.003,170.0520833,108.7939041,55,2.082986111
2024,112,02-Dec-20,NA,NA,NA,240.6597222,NA,55,2.293368056
2024,113,03-Dec-20,19.89864583,16.835,24.627,207.375,95.45611083,55,2.120833333
2024,114,04-Dec-20,20.21852083,17.921,24.132,193.2881944,72.22283125,55,2.189826389
2024,115,05-Dec-20,20.01270833,17.38,24.687,247.6354167,115.3342556,55,1.713090278
2024,116,06-Dec-20,19.21441667,17.838,24.043,280.7708333,79.27966233,55,1.7671875
2024,117,07-Dec-20,18.35029167,16.253,22.653,277.46875,80.06148617,55,1.968923611
2024,118,08-Dec-20,19.747375,17.01,24.009,275.9409722,99.87164506,55,2.421215278
2024,119,09-Dec-20,19.5173125,17.464,22.631,199.9166667,79.03211271,55,2.419791667
2024,120,10-Dec-20,18.97670833,16.257,24.895,233.4097222,90.29436354,55,2.445
2024,121,11-Dec-20,20.465,17.013,26.243,276.1875,103.8515638,55,2.205
2024,122,12-Dec-20,19.776625,17.338,24.714,284.2083333,NA,55,2.2534375
2024,123,13-Dec-20,19.36660417,17.605,24.774,275.1701389,66.09841917,55,2.872638889
2024,124,14-Dec-20,20.25741667,17.517,23.667,289.2395833,78.31479438,55,2.0440625
2024,125,15-Dec-20,18.930125,16.816,23.298,262,52.01776454,55,1.843715278
2024,126,16-Dec-20,19.81058333,16.73,25.594,281.3958333,79.47475406,55,2.148020833
2024,127,17-Dec-20,18.57360417,15.885,22.234,264.8888889,49.46090885,55,2.430416667
2024,128,18-Dec-20,18.9358125,16.701,22.759,247.4479167,71.5218475,55,2.409513889
2024,129,19-Dec-20,18.60879167,16.652,22.637,230.2673611,70.52325125,55,2.287361111
2024,130,20-Dec-20,18.2925,15.704,21.964,275.0069444,66.170691,55,2.510208333
2024,131,21-Dec-20,18.43414583,16.26,22.175,269.2326389,65.77773356,55,2.525173611
2024,132,22-Dec-20,19.21227083,14.991,24.732,250.9097222,92.11873771,55,2.195902778
2024,133,23-Dec-20,18.48327083,13.814,24.148,198.4340278,86.40837369,55,2.5846875
2024,134,24-Dec-20,NA,NA,NA,245.0173611,NA,55,2.496388889
2024,135,25-Dec-20,19.26385417,15.22,24.312,241.9756944,95.70102708,55,2.260486111
2024,136,26-Dec-20,19.51985417,15.579,24.66,273.6354167,85.04434408,55,2.610555556
2024,137,27-Dec-20,19.04127083,13.745,24.731,277.5381944,78.65922325,55,2.488611111
2024,138,28-Dec-20,19.94852083,16.668,25.067,281.8784722,91.08121685,55,2.705243056
2024,139,29-Dec-20,20.26010417,15.125,25.412,260.4027778,89.78905529,55,2.358611111
2024,140,30-Dec-20,20.00897917,14.872,25.189,242.3819444,83.06555079,55,2.823958333
2024,141,31-Dec-20,20.71095833,17.218,25.416,141.0173611,90.12990875,55,2.823958333
2024,142,01-Jan-21,20.28272917,16.727,24.373,188.1180556,97.85217729,55,1.900451389
2024,143,02-Jan-21,NA,NA,NA,272.4027778,NA,55,1.969652778
2024,144,03-Jan-21,17.970375,15.656,21.067,286.28125,61.67251777,55,2.082881944
2024,145,04-Jan-21,NA,NA,NA,280.5868056,NA,55,2.016319444
2024,146,05-Jan-21,18.80739583,15.615,23.399,285.1006944,55.40017454,55,2.236840278
2024,147,06-Jan-21,18.92516667,15.512,24.423,282.4965278,70.32073552,55,2.284513889
2024,148,07-Jan-21,18.5439375,11.563,25.982,283.5625,NA,55,1.992569444
2024,149,08-Jan-21,18.04022917,15.006,23.057,263.6944444,51.21282852,55,2.002569444
2024,150,09-Jan-21,17.95610417,14.384,23.187,163.0694444,62.50794622,55,1.840277778
2024,151,10-Jan-21,18.10866667,11.985,24.232,71.90277778,75.49371343,55,1.671631944
2024,152,11-Jan-21,18.48152083,13.286,24.336,169.1354167,71.37130067,55,1.973680556
2024,153,12-Jan-21,18.8054375,13.404,24.463,166.1979167,NA,55,2.178993056
2024,154,13-Jan-21,18.7180625,15.053,23.646,256.4340278,62.18483127,55,1.960520833
2024,155,14-Jan-21,18.76283333,14.575,23.668,280.7743056,46.41437935,55,2.280625
2024,156,15-Jan-21,19.42839583,15.382,24.346,276.2951389,67.93421248,55,1.87375
2024,157,16-Jan-21,18.0121875,14.76,22.756,276.125,42.53122104,55,1.819305556
2024,158,17-Jan-21,17.85054167,14.549,22.775,177.9479167,40.24425658,55,2.014895833
2024,159,18-Jan-21,18.58870833,13.808,24.414,195.6979167,52.16283662,55,2.048576389
2024,160,19-Jan-21,17.58054167,13.67,22.285,229.4826389,41.29657917,55,2.121284722
2024,161,20-Jan-21,16.9214375,14.854,19.934,279.3472222,25.97433729,55,1.968090278
2024,162,21-Jan-21,17.91825,14.054,23.119,259.5833333,47.61539606,55,2.134756944
2024,163,22-Jan-21,17.259,12.782,22.838,189.5104167,48.05014613,55,2.867604167
2024,164,23-Jan-21,NA,NA,NA,232.2638889,NA,55,3.156979167
2024,165,24-Jan-21,17.42091667,11.716,24.371,263.2326389,50.6775134,55,2.322777778
2024,166,25-Jan-21,17.54245833,11.578,23.452,230.9027778,44.99855849,55,2.516527778
2024,167,26-Jan-21,17.223375,12.533,21.799,294.2951389,37.64746755,55,2.066354167
2024,168,27-Jan-21,17.40420833,11.632,22.978,288.5520833,39.32709765,55,2.206701389
2024,169,28-Jan-21,17.57820833,12.777,24.445,287.0451389,44.89985646,55,2.173854167
2024,170,29-Jan-21,17.48116667,10.724,23.514,272.6006944,42.24190869,55,2.615104167
2024,171,30-Jan-21,17.54379167,14.019,23.424,275.3194444,33.31457871,55,2.224861111
2024,172,31-Jan-21,16.73220833,14.316,19.565,293.5763889,42.31433645,55,2.276076389
2024,173,01-Feb-21,16.67520833,13.1,21.26,289.6597222,55.7906306,55,2.118993056
2024,174,02-Feb-21,16.09789583,12.209,21.488,288.6215278,36.94690581,55,2.321493056
2024,175,03-Feb-21,16.6781875,11.66,22.297,280.0277778,37.23470188,55,2.495486111
2024,176,04-Feb-21,16.27270833,11.947,21.831,291.6041667,38.26192417,55,1.974236111
2024,177,05-Feb-21,NA,NA,NA,277.3715278,35.22988944,55,1.828402778
2024,178,06-Feb-21,16.9308125,11.5,22.308,166.6145833,29.86039375,55,1.828402778
2024,179,07-Feb-21,15.8886875,12.56,21.098,138.8993056,28.97840165,55,1.828402778
2024,180,08-Feb-21,NA,NA,NA,79.21527778,NA,55,1.411805556
2024,181,09-Feb-21,17.00377083,13.175,22.696,149.0486111,32.45490865,55,2.376875
2024,182,10-Feb-21,16.22458333,12.182,21.921,170.7847222,28.8600381,55,2.140138889
2024,183,11-Feb-21,17.53827083,12.453,23.582,106.7604167,NA,55,1.508055556
2024,184,12-Feb-21,17.50154167,11.174,23.792,178.1701389,23.27361311,55,1.847534722
2024,185,13-Feb-21,17.5316875,11.507,23.273,111.1041667,21.07226498,55,1.482430556
2024,186,14-Feb-21,17.6555,12.748,23.784,150.2361111,27.51218396,55,1.482430556
2024,187,15-Feb-21,17.50139583,12.384,23.538,269.375,NA,55,2.118402778
2024,188,16-Feb-21,17.871875,13.589,23.612,273.9965278,16.51131883,55,1.878993056
2024,189,17-Feb-21,17.789625,15.108,22.79,287.6840278,39.92301479,55,2.008333333
2024,190,18-Feb-21,18.32679167,13.792,26.167,273.7395833,63.15940719,55,1.981145833
2024,191,19-Feb-21,18.59658333,15.052,23.273,284.46875,48.16060188,55,1.559513889
2024,192,20-Feb-21,16.85379167,12.495,22.005,193.3229167,41.87319525,55,1.971319444
2024,193,21-Feb-21,15.82170833,10.24,21.325,199.7604167,NA,55,1.9703125
2024,194,22-Feb-21,17.2100625,11.717,23.982,94.67708333,45.39532631,55,1.9025
2024,195,23-Feb-21,16.97895833,13.625,21.289,194.2673611,33.34654183,55,1.892222222
2024,196,24-Feb-21,17.17879167,13.355,22.715,225.4027778,39.62289229,55,1.353368056
2024,197,25-Feb-21,17.51264583,11.064,22.589,258.8368056,45.75098644,55,1.618020833
2024,198,26-Feb-21,16.547125,14.424,19.895,290.0763889,17.70082602,55,1.4359375
2024,199,27-Feb-21,16.58829167,13.94,20.948,295.9895833,25.99187567,55,1.794895833
2024,200,28-Feb-21,15.78116667,13.906,19.227,289.34375,20.1884754,55,1.977326389
2024,201,01-Mar-21,16.146,12.505,20.52,283.3472222,19.527009,55,2.059027778
2024,202,02-Mar-21,NA,NA,NA,254.2118056,NA,55,2.069201389
2024,203,03-Mar-21,16.731875,13.446,23.523,287.3159722,23.75794304,55,2.426805556
2024,204,04-Mar-21,17.403,12.971,23.449,222.09375,NA,55,2.246180556
2024,205,05-Mar-21,16.36058333,10.285,23.369,262.0451389,32.18149273,55,2.106875
2024,206,06-Mar-21,16.27910417,12.699,21.109,282.3645833,NA,55,2.035659722
2024,207,07-Mar-21,17.218625,11.954,24.299,271.9513889,NA,55,1.764236111
2024,208,08-Mar-21,18.15983333,14.728,23.859,285.2534722,18.80361719,55,1.963611111
2024,209,09-Mar-21,16.448,12.749,19.543,284.9409722,16.12533542,55,1.965625
2024,210,10-Mar-21,16.87347917,12.937,23.982,288.1875,17.67822023,55,1.744722222
2024,211,11-Mar-21,18.25983333,12.829,24.268,298.5520833,16.8764166,55,2.085416667
2024,212,12-Mar-21,17.78958333,13.04,22.331,296.3541667,16.81520856,55,1.725902778
2024,213,13-Mar-21,NA,NA,NA,291.6875,NA,55,1.801284722
2024,214,14-Mar-21,NA,NA,NA,289.7881944,NA,55,1.828923611
2024,215,15-Mar-21,16.42485417,12.455,20.85,292.9270833,10.78299873,55,1.753368056
2024,216,16-Mar-21,16.01322917,12.456,18.76,260.4166667,12.29306905,55,2.002951389
2024,217,17-Mar-21,17.84460417,13.991,23.985,275.3576389,16.77057845,55,2.168541667
2024,218,18-Mar-21,NA,NA,NA,263.0416667,NA,55,1.554097222
2024,219,19-Mar-21,18.45283333,10.919,26.04,274.3784722,23.57095327,55,1.849479167
2024,220,20-Mar-21,17.63935417,11.868,22.941,248.1388889,21.45362317,55,1.925798611
2024,221,21-Mar-21,17.26147917,14.023,21.172,240.6493056,15.41565708,55,2.550277778
2024,222,22-Mar-21,16.57916667,14.378,19.909,229.7361111,9.251883944,55,1.776180556
2024,223,23-Mar-21,16.4129375,13.017,21.773,199.2395833,15.79719183,55,2.152638889
2024,224,24-Mar-21,16.68852083,13.89,20.261,224.2638889,10.52474181,55,1.882222222
2024,225,25-Mar-21,17.3548125,14.482,21.726,287.1597222,9.840727917,55,1.781388889
2024,226,26-Mar-21,17.82529167,12.797,23.638,232.78125,17.14084675,55,1.628958333
2024,227,27-Mar-21,17.92820833,14.053,23.132,195.9722222,11.22614958,55,1.8884375
2024,228,28-Mar-21,NA,NA,NA,212.8784722,NA,55,1.788506944
2024,229,29-Mar-21,17.61897917,13.857,23.341,255.8541667,13.12413413,55,1.908611111
2024,230,30-Mar-21,17.44310417,10.728,24.029,235.1215278,17.56555219,55,2.249166667
2024,231,31-Mar-21,17.005875,13.407,22.19,241.1770833,9.557964583,55,1.705138889
2024,232,01-Apr-21,16.64304167,10.514,23.528,226.7083333,10.13769554,55,1.6828125
2024,233,02-Apr-21,17.39141667,12.015,23.177,221.7256944,12.8334086,55,1.569513889
2024,234,03-Apr-21,16.18864583,13.447,19.562,236.34375,7.623074688,55,2.088263889
2024,235,04-Apr-21,16.82902083,13.21,22.178,209.9166667,12.57829229,55,1.569513889
2024,236,05-Apr-21,17.00983333,14.19,21.036,230.0868056,9.348407583,55,1.569513889
2024,237,06-Apr-21,16.9748125,14.282,20.642,224.8298611,7.950974125,55,1.563576389
2024,238,07-Apr-21,17.42141667,14.155,21.693,257.0451389,12.8502481,55,1.638020833
2024,239,08-Apr-21,17.78079167,11.638,23.461,246.8229167,15.6724691,55,1.735416667
2024,240,09-Apr-21,18.87089583,15.777,23.434,88.88541667,16.25310827,55,1.735416667
2024,241,10-Apr-21,19.16872917,15.219,24.231,222.2604167,21.06981742,55,1.789131944
2024,242,11-Apr-21,19.440625,14.675,25.625,232.5833333,15.90945419,55,1.863715278
2024,243,12-Apr-21,18.7650625,15.13,24.66,225.8159722,13.58912254,55,1.5678125
2024,244,13-Apr-21,17.13545833,12.538,22.957,212.7361111,4.764211458,55,1.462604167
2024,245,14-Apr-21,NA,NA,NA,149.1319444,NA,55,1.796041667
2024,246,15-Apr-21,NA,NA,NA,263.0972222,NA,55,1.340833333
2024,247,16-Apr-21,17.74322917,13.467,21.471,269.1944444,9.6720765,55,1.495798611
2024,248,17-Apr-21,17.7424375,15.008,21.754,196.5625,8.89195575,55,1.5534375
2024,249,18-Apr-21,18.05379167,12.615,23.726,166.0138889,9.747752833,55,2.132152778
2024,250,19-Apr-21,17.64322917,13.722,22.477,209.2986111,33.81108842,55,1.673854167
2024,251,20-Apr-21,18.21754167,12.915,24.343,231.9826389,15.86378921,55,1.637569444
2024,252,21-Apr-21,19.53525,14.559,26.431,178.3229167,11.3978019,55,1.637569444
2024,253,22-Apr-21,NA,NA,NA,204.4409722,NA,55,1.637569444
2024,254,23-Apr-21,19.49677083,13.425,26.653,149.9027778,14.29275411,55,1.607256944
2024,255,24-Apr-21,19.138875,13.45,25.839,247.9756944,19.95109321,55,1.641840278
2024,256,25-Apr-21,19.17141667,14.273,25.006,243.9756944,12.12417631,55,1.401493056
2024,257,26-Apr-21,NA,NA,NA,222.7152778,NA,55,1.165
2024,258,27-Apr-21,18.46354167,12.062,25.281,231.2326389,NA,55,1.357048611
2024,259,28-Apr-21,18.39560417,11.117,26.448,203.7569444,14.18066646,55,1.804444444
2024,260,29-Apr-21,17.6905,12.728,23.608,243.3680556,6.922576713,55,1.953229167
2024,261,30-Apr-21,18.539125,13.615,24.218,234.2881944,7.876830396,55,1.725972222
2024,262,01-May-21,NA,NA,NA,238.8784722,NA,55,1.417222222
2024,263,02-May-21,NA,NA,NA,174.2222222,NA,55,1.4303125
2024,264,03-May-21,19.60664583,14.066,26.445,163.7326389,9.2539592,55,1.910694444
2024,265,04-May-21,19.02372917,14.698,26.101,144.53125,6.829504458,55,1.385555556
2024,266,05-May-21,19.24870833,14.441,25.406,159.5590278,11.21080515,55,1.728888889
2024,267,06-May-21,18.3389375,13.902,23.704,162.625,6.534869646,55,1.201979167
2024,268,07-May-21,17.90302083,11.726,24.094,108.1076389,6.96365475,55,1.5909375
2024,269,08-May-21,18.87585417,15.494,24.854,167.8645833,7.9498555,55,1.954166667
2024,270,09-May-21,19.4645625,13.147,26.388,108.78125,7.620985469,55,2.264791667
2024,271,10-May-21,19.71239583,14.435,26.159,128.0069444,5.404315125,55,2.264791667
2024,272,11-May-21,18.3001875,14.112,26.518,102.3819444,26.1619461,55,2.264791667
2024,273,12-May-21,19.39010417,12.088,26.542,132.6284722,NA,55,2.264791667
2024,274,13-May-21,19.51883333,14.424,25.395,162.5138889,23.93123699,55,2.264791667
2024,275,14-May-21,20.25475,14.475,27.062,203.6666667,48.06499617,55,1.722291667
2024,276,15-May-21,18.9985,15.225,24.057,199.3229167,43.96652917,55,1.274895833
2024,277,16-May-21,18.754375,13.956,24.334,191.7743056,40.428373,55,1.716458333
2024,278,17-May-21,18.89879167,11.625,26.244,217.6041667,41.62692244,55,1.323611111
2024,279,18-May-21,18.58747917,15.164,23.923,208.9166667,28.35133313,55,1.572222222
2024,280,19-May-21,18.89689583,14.361,24.061,179.8055556,33.83329292,55,1.34
2024,281,20-May-21,18.3395625,14.24,22.927,198.0972222,NA,55,1.387118056
2024,282,21-May-21,19.75452083,14.614,26.097,166.8368056,41.95422083,55,1.467951389
2024,283,22-May-21,19.2529375,13.386,25.408,196.2881944,35.19282648,55,1.301527778
2024,284,23-May-21,18.12566667,12.736,25.321,154.0798611,28.66643144,55,1.918333333
2024,285,24-May-21,19.41764583,14.701,25.517,149.4791667,23.26994688,55,2.222604167
2024,286,25-May-21,19.19408333,13.775,25.15,180.3958333,20.79148563,55,1.921944444
2024,287,26-May-21,18.2459375,14.092,24.166,188.3819444,18.13512052,55,1.868576389
2024,288,27-May-21,19.49795833,13.012,26.555,206.2986111,18.4872175,55,1.469652778
2024,289,28-May-21,19.01175,13.629,27.117,148.1284722,14.1310736,55,1.400486111
2024,290,29-May-21,NA,NA,NA,171.8784722,NA,55,1.698819444
2024,291,30-May-21,21.00920833,15.65,27.075,151.0694444,60.57662313,55,1.738923611
2024,292,31-May-21,NA,NA,NA,169.3958333,NA,55,1.467361111
2024,293,01-Jun-21,18.49566667,16.286,22.93,206.6354167,38.6567126,55,2.002291667
2024,294,02-Jun-21,NA,NA,NA,219.1979167,NA,55,1.317013889
2024,295,03-Jun-21,19.74122917,14.086,25.527,190.2048611,55.83462729,55,1.304930556
2024,296,04-Jun-21,20.04141667,14.018,26.606,187,71.17520013,55,1.357152778
2024,297,05-Jun-21,19.43908333,13.111,26.035,131.0694444,69.21730127,55,1.283333333
2024,298,06-Jun-21,19.54991667,13.872,26.339,176.0208333,56.54547854,55,1.506701389
2024,299,07-Jun-21,19.9338125,14.541,26.516,172.34375,NA,55,1.285208333
2024,300,08-Jun-21,20.541,15.014,27.094,188.0243056,NA,55,1.434131944
2024,301,09-Jun-21,21.14252083,16.286,28.036,98.10069444,66.67342408,55,1.285590278
2024,302,10-Jun-21,20.87720833,16.06,27.277,133.3923611,52.52568996,55,1.3584375
2024,303,11-Jun-21,20.45335417,14.537,27.516,177.53125,45.68704236,55,1.385798611
2024,304,12-Jun-21,21.2181875,14.414,28.488,83.96875,42.09516975,55,1.4709375
2024,305,13-Jun-21,21.12972917,14.109,28.3,117.0069444,NA,55,1.306840278
2024,306,14-Jun-21,20.60610417,15.954,27.056,216.8159722,27.14802896,55,1.178472222
2024,307,15-Jun-21,20.02910417,15.587,26.013,186.1458333,26.65169544,55,1.800277778
2024,308,16-Jun-21,20.43258333,14.95,27.114,128.3055556,NA,55,1.184479167
2024,309,17-Jun-21,20.79160417,14.287,27.739,110.5555556,NA,55,1.231736111
2024,310,18-Jun-21,20.76752083,14.614,27.034,172.7560976,21.24982292,55,1.816620209
2024,311,19-Jun-21,19.2239375,15.781,25.591,99.52777778,51.48753273,55,1.9
2024,312,20-Jun-21,18.54222917,15.802,23.946,106.4618056,NA,55,1.466909722
2024,313,21-Jun-21,19.16054167,15.665,24.417,191.2430556,62.43213844,55,1.626493056
2024,314,22-Jun-21,NA,NA,NA,155.6319444,NA,55,1.647847222
2024,315,23-Jun-21,19.55720833,15.882,23.948,96.22569444,27.68871388,55,1.304479167
2024,316,24-Jun-21,17.9816875,15.715,22.992,151.625,NA,55,1.141076389
2024,317,25-Jun-21,19.74360417,14.329,25.352,84.90625,47.38544303,55,1.029826389
2024,318,26-Jun-21,18.98285417,15.224,23.718,136.28125,55.87994885,55,1.741284722
2024,319,27-Jun-21,20.06372917,16.559,25.81,58.24305556,NA,55,1.209965278
2024,320,28-Jun-21,NA,NA,NA,192.40625,NA,55,1.704166667
2024,321,29-Jun-21,16.64325,14.722,19.283,148.0902778,61.27358063,55,1.504131944
2024,322,30-Jun-21,18.66929167,13.1,23.118,132.2916667,NA,55,1.312395833
2024,323,01-Jul-21,19.592875,15.021,25.503,240.5972222,61.93668173,55,1.50125
2024,324,02-Jul-21,20.01075,15.805,25.697,101.8993056,81.64684146,55,1.244444444
2024,325,03-Jul-21,18.9065,16.252,23.33,111.625,54.80742069,55,1.355416667
2024,326,04-Jul-21,18.57079167,15.099,23.206,144.84375,NA,55,1.448368056
2024,327,05-Jul-21,19.1488125,15.388,25.088,71.26388889,60.92612837,55,1.211180556
2024,328,06-Jul-21,NA,NA,NA,108.3784722,NA,55,1.489479167
2024,329,07-Jul-21,19.19070833,16.117,23.924,131.6215278,NA,55,1.742083333
2024,330,08-Jul-21,17.85633333,16.389,22.491,80.92013889,49.53684929,55,1.178993056
2024,331,09-Jul-21,19.27354167,15.4,24.24,113.5729167,NA,55,1.974131944
2024,332,10-Jul-21,19.31145833,15.636,24.184,103.125,64.03470308,55,1.605416667
2024,333,11-Jul-21,19.76689583,15.63,25.411,122.5798611,80.12049635,55,1.359236111
2024,334,12-Jul-21,19.6765625,14.714,25.534,121.7395833,NA,55,1.783645833
2024,335,13-Jul-21,19.415375,14.958,24.889,189.7881944,69.35917533,55,1.651423611
2024,336,14-Jul-21,NA,NA,NA,185.4965278,NA,55,1.700659722
2024,337,15-Jul-21,19.1718125,16.288,24.052,72.47222222,60.3084635,55,1.535590278
2024,338,16-Jul-21,19.53520833,16.52,24.693,166.5555556,76.64956554,55,1.325208333
2024,339,17-Jul-21,19.21708333,14.582,24.575,95.90972222,85.7433356,55,1.402013889
,,,18.911,14.153,24.659,,92.78905863,,
