*,*,,date,tavg,tmin,tmax,grad,prec,rh,wind,,
2019,12,2,2-Dec-19,18.06770833,16.1,22.8,166.7916667,6.857,55,2.1959375,,336
2019,12,3,3-Dec-19,18.55277778,15.9,23.3,199.8368056,1.208,55,2.622118056,,337
2019,12,4,4-Dec-19,19.37604167,15.6,25.2,237.1666667,2.774,55,1.788125,,338
2019,12,5,5-Dec-19,17.81736111,15.3,23.3,160.9618056,24.993,55,1.538993056,,339
2019,12,6,6-Dec-19,18.91458333,15.2,24,230.03125,1.785,55,2.300138889,,340
2019,12,7,7-Dec-19,18.45277778,16.5,22.4,137.7465278,6.293,55,2.293298611,,341
2019,12,8,8-Dec-19,18.29930556,15.2,23.9,190.3159722,2.618,55,1.697326389,,342
2019,12,9,9-Dec-19,18.41840278,15.9,23,156.1875,7.189,55,2.0590625,,343
2019,12,10,10-Dec-19,17.64270833,15.9,20.8,160.7708333,0.816,55,2.383298611,,344
2019,12,11,11-Dec-19,18.13680556,15.6,23.1,249.8229167,0.306,55,2.617048611,,345
2019,12,12,12-Dec-19,18.26076389,13.7,24,285,0,55,2.469756944,,346
2019,12,13,13-Dec-19,18.99166667,14.6,24.4,315.6736111,0,55,2.5440625,,347
2019,12,14,14-Dec-19,18.23519164,14.6,23.8,236.533101,0.017,55,2.602891986,,348
2019,12,15,15-Dec-19,18.19756944,14.9,23.7,214.5694444,4.288,55,2.282361111,,349
2019,12,16,16-Dec-19,18.77638889,15,24.2,286.6076389,0.255,55,1.982083333,,350
2019,12,17,17-Dec-19,18.62777778,15.1,23.8,226.9548611,0,55,2.332534722,,351
2019,12,18,18-Dec-19,19.15520833,15.7,24.1,306.7395833,0,55,3.082951389,,352
2019,12,19,19-Dec-19,18.12291667,13.1,23.7,317.6041667,0,55,2.590555556,,353
2019,12,20,20-Dec-19,18.49895833,12.8,24.3,306.7673611,0.051,55,2.756284722,,354
2019,12,21,21-Dec-19,18.34791667,15.1,24.3,190.3263889,3.231,55,2.261458333,,355
2019,12,22,22-Dec-19,18.20381944,15.2,23,201.5069444,0.017,55,2.459444444,,356
2019,12,23,23-Dec-19,18.94444444,15.3,24.2,252.7083333,7.65,55,2.691944444,,357
2019,12,24,24-Dec-19,18.93055556,15.8,23.9,173.1979167,0.544,55,2.203645833,,358
2019,12,25,25-Dec-19,19.440625,15.4,24.5,268.2986111,3.948,55,2.421493056,,359
2019,12,26,26-Dec-19,18.78784722,13.9,25.1,236.8402778,15.794,55,1.506145833,,360
2019,12,27,27-Dec-19,19.81284722,16.8,26.8,240.5555556,39.313,55,1.994513889,,361
2019,12,28,28-Dec-19,18.91215278,16.4,25.6,208.2083333,18.096,55,1.875347222,,362
2019,12,29,29-Dec-19,19.68055556,16.8,24.4,231.1875,0.238,55,2.597118056,,363
2019,12,30,30-Dec-19,18.66458333,13.6,23.5,264.3159722,0,55,2.609652778,,364
2019,12,31,31-Dec-19,18.54236111,14.1,24,265.59375,0.034,55,2.221805556,,365
2020,1,1,1-Jan-20,18.84722222,13.9,24.4,310.1527778,0.051,55,2.587604167,,1
2020,1,2,2-Jan-20,18.68298611,14.7,24.7,275.4652778,0.136,55,2.725277778,,2
2020,1,3,3-Jan-20,18.93993056,14.5,23.9,244.9027778,0.85,55,2.753020833,,3
2020,1,4,4-Jan-20,18.40972222,14.5,23.5,257.28125,0.034,55,2.456736111,,4
2020,1,5,5-Jan-20,19.18819444,13.1,25.4,279.9652778,0,55,1.996284722,,5
2020,1,6,6-Jan-20,19.75590278,15.3,25.9,272.5902778,11.123,55,2.184618056,,6
2020,1,7,7-Jan-20,18.43229167,15.5,23,222.3506944,3.487,55,2.62125,,7
2020,1,8,8-Jan-20,17.44409722,15.2,22.4,185.6041667,11.92,55,2.525972222,,8
2020,1,9,9-Jan-20,18.28715278,14.6,24.5,206.5659722,2.927,55,1.7684375,,9
2020,1,10,10-Jan-20,19.46388889,15.5,25.8,259.5659722,0.034,55,1.8671875,,10
2020,1,11,11-Jan-20,19.84652778,14.7,26.3,297.84375,0.017,55,1.8375,,11
2020,1,12,12-Jan-20,19.96527778,15.9,26.9,279.0138889,0,55,1.483055556,,12
2020,1,13,13-Jan-20,17.92083333,15.9,23.4,175.5416667,18.724,55,1.962604167,,13
2020,1,14,14-Jan-20,19.29097222,15.4,24,246.3541667,0,55,2.588645833,,14
2020,1,15,15-Jan-20,19.78784722,16.2,25,305.9548611,0,55,2.671041667,,15
2020,1,16,16-Jan-20,19.39444444,16,24.3,225.9201389,0.017,55,2.725416667,,16
2020,1,17,17-Jan-20,19.29340278,15.2,25.2,201.5347222,0,55,1.765555556,,17
2020,1,18,18-Jan-20,19.81076389,15.5,26.2,265.8506944,0,55,1.714583333,,18
2020,1,19,19-Jan-20,19.684375,14.4,26,261.1875,0,55,1.840347222,,19
2020,1,20,20-Jan-20,19.85659722,14,26.5,302.1111111,0,55,1.612256944,,20
2020,1,21,21-Jan-20,20.00381944,14.8,25.6,258.7083333,0,55,1.761388889,,21
2020,1,22,22-Jan-20,19.75590278,15.8,24.2,224.4930556,0.051,55,2.070416667,,22
2020,1,23,23-Jan-20,19.33229167,16.9,24,205.7847222,0.051,55,2.313854167,,23
2020,1,24,24-Jan-20,18.97222222,17,22.8,148.625,0,55,1.707916667,,24
2020,1,25,25-Jan-20,18.95486111,16.4,24.5,190.4722222,0.272,55,2.273576389,,25
2020,1,26,26-Jan-20,18.02430556,15.7,22.7,177.6458333,16.112,55,2.373020833,,26
2020,1,27,27-Jan-20,18.13506944,15.5,22.4,181.1805556,2.808,55,2.6096875,,27
2020,1,28,28-Jan-20,17.38611111,15.3,22,165.5694444,10.697,55,2.623958333,,28
2020,1,29,29-Jan-20,19.10902778,15.9,24.3,281.2465278,0.034,55,2.207430556,,29
2020,1,30,30-Jan-20,19.23298611,16.4,24.5,280.625,0.391,55,2.263090278,,30
2020,1,31,31-Jan-20,19.72638889,15.5,25.6,244.8506944,0.119,55,2.000381944,,31
2020,2,1,1-Feb-20,18.38819444,15.2,24.1,231.1145833,38.112,55,1.987916667,,32
2020,2,2,2-Feb-20,18.5375,15.6,25.4,201.3368056,9.065,55,1.622326389,,33
2020,2,3,3-Feb-20,19.02118056,14.7,25,283.9236111,0.136,55,2.105625,,34
2020,2,4,4-Feb-20,19.09444444,14.4,24.5,284.34375,0.034,55,2.400798611,,35
2020,2,5,5-Feb-20,18.67361111,12.9,24.5,298.6354167,0.238,55,2.221875,,36
2020,2,6,6-Feb-20,18.59201389,13.9,24.8,306.28125,0.153,55,2.044513889,,37
2020,2,7,7-Feb-20,19.03576389,13,26.1,321.40625,0.187,55,2.890659722,,38
2020,2,8,8-Feb-20,18.765625,14.7,24.7,292.1423611,0.323,55,3.185,,39
2020,2,9,9-Feb-20,18.45659722,13.9,24.6,308.3958333,0.255,55,2.355972222,,40
2020,2,10,10-Feb-20,18.74409722,12,26.2,320.8784722,0.17,55,1.588333333,,41
2020,2,11,11-Feb-20,19.87048611,11.8,28.1,320.0277778,0,55,1.573715278,,42
2020,2,12,12-Feb-20,20.27916667,13.4,27,296.9097222,0,55,2.031180556,,43
2020,2,13,13-Feb-20,19.74166667,15,25.5,269.6145833,0.187,55,2.854652778,,44
2020,2,14,14-Feb-20,19.34444444,15.8,24.8,286.5416667,0.34,55,3.388055556,,45
2020,2,15,15-Feb-20,18.12083333,15.3,24.6,207.9861111,3.467,55,3.021354167,,46
2020,2,16,16-Feb-20,18.10590278,15.5,23.6,206.8333333,5.438,55,2.290138889,,47
2020,2,17,17-Feb-20,19.528125,15.5,25.5,296.5173611,0.17,55,2.773645833,,48
2020,2,18,18-Feb-20,19.40277778,14.5,25,300.0104167,0.272,55,2.519340278,,49
2020,2,19,19-Feb-20,19.85,16.1,25.8,297.6631944,0.17,55,2.547118056,,50
2020,2,20,20-Feb-20,20.39513889,14.2,26.9,321.0625,0.221,55,1.890902778,,51
2020,2,21,21-Feb-20,20.49861111,15.4,27.1,305.9930556,0.238,55,2.104513889,,52
2020,2,22,22-Feb-20,19.62256944,15.6,26.4,221.5902778,0.204,55,2.413333333,,53
2020,2,23,23-Feb-20,19.77604167,15.8,25.8,228.1284722,0.221,55,2.763958333,,54
2020,2,24,24-Feb-20,19.75138889,15.8,25.7,291.2673611,0.187,55,2.619340278,,55
2020,2,25,25-Feb-20,20.56770833,13.9,27.9,282.9930556,3.501,55,1.641736111,,56
2020,2,26,26-Feb-20,20.39305556,16.7,27.2,267.6145833,0.272,55,2.1559375,,57
2020,2,27,27-Feb-20,19.81944444,16,26.6,286.2118056,1.292,55,3.212118056,,58
2020,2,28,28-Feb-20,20.15451389,16.3,26.2,273.9548611,0.306,55,2.835763889,,59
2020,2,29,29-Feb-20,20.50486111,14.1,27.7,241.90625,0.119,55,1.621076389,,60
2020,3,1,1-Mar-20,20.04791667,14.7,28.1,181.28125,20.803,55,1.621076389,,61
2020,3,2,2-Mar-20,18.61111111,16,25.7,193.7673611,10.908,55,1.621076389,,62
2020,3,3,3-Mar-20,20.59305556,16.3,26.6,257.0520833,0.136,55,2.017777778,,63
2020,3,4,4-Mar-20,20.59340278,16.3,26.9,265.0972222,0.476,55,1.741041667,,64
2020,3,5,5-Mar-20,19.84583333,15.1,27.9,278.5833333,5.973,55,2.108333333,,65
2020,3,6,6-Mar-20,20.27361111,15,27.3,289.875,0,55,1.697881944,,66
2020,3,7,7-Mar-20,20.50277778,15.3,27.4,301.6493056,0,55,2.224548611,,67
2020,3,8,8-Mar-20,20.14236111,16,25.9,295.9166667,0.17,55,2.580069444,,68
2020,3,9,9-Mar-20,19.95416667,16.7,26.1,201.9479167,0.153,55,1.858229167,,69
2020,3,10,10-Mar-20,20.39861111,16.4,26.7,278.0243056,0.136,55,2.211770833,,70
2020,3,11,11-Mar-20,20.23576389,15.7,27.3,273.2152778,0.204,55,2.546215278,,71
2020,3,12,12-Mar-20,20.02291667,16.7,26.3,219.0173611,0.068,55,2.604097222,,72
2020,3,13,13-Mar-20,20.39166667,16.1,26.6,265.8125,0.187,55,2.645729167,,73
2020,3,14,14-Mar-20,20.29198606,14.3,27.2,261.2682927,0.102,55,2.202682927,,74
2020,3,15,15-Mar-20,20.54756944,14.8,27.9,307.3125,0.272,55,1.99625,,75
2020,3,16,16-Mar-20,21.21736111,15.4,29.5,294.5173611,0.187,55,2.373611111,,76
2020,3,17,17-Mar-20,20.83298611,15.9,27.8,246.8472222,0.187,55,2.627083333,,77
2020,3,18,18-Mar-20,20.21944444,16.3,26.9,273.8472222,0.204,55,2.910868056,,78
2020,3,19,19-Mar-20,19.72013889,15.7,26.6,266.3576389,1.36,55,2.649305556,,79
2020,3,20,20-Mar-20,20.16909722,15.3,27.1,291.2951389,0.17,55,2.903159722,,80
2020,3,21,21-Mar-20,19.66979167,15,26,307.3680556,1.429,55,3.014027778,,81
2020,3,22,22-Mar-20,19.60798611,14.6,26,309.0659722,0.102,55,2.388680556,,82
2020,3,23,23-Mar-20,20.13472222,13.5,27.9,308.7361111,0.085,55,2.314479167,,83
2020,3,24,24-Mar-20,20.34618056,15.4,28,234.8194444,0.119,55,2.530868056,,84
2020,3,25,25-Mar-20,20.35555556,16.1,27.2,162.0729167,0.085,55,1.825902778,,85
2020,3,26,26-Mar-20,19.57638889,14.8,27.4,177.1944444,25.226,55,1.758090278,,86
2020,3,27,27-Mar-20,18.96145833,15.8,25.6,208.9201389,4.898,55,1.758090278,,87
2020,3,28,28-Mar-20,19.59756944,15.2,26.1,208.0902778,11.708,55,1.831458333,,88
2020,3,29,29-Mar-20,18.77118056,14,26.6,243.7118056,19.471,55,1.9759375,,89
2020,3,30,30-Mar-20,19.55069444,15,26.9,264.5034722,0.136,55,2.004895833,,90
2020,3,31,31-Mar-20,20.22708333,16.3,26.1,267.9166667,0.068,55,2.624166667,,91
2020,4,1,1-Apr-20,19.86076389,15,26.3,297.4479167,0.34,55,2.467083333,,92
2020,4,2,2-Apr-20,19.51805556,14.1,26.2,267.6527778,0.187,55,2.224166667,,93
2020,4,3,3-Apr-20,19.71284722,15.9,25.8,277.9305556,0.187,55,2.485520833,,94
2020,4,4,4-Apr-20,19.40520833,15.1,25.3,257.6979167,0.102,55,2.295173611,,95
2020,4,5,5-Apr-20,19.77152778,15,25.9,267.3888889,0.204,55,2.637013889,,96
2020,4,6,6-Apr-20,20.06319444,16,26.6,267.8229167,0.935,55,2.685625,,97
2020,4,7,7-Apr-20,19.41597222,16.8,25.2,198.6076389,0.986,55,2.609548611,,98
2020,4,8,8-Apr-20,19.95034722,15.1,25.8,295.1319444,0.221,55,2.522395833,,99
2020,4,9,9-Apr-20,19.74583333,14.2,26.3,255.1354167,0.204,55,2.541076389,,100
2020,4,10,10-Apr-20,19.59305556,15.6,25.6,245.8194444,0.085,55,2.301701389,,101
2020,4,11,11-Apr-20,19.8875,13.3,27.3,252.3854167,0.221,55,2.161423611,,102
2020,4,12,12-Apr-20,19.96041667,12.8,27.4,224.5208333,0.17,55,1.867048611,,103
2020,4,13,13-Apr-20,19.73645833,15.3,25.8,139.3576389,0.221,55,1.911770833,,104
2020,4,14,14-Apr-20,19.87291667,15.6,27.6,166.0868056,0.068,55,1.710763889,,105
2020,4,15,15-Apr-20,19.78125,15.2,26.9,219.6701389,5.407,55,1.663229167,,106
2020,4,16,16-Apr-20,18.66875,14.7,27.3,213.7465278,0.068,55,2.101909722,,107
2020,4,17,17-Apr-20,19.81597222,14.6,26.3,165.7013889,0.102,55,2.002916667,,108
2020,4,18,18-Apr-20,19.09756944,16.1,26.9,152.7083333,26.178,55,1.848993056,,109
2020,4,19,19-Apr-20,18.54305556,16,23.2,176.0868056,1.445,55,2.714861111,,110
2020,4,20,20-Apr-20,18.85243056,15.9,24.7,177.96875,21.771,55,2.371041667,,111
2020,4,21,21-Apr-20,18.47291667,15.2,24.8,177.6631944,17.59,55,2.371041667,,112
2020,4,22,22-Apr-20,18.12465278,15.3,23.5,119.0972222,46.625,55,2.371041667,,113
2020,4,23,23-Apr-20,16.93159722,15.4,19.1,102.0243056,12.072,55,2.371041667,,114
2020,4,24,24-Apr-20,18.40763889,14.6,25.4,203.1006944,25.428,55,1.994826389,,115
2020,4,25,25-Apr-20,18.04756944,14.7,22.7,158.0520833,4.882,55,1.695,,116
2020,4,26,26-Apr-20,18.97083333,16.4,25.4,191.875,7.708,55,1.887673611,,117
2020,4,27,27-Apr-20,18.33958333,13.6,23.8,191.0520833,0.17,55,2.209270833,,118
2020,4,28,28-Apr-20,18.82465278,13.2,25.8,238.4340278,3.266,55,2.110451389,,119
2020,4,29,29-Apr-20,19.47916667,16.2,25.1,194.1388889,0.051,55,2.037291667,,120
2020,4,30,30-Apr-20,19.27777778,16,25.3,226.8472222,4.082,55,2.686354167,,121
2020,5,1,1-May-20,19.08993056,15.5,25.3,238.4479167,2.33,55,2.610729167,,122
2020,5,2,2-May-20,19.33715278,16.6,25.2,181.9444444,0.119,55,2.120902778,,123
2020,5,3,3-May-20,19.35659722,16,25.3,211.5,0,55,2.141909722,,124
2020,5,4,4-May-20,19.50590278,14.4,26.2,242.4965278,0.017,55,2.266284722,,125
2020,5,5,5-May-20,19.7,14.8,25.8,217.2638889,0.085,55,2.171041667,,126
2020,5,6,6-May-20,19.17638889,16.3,25.9,200.4513889,12.498,55,2.240868056,,127
2020,5,7,7-May-20,18.54375,16.1,24,157.4826389,0.051,55,2.465590278,,128
2020,5,8,8-May-20,18.20208333,14.3,24.2,158.7777778,0.34,55,2.326076389,,129
2020,5,9,9-May-20,19.02986111,15.7,24.4,165.9479167,0,55,1.983888889,,130
2020,5,10,10-May-20,17.02951389,14,21.9,123.8472222,13.344,55,1.8528125,,131
2020,5,11,11-May-20,17.70451389,13.5,23.5,154.4722222,0.085,55,2.038854167,,132
2020,5,12,12-May-20,18.65069444,14.8,25,165.3125,1.055,55,1.898263889,,133
2020,5,13,13-May-20,19.21979167,13.8,27,220.0034722,0.085,55,1.772604167,,134
2020,5,14,14-May-20,19.71180556,14.6,27.4,254.5277778,0.187,55,1.853090278,,135
2020,5,15,15-May-20,18.73923611,15.6,24.5,205.5069444,3.435,55,2.174826389,,136
2020,5,16,16-May-20,19.00208333,14.5,25,188.9930556,0.885,55,1.988194444,,137
2020,5,17,17-May-20,17.95520833,14.1,24.8,198.8784722,0.017,55,2.217638889,,138
2020,5,18,18-May-20,17.57534722,12.6,24.1,224.21875,0.102,55,1.675277778,,139
2020,5,19,19-May-20,18.35833333,11.6,26.2,259.7881944,0.102,55,2.080034722,,140
2020,5,20,20-May-20,18.16631944,14.4,24.8,192.84375,0.017,55,2.471736111,,141
2020,5,21,21-May-20,18.32534722,14.9,22.5,170.3506944,0,55,2.860763889,,142
2020,5,22,22-May-20,18.05625,13,24,195.5486111,0,55,2.220416667,,143
2020,5,23,23-May-20,16.878125,11.4,22.9,143.8020833,0.068,55,1.627777778,,144
2020,5,24,24-May-20,17.30625,12.5,23.7,163.84375,0.102,55,1.925,,145
2020,5,25,25-May-20,18.26875,13.1,25.4,240.1006944,0.051,55,2.0978125,,146
2020,5,26,26-May-20,18.8125,13.8,25.7,227.1423611,0.119,55,2.041319444,,147
2020,5,27,27-May-20,19.37847222,13.9,26.7,210.8923611,0.102,55,2.0740625,,148
2020,5,28,28-May-20,19.22673611,14.8,26,205.0972222,0,55,2.188854167,,149
2020,5,29,29-May-20,18.82708333,14.1,25,249.1979167,0.068,55,2.308923611,,150
2020,5,30,30-May-20,17.52291667,10.4,25.1,264.9097222,0.102,55,2.041875,,151
2020,5,31,31-May-20,17.23263889,10.5,25.2,252.2847222,0.136,55,2.253055556,,152
2020,6,1,1-Jun-20,18.09027778,13.7,24.8,193.78125,0.051,55,2.259548611,,153
2020,6,2,2-Jun-20,17.71944444,11.5,24.7,225.3715278,0.085,55,2.1303125,,154
2020,6,3,3-Jun-20,17.00451389,11.2,23.5,169.7256944,0.153,55,2.082013889,,155
2020,6,4,4-Jun-20,17.89513889,11.4,24.9,252.6805556,0.085,55,2.066805556,,156
2020,6,5,5-Jun-20,17.89895833,10.5,26,217.0763889,0,55,1.920451389,,157
2020,6,6,6-Jun-20,18.32916667,11.4,26.4,218.7604167,0.085,55,1.963125,,158
2020,6,7,7-Jun-20,18.41180556,13.1,25,189.7916667,0.017,55,2.08375,,159
2020,6,8,8-Jun-20,16.93923611,13,20,86.6875,0,55,2.744236111,,160
2020,6,9,9-Jun-20,17.62222222,12.9,24.5,180.8854167,2.329,55,2.074861111,,161
2020,6,10,10-Jun-20,16.22604167,13.3,21,93.64930556,9.491,55,2.462743056,,162
2020,6,11,11-Jun-20,17.52152778,12.6,24.7,186.2951389,0.136,55,1.737361111,,163
2020,6,12,12-Jun-20,17.61979167,14.2,24.2,162.8611111,3.437,55,1.707638889,,164
2020,6,13,13-Jun-20,17.18645833,14.1,22.7,140.4409722,0.714,55,1.899236111,,165
2020,6,14,14-Jun-20,16.65520833,14.4,21.3,139.4652778,0.425,55,3.093541667,,166
2020,6,15,15-Jun-20,16.2875,14,19.3,108.2083333,0,55,2.051145833,,167
2020,6,16,16-Jun-20,15.80590278,12.9,19.6,116.5104167,0.068,55,2.458368056,,168
2020,6,17,17-Jun-20,16.63402778,12.5,22.4,170.3090278,0,55,2.4896875,,169
2020,6,18,18-Jun-20,16.35868056,12.8,22,151.0590278,0,55,2.0171875,,170
2020,6,19,19-Jun-20,16.98125,10.1,23.7,155.2534722,0.085,55,1.935868056,,171
2020,6,20,20-Jun-20,18.00520833,12.7,25.7,183.4479167,2.383,55,2.551319444,,172
2020,6,21,21-Jun-20,17.94895833,11.4,25,185.2638889,0,55,2.158923611,,173
2020,6,22,22-Jun-20,18.16701389,13.7,24.6,167.3125,0.051,55,2.3378125,,174
2020,6,23,23-Jun-20,17.71770833,12.9,24.1,147.0416667,0,55,2.214930556,,175
2020,6,24,24-Jun-20,17.79791667,12.8,24.9,185.4722222,0.017,55,2.010833333,,176
2020,6,25,25-Jun-20,16.834375,11.7,24.5,161.3784722,0.051,55,1.932465278,,177
2020,6,26,26-Jun-20,16.621875,10.6,24.1,183.4097222,0.102,55,2.107013889,,178
2020,6,27,27-Jun-20,17.85138889,12.6,24.7,187.75,0,55,2.193576389,,179
2020,6,28,28-Jun-20,18.13263889,12.6,25.8,233.7118056,0.034,55,2.404027778,,180
2020,6,29,29-Jun-20,17.54791667,11.7,24.7,223.2465278,0.153,55,2.681875,,181
2020,6,30,30-Jun-20,16.70381944,8.1,24.9,245.7430556,0.068,55,2.254756944,,182
2020,7,1,1-Jul-20,15.84097222,10.1,22.8,108.7395833,0.119,55,1.893090278,,183
2020,7,2,2-Jul-20,16.46666667,11.9,21.9,126.6840278,0,55,2.342361111,,184
2020,7,3,3-Jul-20,16.41701389,12.3,22.8,122.8680556,0,55,2.344166667,,185
2020,7,4,4-Jul-20,16.49444444,9.5,24.5,200.7083333,0.085,55,2.3703125,,186
2020,7,5,5-Jul-20,16.47743056,12.5,21.5,106.1770833,0,55,2.215416667,,187
2020,7,6,6-Jul-20,17.35902778,13,23.1,151.7604167,0,55,2.256701389,,188
2020,7,7,7-Jul-20,16.60555556,12,22.5,124.6597222,0,55,1.936180556,,189
2020,7,8,8-Jul-20,17.24236111,12.1,22.5,133.1006944,0,55,1.944826389,,190
2020,7,9,9-Jul-20,17.06527778,11.2,24.5,131.6076389,0.102,55,2.816458333,,191
2020,7,10,10-Jul-20,15.825,11.9,22.2,133.3888889,0.034,55,3.066423611,,192
2020,7,11,11-Jul-20,15.53368056,8.3,23.9,221.8229167,0.187,55,2.211423611,,193
2020,7,12,12-Jul-20,18.12916667,11,26.2,220.0034722,0.085,55,2.049618056,,194
2020,7,13,13-Jul-20,17.13506944,10.9,22.9,137.875,0,55,2.395868056,,195
2020,7,14,14-Jul-20,17.32083333,13.2,23.4,133.1388889,0,55,1.919201389,,196
2020,7,15,15-Jul-20,16.53472222,11.8,21.9,95.03125,0,55,2.453472222,,197
2020,7,16,16-Jul-20,16.63472222,12.7,22,122.7777778,0,55,2.771979167,,198
2020,7,17,17-Jul-20,15.53784722,9.8,21.5,192.15625,0,55,2.559722222,,199
2020,7,18,18-Jul-20,15.14444444,11.6,19.8,135.8402778,0,55,2.473923611,,200
2020,7,19,19-Jul-20,15.96979167,10.1,22.3,147.9965278,0,55,2.480416667,,201
2020,7,20,20-Jul-20,15.38333333,10.5,19.3,78.37847222,0.017,55,2.083680556,,202
2020,7,21,21-Jul-20,16.77604167,11,23,132.4479167,0,55,2.273333333,,203
2020,7,22,22-Jul-20,17.42847222,13.1,23.5,197.4305556,0,55,2.641076389,,204
2020,7,23,23-Jul-20,16.95763889,12,25.6,183.5069444,0,55,2.4721875,,205
2020,7,24,24-Jul-20,16.32152778,13.1,22.9,163.5347222,0,55,2.6271875,,206
2020,7,25,25-Jul-20,17.02222222,11.5,24.4,233.7881944,0,55,2.830208333,,207
2020,7,26,26-Jul-20,16.21736111,11,23.5,156.4201389,0,55,2.398125,,208
2020,7,27,27-Jul-20,16.68784722,12.2,22.1,117.1909722,0.017,55,2.559236111,,209
2020,7,28,28-Jul-20,16.74166667,14.9,21.1,62.50347222,0,55,2.344756944,,210
2020,7,29,29-Jul-20,17.94895833,13,25.7,137.5902778,0,55,2.593576389,,211
2020,7,30,30-Jul-20,16.540625,10.3,24.4,172.5138889,0.017,55,2.660590278,,212
2020,7,31,31-Jul-20,16.75208333,10.6,24.9,117.7638889,0.085,55,2.0015625,,213
2020,8,1,1-Aug-20,17.82465278,12.2,25.7,186.0729167,0.034,55,2.673923611,,214
2020,8,2,2-Aug-20,15.41770833,8.6,23.1,228.4201389,0.068,55,2.787430556,,215
2020,8,3,3-Aug-20,15.96631944,9.9,24,238.8611111,0.051,55,3.115486111,,216
2020,8,4,4-Aug-20,17.10694444,9.7,25.3,243.90625,0.119,55,2.579652778,,217
2020,8,5,5-Aug-20,16.44131944,10,23.1,151.4861111,0.085,55,2.442118056,,218
2020,8,6,6-Aug-20,17.68993056,9.9,27.2,193.3333333,0.102,55,2.249236111,,219
2020,8,7,7-Aug-20,18.43472222,11,28.2,215.2743056,0.068,55,2.358298611,,220
2020,8,8,8-Aug-20,17.09270833,10.5,25.1,158.1041667,0.034,55,2.593333333,,221
2020,8,9,9-Aug-20,17.1,12.3,24.4,171.2083333,0,55,2.377256944,,222
2020,8,10,10-Aug-20,17.21423611,11.2,26.4,186.8055556,0.034,55,2.364513889,,223
2020,8,11,11-Aug-20,17.93854167,10.9,27.8,189.1145833,1.429,55,2.710138889,,224
2020,8,12,12-Aug-20,16.55555556,13.4,23.2,137.7881944,0.034,55,2.579583333,,225
2020,8,13,13-Aug-20,17.61840278,13.7,24,157.8819444,0.051,55,2.285590278,,226
2020,8,14,14-Aug-20,18.41736111,13.3,24.3,133.4965278,0,55,2.397083333,,227
2020,8,15,15-Aug-20,18.33159722,11.6,27.1,181.96875,0,55,2.419722222,,228
2020,8,16,16-Aug-20,16.16944444,11.5,23.6,145.65625,0,55,2.895486111,,229
2020,8,17,17-Aug-20,16.98506944,12.3,23.5,120.7881944,0.102,55,2.1709375,,230
2020,8,18,18-Aug-20,17.93645833,11.4,25.6,202.3576389,0.136,55,2.635520833,,231
2020,8,19,19-Aug-20,16.940625,13.8,21.6,98.98611111,0,55,3.228125,,232
2020,8,20,20-Aug-20,18.28055556,13.7,25.9,163.375,0,55,3.356770833,,233
2020,8,21,21-Aug-20,17.33333333,14.7,21.9,112.7013889,0,55,3.312430556,,234
2020,8,22,22-Aug-20,16.24027778,12.6,20.4,85.35069444,0,55,2.970798611,,235
2020,8,23,23-Aug-20,16.74270833,13.6,22.4,103.9826389,0,55,3.016423611,,236
2020,8,24,24-Aug-20,16.45833333,13.5,22.2,88.30902778,0.068,55,3.3078125,,237
2020,8,25,25-Aug-20,18.36458333,13.2,25.4,204.5243056,0,55,3.723472222,,238
2020,8,26,26-Aug-20,18.43472222,13.7,26.6,206.7951389,0,55,4.086388889,,239
2020,8,27,27-Aug-20,17.43020833,11.4,24.1,190.6770833,0.034,55,3.504340278,,240
2020,8,28,28-Aug-20,18.20486111,12,26.2,219.9722222,0.068,55,3.077395833,,241
2020,8,29,29-Aug-20,18.13090278,12.2,26.9,185.9270833,0,55,3.554548611,,242
2020,8,30,30-Aug-20,18.70486111,9.7,28.4,278.6597222,0.119,55,3.916875,,243
2020,8,31,31-Aug-20,18.71493056,10.6,27.8,247.7152778,0.017,55,4.312083333,,244
2020,9,1,1-Sep-20,18.14652778,12.3,26.8,227.7256944,0,55,3.847430556,,245
2020,9,2,2-Sep-20,17.97118056,10.7,25.9,270.5555556,0,55,4.461145833,,246
2020,9,3,3-Sep-20,17.29305556,11.8,24.1,120.5868056,0,55,3.208993056,,247
2020,9,4,4-Sep-20,17.34375,9.9,26.2,164.1215278,1.122,55,3.296006944,,248
2020,9,5,5-Sep-20,17.00590278,13.6,23.3,135.7152778,0.663,55,2.128506944,,249
2020,9,6,6-Sep-20,15.71875,14.3,18.1,53.41666667,0.068,55,2.631354167,,250
2020,9,7,7-Sep-20,14.95798611,13.5,17.3,76.16666667,2.057,55,2.2265625,,251
2020,9,8,8-Sep-20,15.73645833,13.5,20,65.06597222,0,55,2.167326389,,252
2020,9,9,9-Sep-20,16.56284722,11.2,23.5,153.7673611,0,55,2.741909722,,253
2020,9,10,10-Sep-20,16.85347222,10.3,23,115.9548611,0,55,2.408611111,,254
2020,9,11,11-Sep-20,17.50208333,14,23.8,145.2743056,0,55,3.338506944,,255
2020,9,12,12-Sep-20,17.85416667,11.3,25.4,165.25,0.068,55,3.084791667,,256
2020,9,13,13-Sep-20,18.90798611,9.9,26.9,276.9513889,0,55,3.493020833,,257
2020,9,14,14-Sep-20,18.35173611,10.6,26.6,219.4270833,0.102,55,3.112430556,,258
2020,9,15,15-Sep-20,18.88368056,12.6,27.2,223.7708333,0,55,3.297569444,,259
2020,9,16,16-Sep-20,20.15902778,11,29.8,278.0902778,0.153,55,3.447569444,,260
2020,9,17,17-Sep-20,18.57222222,11.1,28.5,255.7604167,0.102,55,3.239722222,,261
2020,9,18,18-Sep-20,18.70902778,12.5,26.3,255.2395833,0.017,55,4.134583333,,262
2020,9,19,19-Sep-20,18.22083333,13.4,24.6,130.9756944,0.068,55,3.23125,,263
2020,9,20,20-Sep-20,16.81076389,12,22.3,95.87152778,0.017,55,2.7890625,,264
2020,9,21,21-Sep-20,18.38020833,12,27.1,208.1145833,0.119,55,3.428125,,265
2020,9,22,22-Sep-20,19.02673611,12.7,28.2,206.3263889,0.051,55,3.688576389,,266
2020,9,23,23-Sep-20,19.11770833,11.2,27.9,286.5486111,0,55,5.838159722,,267
2020,9,24,24-Sep-20,18.23472222,14.9,24.2,123.5902778,0.017,55,4.488888889,,268
2020,9,25,25-Sep-20,18.81840278,14.7,25.5,138.4340278,0,55,4.327777778,,269
2020,9,26,26-Sep-20,18.09583333,13.8,26.9,127.8611111,22.438,55,4.327777778,,270
2020,9,27,27-Sep-20,19.46875,13.1,28.9,258.9444444,0.017,55,2.838576389,,271
2020,9,28,28-Sep-20,19.27048611,13.6,26.8,250.8020833,0.051,55,3.228715278,,272
2020,9,29,29-Sep-20,19.76597222,12.7,29,242.8645833,0.136,55,3.218923611,,273
2020,9,30,30-Sep-20,19.47118056,15.1,28,193.09375,2.739,55,3.231909722,,274
2020,10,1,1-Oct-20,20.09548611,14.3,28.4,247.0416667,0,55,3.313472222,,275
2020,10,2,2-Oct-20,19.81180556,13,27.9,215.1180556,0,55,3.8878125,,276
2020,10,3,3-Oct-20,19.60208333,11.2,28.3,262.8194444,0.085,55,3.773368056,,277
2020,10,4,4-Oct-20,19.96736111,11,28.9,289.875,0.119,55,3.778159722,,278
2020,10,5,5-Oct-20,19.97951389,11.1,29,285.8194444,0.102,55,4.325590278,,279
2020,10,6,6-Oct-20,20.51805556,11.8,29.5,255.3784722,0.102,55,3.443055556,,280
2020,10,7,7-Oct-20,20.11701389,9.6,28.4,283.7013889,0,55,6.337916667,,281
2020,10,8,8-Oct-20,20.11840278,11.1,28.5,281.9444444,0.068,55,5.620381944,,282
2020,10,9,9-Oct-20,20.559375,13,29.6,257.0798611,0.085,55,5.627847222,,283
2020,10,10,10-Oct-20,19.79305556,15.6,29.4,193.6423611,1.207,55,3.782048611,,284
2020,10,11,11-Oct-20,21.0375,14.3,30.1,229.2986111,0.017,55,5.528993056,,285
2020,10,12,12-Oct-20,20.625,14.7,28.8,209.0590278,0.068,55,4.903645833,,286
2020,10,13,13-Oct-20,20.73125,12.6,29.8,230.0243056,0.102,55,6.2678125,,287
2020,10,14,14-Oct-20,20.10833333,14.3,28.1,203.0034722,0.034,55,7.053402778,,288
2020,10,15,15-Oct-20,20.34270833,12.6,28.8,259.96875,0.085,55,5.924131944,,289
2020,10,16,16-Oct-20,20.18645833,14.1,27.2,197.75,0.034,55,5.409583333,,290
2020,10,17,17-Oct-20,19.41631944,12.4,27.1,149.0972222,0,55,5.794375,,291
2020,10,18,18-Oct-20,19.75694444,15.6,25.1,125.5555556,0,55,6.696041667,,292
2020,10,19,19-Oct-20,18.18298611,13,24.8,115.2430556,2.619,55,4.296284722,,293
2020,10,20,20-Oct-20,18.58611111,14.8,23.6,133.6145833,2.465,55,2.258923611,,294
2020,10,21,21-Oct-20,20.41145833,14.4,27.9,218.2152778,0.119,55,4.702291667,,295
2020,10,22,22-Oct-20,19.09201389,11.5,27.1,234.8055556,0.068,55,3.821597222,,296
2020,10,23,23-Oct-20,19.8375,11.6,28.1,233.5798611,0.136,55,3.5525,,297
2020,10,24,24-Oct-20,20.34895833,13.5,27.7,198.4548611,0,55,4.1915625,,298
2020,10,25,25-Oct-20,19.11149425,14.4,25.5,259.2413793,0,55,4.713390805,,299
2020,10,26,26-Oct-20,19.11149425,14.4,25.5,259.2413793,0,55,4.713390805,,300
2020,10,27,27-Oct-20,19.11149425,14.4,25.5,259.2413793,0,55,4.713390805,,301
2020,10,28,28-Oct-20,19.07,16.8,25,44.28888889,0.476,55,3.766888889,,302
2020,10,29,29-Oct-20,17.94548611,15.6,22.9,141.9097222,5.581,55,3.31125,,303
2020,10,30,30-Oct-20,16.14513889,11.1,22.5,111.8611111,1.632,55,2.388368056,,304
2020,10,31,31-Oct-20,18.50104167,13.9,25.5,221.7569444,0,55,2.565590278,,305
2020,11,1,1-Nov-20,18.54548611,12.3,26.1,247.5520833,0.187,55,3.305451389,,306
2020,11,2,2-Nov-20,18.80243056,13.2,25.9,275.4826389,0.187,55,3.747291667,,307
2020,11,3,3-Nov-20,18.91597222,15.2,24.9,192.0590278,0,55,4.193888889,,308
2020,11,4,4-Nov-20,18.59479167,15.5,25.7,221.7916667,6.582,55,2.961284722,,309
2020,11,5,5-Nov-20,18.82743056,15.7,25.3,177.2361111,0.153,55,2.478854167,,310
2020,11,6,6-Nov-20,19.078125,15.7,25.7,193.9340278,2.652,55,2.213958333,,311
2020,11,7,7-Nov-20,19.32326389,14.9,26.9,230.0729167,0.085,55,2.356215278,,312
2020,11,8,8-Nov-20,19.234375,13.7,26.3,216.2881944,4.27,55,2.720555556,,313
2020,11,9,9-Nov-20,18.78645833,15.7,25.2,200.9479167,0.136,55,2.0575,,314
2020,11,10,10-Nov-20,19.28298611,15.5,25.4,219.6319444,1.649,55,2.544756944,,315
2020,11,11,11-Nov-20,18.36319444,15.4,24.4,193.3993056,8.677,55,2.228229167,,316
2020,11,12,12-Nov-20,19.59756944,14.7,26.3,248.2291667,1.564,55,3.031215278,,317
2020,11,13,13-Nov-20,19.08368056,15.4,25.5,248.4409722,14.358,55,3.031215278,,318
2020,11,14,14-Nov-20,18.29895833,15.7,23.5,178.3298611,9.015,55,3.031215278,,319
2020,11,15,15-Nov-20,19.01006944,13.9,25.9,244.3923611,0.187,55,2.104930556,,320
2020,11,16,16-Nov-20,19.08472222,15.2,24.6,203.59375,0.221,55,2.444270833,,321
2020,11,17,17-Nov-20,18.86111111,13.7,25.6,230.5138889,0.119,55,2.410486111,,322
2020,11,18,18-Nov-20,19.81770833,13.6,26.9,280.9965278,0.051,55,2.505347222,,323
2020,11,19,19-Nov-20,19.83402778,13.9,27.7,269.6145833,0.068,55,2.385,,324
2020,11,20,20-Nov-20,18.71840278,14.9,25.5,178.2083333,7.145,55,2.271354167,,325
2020,11,21,21-Nov-20,19.61805556,14.3,26.3,270.4375,0.017,55,2.4565625,,326
2020,11,22,22-Nov-20,19.55277778,15.2,25.8,268.7256944,1.598,55,2.123611111,,327
2020,11,23,23-Nov-20,19.73159722,15.4,26.5,208.6944444,0.102,55,1.717152778,,328
2020,11,24,24-Nov-20,19.77708333,15.1,26.7,265.0138889,1.938,55,1.8096875,,329
2020,11,25,25-Nov-20,19.94444444,13.3,28,282.1527778,0.204,55,1.972361111,,330
2020,11,26,26-Nov-20,19.48541667,14.1,27.9,246.7361111,0.085,55,2.082430556,,331
2020,11,27,27-Nov-20,19.43159722,15.7,25.5,256.5104167,5.612,55,2.303819444,,332
2020,11,28,28-Nov-20,17.74375,15.5,23.3,160.5625,18.968,55,2.303819444,,333
2020,11,29,29-Nov-20,17.49826389,14.9,22.1,144.9131944,7.025,55,1.563506944,,334
2020,11,30,30-Nov-20,19.13472222,13.2,26.1,205.1909722,0.187,55,1.686597222,,335
2020,12,1,1-Dec-20,19.18611111,13.9,26.4,170.0520833,0.187,55,2.082986111,,336
2020,12,2,2-Dec-20,19.27326389,15.7,25.4,240.6597222,0.085,55,2.293368056,,337
2020,12,3,3-Dec-20,18.29131944,14.1,25.2,207.375,0.204,55,2.120833333,,338
2020,12,4,4-Dec-20,17.54652778,12.8,24.4,193.2881944,0.153,55,2.189826389,,339
2020,12,5,5-Dec-20,18.14791667,12.1,25.2,247.6354167,0.272,55,1.713090278,,340
2020,12,6,6-Dec-20,19.17986111,12.9,26.4,280.7708333,0.255,55,1.7671875,,341
2020,12,7,7-Dec-20,19.94513889,15.2,26.7,277.46875,0.221,55,1.968923611,,342
2020,12,8,8-Dec-20,19.20451389,15.2,26.1,275.9409722,0.527,55,2.421215278,,343
2020,12,9,9-Dec-20,18.671875,14.5,25.2,199.9166667,0.17,55,2.419791667,,344
2020,12,10,10-Dec-20,19.21215278,15.1,25.5,233.4097222,0.034,55,2.445,,345
2020,12,11,11-Dec-20,19.04895833,12.7,26.4,276.1875,0.204,55,2.205,,346
2020,12,12,12-Dec-20,18.88159722,12,25.8,284.2083333,0.221,55,2.2534375,,347
2020,12,13,13-Dec-20,19.25034722,13.9,26.3,275.1701389,0.17,55,2.872638889,,348
2020,12,14,14-Dec-20,18.98784722,12.2,26.5,289.2395833,0.153,55,2.0440625,,349
2020,12,15,15-Dec-20,19.04236111,11.6,26.8,262,0.085,55,1.843715278,,350
2020,12,16,16-Dec-20,18.96145833,12.2,26.2,281.3958333,0.153,55,2.148020833,,351
2020,12,17,17-Dec-20,19.09340278,13.8,25.8,264.8888889,0.136,55,2.430416667,,352
2020,12,18,18-Dec-20,18.71631944,13.2,26.1,247.4479167,0.051,55,2.409513889,,353
2020,12,19,19-Dec-20,19.29861111,13.6,26.6,230.2673611,0.102,55,2.287361111,,354
2020,12,20,20-Dec-20,18.971875,13,26.7,275.0069444,0.153,55,2.510208333,,355
2020,12,21,21-Dec-20,19.30173611,13.1,26.6,269.2326389,0.153,55,2.525173611,,356
2020,12,22,22-Dec-20,19.87013889,13.8,27.2,250.9097222,0.136,55,2.195902778,,357
2020,12,23,23-Dec-20,18.95069444,11.6,26.6,198.4340278,0.238,55,2.5846875,,358
2020,12,24,24-Dec-20,20.61979167,16.2,27.6,245.0173611,0,55,2.496388889,,359
2020,12,25,25-Dec-20,20.52118056,13.1,28.3,241.9756944,0.085,55,2.260486111,,360
2020,12,26,26-Dec-20,20.22569444,14.3,27.5,273.6354167,0.034,55,2.610555556,,361
2020,12,27,27-Dec-20,18.690625,11.6,26,277.5381944,0.051,55,2.488611111,,362
2020,12,28,28-Dec-20,18.88402778,10.8,27.1,281.8784722,0,55,2.705243056,,363
2020,12,29,29-Dec-20,19.01944444,12.4,26.4,260.4027778,0,55,2.358611111,,364
2020,12,30,30-Dec-20,20.12604167,13.2,26.9,242.3819444,0,55,2.823958333,,365
2020,12,31,31-Dec-20,17.71006944,14.4,24.6,141.0173611,14.678,55,2.823958333,,366
2021,1,1,1-Jan-21,17.66388889,14,23.6,188.1180556,7.045,55,1.900451389,,1
2021,1,2,2-Jan-21,18.61527778,12.8,25.1,272.4027778,0.204,55,1.969652778,,2
2021,1,3,3-Jan-21,19.23020833,13.6,26.5,286.28125,0.187,55,2.082881944,,3
2021,1,4,4-Jan-21,19.20069444,13,26.6,280.5868056,0.085,55,2.016319444,,4
2021,1,5,5-Jan-21,18.83680556,12.8,26,285.1006944,0.153,55,2.236840278,,5
2021,1,6,6-Jan-21,19.33368056,13,26.4,282.4965278,0.17,55,2.284513889,,6
2021,1,7,7-Jan-21,19.54479167,13.9,26.7,283.5625,0.119,55,1.992569444,,7
2021,1,8,8-Jan-21,19.44583333,12.7,26.8,263.6944444,0.408,55,2.002569444,,8
2021,1,9,9-Jan-21,19.03576389,15.9,26.7,163.0694444,1.462,55,1.840277778,,9
2021,1,10,10-Jan-21,17.23020833,15.6,22.1,71.90277778,14.711,55,1.671631944,,10
2021,1,11,11-Jan-21,18.11944444,16,22.5,169.1354167,4.78,55,1.973680556,,11
2021,1,12,12-Jan-21,18.50798611,16,22.7,166.1979167,0,55,2.178993056,,12
2021,1,13,13-Jan-21,18.78125,14.9,24.5,256.4340278,0.017,55,1.960520833,,13
2021,1,14,14-Jan-21,18.79722222,13.3,25.7,280.7743056,0.136,55,2.280625,,14
2021,1,15,15-Jan-21,18.79340278,12.8,26,276.2951389,0.238,55,1.87375,,15
2021,1,16,16-Jan-21,19.46770833,12.6,26.6,276.125,0.221,55,1.819305556,,16
2021,1,17,17-Jan-21,19.95729167,13.4,26.9,177.9479167,0.204,55,2.014895833,,17
2021,1,18,18-Jan-21,20.61909722,14.2,27.6,195.6979167,0.034,55,2.048576389,,18
2021,1,19,19-Jan-21,20.38090278,16,27.2,229.4826389,0,55,2.121284722,,19
2021,1,20,20-Jan-21,20.05520833,12.8,27.6,279.3472222,0,55,1.968090278,,20
2021,1,21,21-Jan-21,19.52013889,13.4,26.1,259.5833333,0,55,2.134756944,,21
2021,1,22,22-Jan-21,18.97152778,14.8,26.3,189.5104167,0,55,2.867604167,,22
2021,1,23,23-Jan-21,19.34166667,15.3,25.8,232.2638889,0,55,3.156979167,,23
2021,1,24,24-Jan-21,19.61875,12.4,27.1,263.2326389,0.187,55,2.322777778,,24
2021,1,25,25-Jan-21,19.34791667,14.9,27.3,230.9027778,0.102,55,2.516527778,,25
2021,1,26,26-Jan-21,19.08159722,11.3,26.9,294.2951389,0.136,55,2.066354167,,26
2021,1,27,27-Jan-21,19.06631944,11.3,27.2,288.5520833,0.085,55,2.206701389,,27
2021,1,28,28-Jan-21,19.54409722,11.4,27.5,287.0451389,0.051,55,2.173854167,,28
2021,1,29,29-Jan-21,19.940625,12.9,27.5,272.6006944,0.153,55,2.615104167,,29
2021,1,30,30-Jan-21,19.83645833,13,27.3,275.3194444,0.085,55,2.224861111,,30
2021,1,31,31-Jan-21,19.21145833,11.7,27.2,293.5763889,0.017,55,2.276076389,,31
2021,2,1,1-Feb-21,19.02604167,11,27,289.6597222,0,55,2.118993056,,32
2021,2,2,2-Feb-21,20.43090278,10.7,28.4,288.6215278,0,55,2.321493056,,33
2021,2,3,3-Feb-21,21.09270833,15.5,27.9,280.0277778,0,55,2.495486111,,34
2021,2,4,4-Feb-21,20.52048611,11.6,28.6,291.6041667,0.102,55,1.974236111,,35
2021,2,5,5-Feb-21,20.86145833,13.3,28.8,277.3715278,0,55,1.828402778,,36
2021,2,6,6-Feb-21,19.54375,13.9,27.9,166.6145833,16.563,55,1.828402778,,37
2021,2,7,7-Feb-21,18.78090278,15.8,25.6,138.8993056,12.364,55,1.828402778,,38
2021,2,8,8-Feb-21,17.196875,15.3,20.5,79.21527778,18.015,55,1.411805556,,39
2021,2,9,9-Feb-21,18.18923611,15.2,22.9,149.0486111,0.085,55,2.376875,,40
2021,2,10,10-Feb-21,19.08611111,15.9,24.1,170.7847222,0.068,55,2.140138889,,41
2021,2,11,11-Feb-21,19.16805556,16.1,22.4,106.7604167,0,55,1.508055556,,42
2021,2,12,12-Feb-21,19.85486111,16.5,25.3,178.1701389,0.221,55,1.847534722,,43
2021,2,13,13-Feb-21,18.67638889,14.7,22.7,111.1041667,7.434,55,1.482430556,,44
2021,2,14,14-Feb-21,18.26493056,14.5,25.3,150.2361111,30.447,55,1.482430556,,45
2021,2,15,15-Feb-21,20.15451389,15.7,25.9,269.375,0.034,55,2.118402778,,46
2021,2,16,16-Feb-21,19.60034722,14.2,25.7,273.9965278,0,55,1.878993056,,47
2021,2,17,17-Feb-21,19.321875,13.5,26.1,287.6840278,0.153,55,2.008333333,,48
2021,2,18,18-Feb-21,19.1,13.3,26,273.7395833,0.153,55,1.981145833,,49
2021,2,19,19-Feb-21,20.07881944,12.5,27.4,284.46875,0.017,55,1.559513889,,50
2021,2,20,20-Feb-21,19.38715278,13.1,26.4,193.3229167,0.068,55,1.971319444,,51
2021,2,21,21-Feb-21,19.79618056,15,26.8,199.7604167,0.272,55,1.9703125,,52
2021,2,22,22-Feb-21,17.36493056,15,21.8,94.67708333,6.294,55,1.9025,,53
2021,2,23,23-Feb-21,19.671875,14.7,25.8,194.2673611,2.382,55,1.892222222,,54
2021,2,24,24-Feb-21,18.93194444,13.1,25,225.4027778,0.102,55,1.353368056,,55
2021,2,25,25-Feb-21,19.39375,13.8,26.1,258.8368056,0,55,1.618020833,,56
2021,2,26,26-Feb-21,19.29027778,12.4,27.1,290.0763889,0.017,55,1.4359375,,57
2021,2,27,27-Feb-21,20.37326389,12.3,28.3,295.9895833,0,55,1.794895833,,58
2021,2,28,28-Feb-21,20.94236111,13,28.9,289.34375,0,55,1.977326389,,59
2021,3,1,1-Mar-21,20.659375,13.5,27.9,283.3472222,0,55,2.059027778,,60
2021,3,2,2-Mar-21,19.74583333,14.9,26.8,254.2118056,0.068,55,2.069201389,,61
2021,3,3,3-Mar-21,20.07638889,12.1,27.5,287.3159722,0,55,2.426805556,,62
2021,3,4,4-Mar-21,19.62430556,13.8,26.1,222.09375,0,55,2.246180556,,63
2021,3,5,5-Mar-21,20.97361111,14.2,27.1,262.0451389,0,55,2.106875,,64
2021,3,6,6-Mar-21,21.06111111,16.1,27.3,282.3645833,0,55,2.035659722,,65
2021,3,7,7-Mar-21,20.81770833,13.6,28.4,271.9513889,0,55,1.764236111,,66
2021,3,8,8-Mar-21,20.70104167,14.8,27.5,285.2534722,0.051,55,1.963611111,,67
2021,3,9,9-Mar-21,20.16111111,13.5,27.5,284.9409722,0,55,1.965625,,68
2021,3,10,10-Mar-21,19.60555556,13,27.5,288.1875,0.102,55,1.744722222,,69
2021,3,11,11-Mar-21,20.88472222,12.2,28.7,298.5520833,0.051,55,2.085416667,,70
2021,3,12,12-Mar-21,19.89270833,12,27.4,296.3541667,0.085,55,1.725902778,,71
2021,3,13,13-Mar-21,20.12465278,12.4,28,291.6875,0.051,55,1.801284722,,72
2021,3,14,14-Mar-21,20.53715278,12.5,28.9,289.7881944,0.051,55,1.828923611,,73
2021,3,15,15-Mar-21,20.703125,13.8,28.4,292.9270833,0.051,55,1.753368056,,74
2021,3,16,16-Mar-21,20.55520833,12.3,27.6,260.4166667,0,55,2.002951389,,75
2021,3,17,17-Mar-21,20.6125,13.8,27.6,275.3576389,0,55,2.168541667,,76
2021,3,18,18-Mar-21,20.85138889,14.6,28.1,263.0416667,0.034,55,1.554097222,,77
2021,3,19,19-Mar-21,20.95486111,15.3,27.9,274.3784722,0,55,1.849479167,,78
2021,3,20,20-Mar-21,20.765625,15.1,28.1,248.1388889,0.051,55,1.925798611,,79
2021,3,21,21-Mar-21,20.60833333,14.7,27.2,240.6493056,0,55,2.550277778,,80
2021,3,22,22-Mar-21,20.36319444,12.8,27.9,229.7361111,0.034,55,1.776180556,,81
2021,3,23,23-Mar-21,20.68020833,14.8,28.2,199.2395833,0,55,2.152638889,,82
2021,3,24,24-Mar-21,20.59305556,15.8,28.2,224.2638889,0.051,55,1.882222222,,83
2021,3,25,25-Mar-21,21.31041667,13.8,29.3,287.1597222,0.085,55,1.781388889,,84
2021,3,26,26-Mar-21,21.21006944,14.5,28.4,232.78125,0,55,1.628958333,,85
2021,3,27,27-Mar-21,21.46111111,16.4,28.8,195.9722222,0.187,55,1.8884375,,86
2021,3,28,28-Mar-21,19.428125,15.1,27.5,212.8784722,7.225,55,1.788506944,,87
2021,3,29,29-Mar-21,21.07916667,15.2,28.1,255.8541667,0.068,55,1.908611111,,88
2021,3,30,30-Mar-21,20.09201389,15.9,26.5,235.1215278,10.882,55,2.249166667,,89
2021,3,31,31-Mar-21,20.02916667,15.6,27.1,241.1770833,7.012,55,1.705138889,,90
2021,4,1,1-Apr-21,20.30416667,15.1,26.8,226.7083333,0,55,1.6828125,,91
2021,4,2,2-Apr-21,20.74756944,15.3,27.6,221.7256944,0.017,55,1.569513889,,92
2021,4,3,3-Apr-21,20.97048611,15.6,27.9,236.34375,0,55,2.088263889,,93
2021,4,4,4-Apr-21,20.13194444,15.8,26.8,209.9166667,5.202,55,1.569513889,,94
2021,4,5,5-Apr-21,19.46076389,15.3,24.8,230.0868056,5.46,55,1.569513889,,95
2021,4,6,6-Apr-21,19.94479167,16.5,25.7,224.8298611,5.581,55,1.563576389,,96
2021,4,7,7-Apr-21,19.78784722,15.3,25.3,257.0451389,2.276,55,1.638020833,,97
2021,4,8,8-Apr-21,19.84722222,16.6,25.7,246.8229167,0.442,55,1.735416667,,98
2021,4,9,9-Apr-21,17.95,15.3,23.5,88.88541667,12.345,55,1.735416667,,99
2021,4,10,10-Apr-21,19.61111111,14.9,25.7,222.2604167,1.055,55,1.789131944,,100
2021,4,11,11-Apr-21,19.00277778,13.8,25.3,232.5833333,0,55,1.863715278,,101
2021,4,12,12-Apr-21,19.33194444,14.4,25.7,225.8159722,0,55,1.5678125,,102
2021,4,13,13-Apr-21,19.25243056,15.5,25.7,212.7361111,0.153,55,1.462604167,,103
2021,4,14,14-Apr-21,18.91631944,16,24.8,149.1319444,0.68,55,1.796041667,,104
2021,4,15,15-Apr-21,19.809375,15,26,263.0972222,0.119,55,1.340833333,,105
2021,4,16,16-Apr-21,19.93784722,14.6,26.8,269.1944444,0.102,55,1.495798611,,106
2021,4,17,17-Apr-21,19.965625,14.8,26.6,196.5625,0.085,55,1.5534375,,107
2021,4,18,18-Apr-21,19.63576389,15.9,25.5,166.0138889,0,55,2.132152778,,108
2021,4,19,19-Apr-21,19.79305556,14.8,26.4,209.2986111,0,55,1.673854167,,109
2021,4,20,20-Apr-21,19.59895833,14.5,26.7,231.9826389,0.068,55,1.637569444,,110
2021,4,21,21-Apr-21,19.83194444,15.2,26.9,178.3229167,8.857,55,1.637569444,,111
2021,4,22,22-Apr-21,19.72256944,15.1,25.1,204.4409722,1.564,55,1.637569444,,112
2021,4,23,23-Apr-21,19.28784722,15.5,24.9,149.9027778,1.224,55,1.607256944,,113
2021,4,24,24-Apr-21,19.80868056,16.4,25.7,247.9756944,2.501,55,1.641840278,,114
2021,4,25,25-Apr-21,19.42951389,15.8,24.8,243.9756944,14.338,55,1.401493056,,115
2021,4,26,26-Apr-21,19.37604167,15,25.8,222.7152778,0.153,55,1.165,,116
2021,4,27,27-Apr-21,19.89826389,15.7,25.3,231.2326389,0.017,55,1.357048611,,117
2021,4,28,28-Apr-21,19.721875,16.6,25,203.7569444,0.68,55,1.804444444,,118
2021,4,29,29-Apr-21,19.59791667,15.4,25.4,243.3680556,1.632,55,1.953229167,,119
2021,4,30,30-Apr-21,20.09583333,15.5,26,234.2881944,1.447,55,1.725972222,,120
2021,5,1,1-May-21,20.15208333,14.7,26.8,238.8784722,0.051,55,1.417222222,,121
2021,5,2,2-May-21,19.55590278,15.4,25.8,174.2222222,0.612,55,1.4303125,,122
2021,5,3,3-May-21,19.65034722,17,25.3,163.7326389,0.136,55,1.910694444,,123
2021,5,4,4-May-21,19.21145833,13.8,25.2,144.53125,0,55,1.385555556,,124
2021,5,5,5-May-21,19.15694444,15.5,25.1,159.5590278,0.459,55,1.728888889,,125
2021,5,6,6-May-21,19.22152778,14.7,24.7,162.625,0,55,1.201979167,,126
2021,5,7,7-May-21,18.85,14.5,24,108.1076389,0.034,55,1.5909375,,127
2021,5,8,8-May-21,19.62326389,15.6,26.8,167.8645833,0,55,1.954166667,,128
2021,5,9,9-May-21,18.40590278,15.6,22.5,108.78125,22.835,55,2.264791667,,129
2021,5,10,10-May-21,17.48020833,15,22.8,128.0069444,27.579,55,2.264791667,,130
2021,5,11,11-May-21,17.28298611,15.2,22.6,102.3819444,34.065,55,2.264791667,,131
2021,5,12,12-May-21,17.28263889,14.9,21.9,132.6284722,39.684,55,2.264791667,,132
2021,5,13,13-May-21,17.81319444,14.9,23.2,162.5138889,4.063,55,2.264791667,,133
2021,5,14,14-May-21,18.19236111,15.4,23.3,203.6666667,0,55,1.722291667,,134
2021,5,15,15-May-21,18.12326389,12.9,24.1,199.3229167,0.102,55,1.274895833,,135
2021,5,16,16-May-21,18.34305556,13.4,23.8,191.7743056,0.068,55,1.716458333,,136
2021,5,17,17-May-21,18.37118056,13.6,24.1,217.6041667,0.034,55,1.323611111,,137
2021,5,18,18-May-21,18.62465278,14.5,24.3,208.9166667,0.204,55,1.572222222,,138
2021,5,19,19-May-21,18.25868056,14.7,24.1,179.8055556,0.017,55,1.34,,139
2021,5,20,20-May-21,18.21180556,13.6,24.2,198.0972222,0.034,55,1.387118056,,140
2021,5,21,21-May-21,17.59305556,13.3,24,166.8368056,0,55,1.467951389,,141
2021,5,22,22-May-21,17.84652778,14,23.1,196.2881944,0,55,1.301527778,,142
2021,5,23,23-May-21,17.34166667,14,22.7,154.0798611,0.017,55,1.918333333,,143
2021,5,24,24-May-21,17.32638889,13.3,21.8,149.4791667,0,55,2.222604167,,144
2021,5,25,25-May-21,17.27326389,11.5,23,180.3958333,0.068,55,1.921944444,,145
2021,5,26,26-May-21,16.53402778,12.5,22.2,188.3819444,0,55,1.868576389,,146
2021,5,27,27-May-21,16.75277778,11,23.2,206.2986111,0.17,55,1.469652778,,147
2021,5,28,28-May-21,17.18541667,13.1,23.8,148.1284722,0.034,55,1.400486111,,148
2021,5,29,29-May-21,17.88611111,14.3,23.3,171.8784722,0.051,55,1.698819444,,149
2021,5,30,30-May-21,17.50243056,14.3,21.8,151.0694444,0,55,1.738923611,,150
2021,5,31,31-May-21,16.86805556,14.1,22.4,169.3958333,0,55,1.467361111,,151
2021,6,1,1-Jun-21,16.959375,12.8,22.5,206.6354167,0,55,2.002291667,,152
2021,6,2,2-Jun-21,16.59375,10.7,23.2,219.1979167,0,55,1.317013889,,153
2021,6,3,3-Jun-21,17.43888889,11.2,23.7,190.2048611,0,55,1.304930556,,154
2021,6,4,4-Jun-21,17.39652778,13.8,22.5,187,0,55,1.357152778,,155
2021,6,5,5-Jun-21,16.98506944,13.4,22.5,131.0694444,0,55,1.283333333,,156
2021,6,6,6-Jun-21,17.54583333,13.5,23.3,176.0208333,0,55,1.506701389,,157
2021,6,7,7-Jun-21,17.21180556,12.7,23.6,172.34375,0,55,1.285208333,,158
2021,6,8,8-Jun-21,15.92743056,10,22.3,188.0243056,0,55,1.434131944,,159
2021,6,9,9-Jun-21,16.47916667,12.6,20.8,98.10069444,0,55,1.285590278,,160
2021,6,10,10-Jun-21,16.84131944,12.9,22.2,133.3923611,0,55,1.3584375,,161
2021,6,11,11-Jun-21,16.41388889,11,21.5,177.53125,0,55,1.385798611,,162
2021,6,12,12-Jun-21,15.29756944,11.9,18.1,83.96875,0,55,1.4709375,,163
2021,6,13,13-Jun-21,16.06944444,10.9,21.8,117.0069444,0,55,1.306840278,,164
2021,6,14,14-Jun-21,16.921875,9.8,25.2,216.8159722,0,55,1.178472222,,165
2021,6,15,15-Jun-21,16.73784722,10.4,23.7,186.1458333,0,55,1.800277778,,166
2021,6,16,16-Jun-21,16.55069444,13.3,21.5,128.3055556,0,55,1.184479167,,167
2021,6,17,17-Jun-21,16.03506944,12.5,21,110.5555556,0,55,1.231736111,,168
2021,6,18,18-Jun-21,17.39233449,12.7,23.2,172.7560976,0,55,1.816620209,,169
2021,6,19,19-Jun-21,16.59826389,13.3,21.5,99.52777778,0.085,55,1.9,,170
2021,6,20,20-Jun-21,15.74965278,12.3,20.3,106.4618056,0,55,1.466909722,,171
2021,6,21,21-Jun-21,16.56215278,10,22.7,191.2430556,0,55,1.626493056,,172
2021,6,22,22-Jun-21,15.78229167,11.9,21.8,155.6319444,0.119,55,1.647847222,,173
2021,6,23,23-Jun-21,15.47638889,11.8,19.6,96.22569444,0,55,1.304479167,,174
2021,6,24,24-Jun-21,16.40069444,11.4,23.2,151.625,0.017,55,1.141076389,,175
2021,6,25,25-Jun-21,14.85451389,9.9,19.4,84.90625,0,55,1.029826389,,176
2021,6,26,26-Jun-21,15.94618056,10.9,22,136.28125,0,55,1.741284722,,177
2021,6,27,27-Jun-21,14.45416667,11.2,17.1,58.24305556,0.085,55,1.209965278,,178
2021,6,28,28-Jun-21,16.90486111,13,22.6,192.40625,0,55,1.704166667,,179
2021,6,29,29-Jun-21,16.35729167,13,22.5,148.0902778,0,55,1.504131944,,180
2021,6,30,30-Jun-21,16.27430556,12.2,21.6,132.2916667,0,55,1.312395833,,181
2021,7,1,1-Jul-21,16.83402778,9.2,24.2,240.5972222,0.051,55,1.50125,,182
2021,7,2,2-Jul-21,15.18854167,11.5,19.7,101.8993056,0,55,1.244444444,,183
2021,7,3,3-Jul-21,15.15902778,10.5,20.8,111.625,0,55,1.355416667,,184
2021,7,4,4-Jul-21,15.62986111,10.8,20.2,144.84375,0,55,1.448368056,,185
2021,7,5,5-Jul-21,14.96319444,11.9,18.4,71.26388889,0,55,1.211180556,,186
2021,7,6,6-Jul-21,15.25381944,13.1,19.7,108.3784722,0,55,1.489479167,,187
2021,7,7,7-Jul-21,16.18993056,11.8,20.1,131.6215278,0,55,1.742083333,,188
2021,7,8,8-Jul-21,16.05451389,12.9,20.1,80.92013889,0.051,55,1.178993056,,189
2021,7,9,9-Jul-21,15.73541667,13.4,19.9,113.5729167,0,55,1.974131944,,190
2021,7,10,10-Jul-21,15.55381944,12.7,19.9,103.125,0,55,1.605416667,,191
2021,7,11,11-Jul-21,16.63958333,11.8,20.9,122.5798611,0,55,1.359236111,,192
2021,7,12,12-Jul-21,15.84097222,13.4,20,121.7395833,0,55,1.783645833,,193
2021,7,13,13-Jul-21,17.40416667,11.1,23.5,189.7881944,0,55,1.651423611,,194
2021,7,14,14-Jul-21,17.40868056,13.2,23.7,185.4965278,0,55,1.700659722,,195
2021,7,15,15-Jul-21,16.56527778,14,20.2,72.47222222,0,55,1.535590278,,196
2021,7,16,16-Jul-21,17.06111111,12.7,23,166.5555556,0,55,1.325208333,,197
2021,7,17,17-Jul-21,15.30243056,11.4,19.4,95.90972222,0,55,1.402013889,,198
2021,7,18,18-Jul-21,16.28923611,13.7,20.9,100.5659722,0,55,1.252847222,,199
2021,7,19,19-Jul-21,16.52604167,12.1,22.5,131.8888889,0,55,1.340659722,,200
2021,7,20,20-Jul-21,16.60277778,11.1,23,132.4722222,0,55,1.723472222,,201
2021,7,21,21-Jul-21,16.86597222,13.4,22.8,165.03125,0,55,1.973402778,,202
2021,7,22,22-Jul-21,17.57569444,11.1,24.5,218.3402778,0,55,1.57125,,203
2021,7,23,23-Jul-21,17.48055556,14.4,22.1,113.0208333,0,55,1.487951389,,204
2021,7,24,24-Jul-21,18.21666667,13.4,24,217.9652778,0,55,3.16,,205
2021,7,25,25-Jul-21,16.11597222,12.2,20.9,119.8020833,0,55,1.848229167,,206
2021,7,26,26-Jul-21,16.3125,11.2,22.6,211.2881944,0,55,2.143958333,,207
2021,7,27,27-Jul-21,16.29791667,10,21.5,142.3159722,0,55,1.761076389,,208
2021,7,28,28-Jul-21,14.98055556,11.6,18.5,83.43402778,0,55,1.499965278,,209
2021,7,29,29-Jul-21,15.17673611,12.9,17.9,66.29861111,0,55,1.437743056,,210
2021,7,30,30-Jul-21,15.525,10.8,21.1,124.53125,0,55,1.3040625,,211
2021,7,31,31-Jul-21,15.82361111,8.1,23.6,230.7534722,0.017,55,2.0303125,,212
2021,8,1,1-Aug-21,16.17465278,9.3,22.5,188,0,55,2.047048611,,213
2021,8,2,2-Aug-21,16.83993056,11.3,23,148.4965278,0,55,1.752951389,,214
2021,8,3,3-Aug-21,16.29618056,9.9,21.5,139.0902778,0,55,1.537881944,,215
2021,8,4,4-Aug-21,15.10972222,9.5,19.5,93.64930556,0,55,1.433645833,,216
2021,8,5,5-Aug-21,17.78958333,13.7,24.5,187.6493056,0,55,1.790243056,,217
2021,8,6,6-Aug-21,15.46979167,11.1,19.7,79.92013889,0,55,1.336006944,,218
2021,8,7,7-Aug-21,17.37743056,13,23.4,131.5451389,0,55,1.294548611,,219
2021,8,8,8-Aug-21,16.92361111,12.7,22.5,108.6701389,0,55,1.1796875,,220
2021,8,9,9-Aug-21,17.55138889,10.8,25.3,139.5763889,0,55,2.044166667,,221
2021,8,10,10-Aug-21,16.94861111,10.1,26.3,183.2430556,0.969,55,1.952916667,,222
2021,8,11,11-Aug-21,15.2375,13.4,18.1,65.84722222,0,55,1.3296875,,223
2021,8,12,12-Aug-21,16.02361111,13.7,20,71.68055556,0,55,1.222673611,,224
2021,8,13,13-Aug-21,16.18090278,9.1,23.1,160.5729167,0.051,55,1.613576389,,225
2021,8,14,14-Aug-21,16.58194444,12.5,21.6,106.2638889,0,55,1.619236111,,226
2021,8,15,15-Aug-21,16.89236111,12.9,21.8,138.3923611,0,55,1.5615625,,227
2021,8,16,16-Aug-21,16.09652778,11.7,21.7,98.22222222,0,55,1.713854167,,228
2021,8,17,17-Aug-21,17.46180556,12.7,23.8,166.15625,0,55,1.913368056,,229
2021,8,18,18-Aug-21,16.42291667,13.1,22.6,135.96875,0,55,1.509409722,,230
2021,8,19,19-Aug-21,17.93055556,11.1,25.1,165.2569444,0.017,55,1.562916667,,231
2021,8,20,20-Aug-21,18.11319444,13.8,24.2,177.78125,0,55,1.712361111,,232
2021,8,21,21-Aug-21,19.08055556,13.4,26.9,226.3055556,0,55,1.854965278,,233
2021,8,22,22-Aug-21,19.25034722,11.8,27.1,264.2847222,0,55,2.069131944,,234
2021,8,23,23-Aug-21,18.81909722,11.4,26,281.2083333,0,55,2.536215278,,235
2021,8,24,24-Aug-21,17.50138889,8.5,25.7,266.0729167,0.068,55,1.978263889,,236
2021,8,25,25-Aug-21,18.20902778,14.3,25.1,193.3715278,0,55,1.744479167,,237
2021,8,26,26-Aug-21,17.96909722,12.2,25.6,238.5277778,0,55,1.984652778,,238
2021,8,27,27-Aug-21,18.07881944,8.6,27.4,278.9722222,0,55,1.894826389,,239
2021,8,28,28-Aug-21,18.95694444,10.7,27.9,262.2291667,0,55,1.991180556,,240
2021,8,29,29-Aug-21,20.16076389,10.6,29.9,263.2916667,0,55,2.037881944,,241
2021,8,30,30-Aug-21,19.31145833,11.1,26.9,196.7847222,0,55,1.761875,,242
2021,8,31,31-Aug-21,18.83506944,13.9,25,153.1423611,0,55,1.891805556,,243
2021,9,1,1-Sep-21,18.40798611,13.1,23.6,155.6944444,0,55,2.301319444,,244
2021,9,2,2-Sep-21,17.95069444,13.5,23.4,125.9097222,0,55,2.250902778,,245
2021,9,3,3-Sep-21,16.99236111,14.2,21.3,96.81944444,0,55,2.360451389,,246
2021,9,4,4-Sep-21,16.82986111,14,21.7,114.1284722,0,55,1.544340278,,247
2021,9,5,5-Sep-21,16.93472222,12.2,23,178.2291667,0,55,1.717256944,,248
2021,9,6,6-Sep-21,17.35069444,14,22.6,132.40625,0,55,1.997916667,,249
2021,9,7,7-Sep-21,17.06979167,13.5,23.9,126.5520833,0,55,1.548715278,,250
2021,9,8,8-Sep-21,18.61527778,13.2,25.4,203.8159722,0,55,2.351145833,,251
2021,9,9,9-Sep-21,17.96145833,14.5,23.3,128.0694444,0,55,2.116666667,,252
2021,9,10,10-Sep-21,17.62986111,13.6,23.4,179.8194444,0,55,2.9225,,253
2021,9,11,11-Sep-21,16.42743056,11.2,22.9,143.3784722,0,55,2.183854167,,254
2021,9,12,12-Sep-21,18.18923611,13.7,25.9,220.6840278,0,55,2.547743056,,255
2021,9,13,13-Sep-21,18.00138889,13.8,25,160.0694444,0,55,2.111215278,,256
2021,9,14,14-Sep-21,17.84826389,12.8,25.5,209.1770833,0,55,1.913333333,,257
2021,9,15,15-Sep-21,19.13506944,12.7,26.7,191.5138889,0,55,1.95875,,258
2021,9,16,16-Sep-21,18.55659722,14.1,24.9,183.7881944,0,55,1.763715278,,259
2021,9,17,17-Sep-21,19.571875,11.9,29,222.21875,0.136,55,1.703680556,,260
2021,9,18,18-Sep-21,19.86284722,13.1,26.7,213.2777778,0,55,1.805347222,,261
2021,9,19,19-Sep-21,19.54340278,11.3,27.1,282,0,55,2.077604167,,262
2021,9,20,20-Sep-21,18.46354167,11,25.6,217.9826389,0,55,1.658958333,,263
2021,9,21,21-Sep-21,17.74548611,11.9,24.3,162.2708333,0.085,55,1.851736111,,264
2021,9,22,22-Sep-21,19.28958333,14.4,26,187.2222222,0,55,1.898194444,,265
2021,9,23,23-Sep-21,18.59444444,14.2,24.8,199.1770833,0,55,2.426458333,,266
2021,9,24,24-Sep-21,18.28923611,13.2,24.9,176.9131944,0,55,2.386909722,,267
2021,9,25,25-Sep-21,18.88611111,13.2,24.9,232.0590278,0,55,2.371388889,,268
2021,9,26,26-Sep-21,18.86527778,14.8,24.9,173.2291667,0,55,2.581076389,,269
2021,9,27,27-Sep-21,19.49826389,11.6,27.9,228.4166667,0.034,55,2.0040625,,270
2021,9,28,28-Sep-21,19.70104167,11.9,28.6,250.3541667,0,55,2.170138889,,271
2021,9,29,29-Sep-21,20.19375,12.7,29,258.0451389,0.034,55,2.188333333,,272
2021,9,30,30-Sep-21,20.10659722,16.2,26.6,235.6666667,0,55,2.6128125,,273
2021,10,1,1-Oct-21,19.59097222,15.6,26.2,209.4097222,0,55,3.023819444,,274
2021,10,2,2-Oct-21,19.65694444,12.3,27.6,263.9305556,0,55,2.058784722,,275
2021,10,3,3-Oct-21,18.88611111,12.1,28.3,197.0416667,16.538,55,2.058784722,,276
2021,10,4,4-Oct-21,19.77395833,13.1,28.5,224.1041667,0,55,2.084479167,,277
2021,10,5,5-Oct-21,19.87743056,12.6,27.8,265.3680556,0,55,2.173506944,,278
2021,10,6,6-Oct-21,19.56145833,12.4,27.9,253.1284722,0,55,2.015763889,,279
2021,10,7,7-Oct-21,20.09756944,11.6,28.3,230.15625,0,55,2.442916667,,280
2021,10,8,8-Oct-21,20.18958333,14.9,26.9,163.21875,0,55,1.716805556,,281
2021,10,9,9-Oct-21,18.44756944,15.1,23,102.2743056,0,55,1.975972222,,282
2021,10,10,10-Oct-21,19.45520833,15.2,27.1,211.3576389,0,55,2.186180556,,283
2021,10,11,11-Oct-21,18.21284722,14.2,23.4,147.4305556,0,55,2.058368056,,284
2021,10,12,12-Oct-21,19.08923611,11.9,27,226.2673611,0.017,55,2.424409722,,285
2021,10,13,13-Oct-21,17.85486111,12.6,23,119.2291667,0.034,55,2.121631944,,286
2021,10,14,14-Oct-21,20.05798611,13.1,27.6,203.4618056,0,55,2.746284722,,287
2021,10,15,15-Oct-21,20.34826389,13.7,27.4,243.90625,0,55,2.805451389,,288
2021,10,16,16-Oct-21,20.328125,14.7,27.3,252.3263889,0.119,55,2.266805556,,289
2021,10,17,17-Oct-21,20.06423611,12.9,27.9,218.3958333,0.221,55,2.051180556,,290
2021,10,18,18-Oct-21,20.39895833,13.9,28.1,262.1944444,0.034,55,2.562916667,,291
2021,10,19,19-Oct-21,20.28888889,14.6,26.1,259.9791667,0,55,3.379756944,,292
2021,10,20,20-Oct-21,19.57256944,16,25.5,173.7361111,0,55,3.269826389,,293
2021,10,21,21-Oct-21,19.34895833,14.2,23.9,139.6527778,0,55,2.616666667,,294
2021,10,22,22-Oct-21,19.96076389,12.6,28.3,192.4201389,0,55,2.278159722,,295
2021,10,23,23-Oct-21,21.39236111,13.2,28.6,276.0625,0,55,2.555555556,,296
2021,10,24,24-Oct-21,21.53506944,14.3,29.2,251.9965278,0,55,2.993715278,,297
2021,10,25,25-Oct-21,21.13125,14.8,28.6,269.1840278,0.102,55,2.602048611,,298
2021,10,26,26-Oct-21,20.66597222,14.8,27.9,264.6597222,0.051,55,2.942430556,,299
2021,10,27,27-Oct-21,19.596875,13.6,27.1,227.5416667,0,55,3.550347222,,300
2021,10,28,28-Oct-21,19.97152778,11.1,27.3,260.5659722,0.068,55,2.083333333,,301
2021,10,29,29-Oct-21,20.30590278,12.5,28.5,243.5902778,0,55,2.261666667,,302
2021,10,30,30-Oct-21,20.209375,15.4,25.9,162.8645833,1.445,55,3.349618056,,303
2021,10,31,31-Oct-21,20.925,15,28.4,232.4236111,0.017,55,3.442638889,,304
2021,11,1,1-Nov-21,21.43645833,15.5,28.3,248.7534722,0,55,3.459930556,,305
2021,11,2,2-Nov-21,20.71006944,14.8,27.9,236.7951389,0,55,2.936527778,,306
2021,11,3,3-Nov-21,20.50243056,15.1,28.2,243.4965278,0,55,2.639722222,,307
2021,11,4,4-Nov-21,20.946875,14.5,28.3,236.7986111,0.051,55,2.6409375,,308
2021,11,5,5-Nov-21,20.82395833,15.8,27.6,229.7013889,0,55,2.55375,,309
2021,11,6,6-Nov-21,20.83819444,14.6,27.7,184.4618056,0.034,55,2.482256944,,310
2021,11,7,7-Nov-21,21.42048611,13.1,28.9,276.1909722,0.051,55,2.376041667,,311
2021,11,8,8-Nov-21,20.54340278,12.2,28.4,259.9930556,0.085,55,2.348611111,,312
2021,11,9,9-Nov-21,21.15,13.4,28.5,272.0347222,0.051,55,2.759618056,,313
2021,11,10,10-Nov-21,20.11076389,16,27.4,225.3229167,0.068,55,2.888090278,,314
2021,11,11,11-Nov-21,20.67083333,15.5,27.5,238.1423611,0.034,55,2.478611111,,315
2021,11,12,12-Nov-21,20.51770833,13.2,28.4,244.4791667,0,55,2.661354167,,316
2021,11,13,13-Nov-21,20.45243056,15.1,27.1,273.8506944,0.051,55,2.611493056,,317
2021,11,14,14-Nov-21,20.03263889,15.1,27.4,201.3472222,0,55,2.894027778,,318
2021,11,15,15-Nov-21,20.06215278,14.4,26.5,229.7569444,5.313,55,2.452777778,,319
2021,11,16,16-Nov-21,20.48715278,14.6,27.3,259.5486111,0.017,55,2.271111111,,320
2021,11,17,17-Nov-21,20.33229167,13.7,27.6,261.4444444,6.216,55,2.351006944,,321
2021,11,18,18-Nov-21,20.67708333,15,27.9,238.1493056,13.064,55,2.300763889,,322
2021,11,19,19-Nov-21,21.46875,16.4,28.3,227.6527778,0,55,2.361631944,,323
2021,11,20,20-Nov-21,20.3125,15.5,28.2,179.71875,1.242,55,2.146770833,,324
2021,11,21,21-Nov-21,20.11423611,16.4,28.3,188.5069444,25.14,55,2.241354167,,325
2021,11,22,22-Nov-21,20.00277778,15.7,26.8,252.3402778,1.768,55,2.553611111,,326
2021,11,23,23-Nov-21,20.87847222,15,29.1,241.1909722,0.034,55,2.809513889,,327
2021,11,24,24-Nov-21,21.72569444,14.6,29.2,264.0104167,0,55,2.3790625,,328
2021,11,25,25-Nov-21,21.63611111,15.4,28.7,232.2465278,0,55,3.030729167,,329
2021,11,26,26-Nov-21,20.86458333,15.4,27.6,220.0694444,17.949,55,3.030729167,,330
2021,11,27,27-Nov-21,18.49583333,15.1,23.4,137.5486111,2.279,55,3.030729167,,331
2021,11,28,28-Nov-21,18.63854167,13.1,24.2,231.75,20.878,55,3.030729167,,332
2021,11,29,29-Nov-21,18.67152778,15.6,24.3,196.6284722,5.017,55,2.732777778,,333
2021,11,30,30-Nov-21,17.29340278,13.6,21.7,130.4027778,46.708,55,2.732777778,,334
2021,12,1,1-Dec-21,18.73715278,15.2,24.1,194.7847222,4.948,55,2.805902778,,335
2021,12,2,2-Dec-21,17.27569444,15.2,22.2,138.3402778,7.638,55,2.006666667,,336
2021,12,3,3-Dec-21,17.43680556,14.6,21.6,141.6944444,14.8,55,1.793229167,,337
2021,12,4,4-Dec-21,17.66840278,14.6,22.7,207.1319444,5.004,55,2.589583333,,338
2021,12,5,5-Dec-21,17.74166667,14.9,23.1,197.6458333,2.025,55,2.939791667,,339
2021,12,6,6-Dec-21,18.365625,15.1,23.4,223.8402778,0.391,55,2.688368056,,340
2021,12,7,7-Dec-21,18.79131944,15.1,24.2,240.0034722,0.272,55,2.524583333,,341
2021,12,8,8-Dec-21,19.36319444,15.8,25.1,249.4756944,0.102,55,2.598229167,,342
2021,12,9,9-Dec-21,19.11111111,15.9,24.8,235.5798611,0.748,55,2.733263889,,343
2021,12,10,10-Dec-21,19.04201389,15.9,23.9,250.0416667,0.034,55,3.049131944,,344
2021,12,11,11-Dec-21,18.66319444,14.4,24.2,231.2152778,0.221,55,3.247291667,,345
2021,12,12,12-Dec-21,17.98229167,13.7,22.8,230.6805556,0.085,55,2.997222222,,346
2021,12,13,13-Dec-21,18.55555556,15.9,23.6,203.9826389,0.051,55,3.262395833,,347
2021,12,14,14-Dec-21,18.10381944,15.5,23.3,195.25,0.034,55,3.1765625,,348
2021,12,15,15-Dec-21,18.46006944,15.4,24.1,221.7638889,0.119,55,2.96125,,349
2021,12,16,16-Dec-21,18.18298611,15.1,23.6,188.2986111,3.947,55,3.047881944,,350
2021,12,17,17-Dec-21,17.69270833,14.8,22.7,187.1111111,0.374,55,2.517708333,,351
2021,12,18,18-Dec-21,19.05138889,14.6,24.5,229.9583333,0.289,55,2.892708333,,352
2021,12,19,19-Dec-21,19.00451389,15.7,24.5,210.8020833,7.671,55,2.693715278,,353
2021,12,20,20-Dec-21,18.97013889,16.4,23.7,207.0381944,6.637,55,2.840625,,354
2021,12,21,21-Dec-21,18.16319444,15.2,22.4,186.0729167,20.384,55,2.840625,,355
2021,12,22,22-Dec-21,17.49756944,14.5,22,174.8576389,4.152,55,2.840625,,356
2021,12,23,23-Dec-21,18.64895833,15.8,23.1,246.4930556,1.462,55,3.294409722,,357
2021,12,24,24-Dec-21,19.08576389,14.4,23.8,260.0138889,0.136,55,2.746736111,,358
2021,12,25,25-Dec-21,18.28125,15.6,23.4,181.4861111,13.288,55,2.465520833,,359
2021,12,26,26-Dec-21,18.25659722,15.3,23,216.0138889,7.6,55,2.638923611,,360
2021,12,27,27-Dec-21,18.38159722,15,23.3,226.7673611,0.119,55,2.343576389,,361
2021,12,28,28-Dec-21,18.28958333,14.1,23.8,226.1979167,2.075,55,2.2840625,,362
2021,12,29,29-Dec-21,19.08819444,14.5,24.2,240.8333333,0.119,55,2.416076389,,363
2021,12,30,30-Dec-21,19.13645833,13.9,24.2,251.4270833,0.289,55,2.594583333,,364
2021,12,31,31-Dec-21,18.18576389,13.3,23.7,254.1423611,0.221,55,2.256875,,365
2022,1,1,1-Jan-22,18.23645833,12.6,24.5,250.2916667,0.255,55,2.303368056,,1
2022,1,2,2-Jan-22,18.97881944,14,24.1,263.7743056,0.085,55,2.273263889,,2
2022,1,3,3-Jan-22,18.46805556,12.5,24.1,268.1875,0.238,55,2.439826389,,3
2022,1,4,4-Jan-22,18.37708333,11.2,25.2,268.7638889,0.34,55,2.189131944,,4
2022,1,5,5-Jan-22,18.43541667,12.9,24.7,238.3090278,0.272,55,2.125138889,,5
2022,1,6,6-Jan-22,18.43055556,14,24.1,197.8611111,0.153,55,2.212951389,,6
2022,1,7,7-Jan-22,19.26006944,15.4,24.8,233.6111111,0.306,55,2.624409722,,7
2022,1,8,8-Jan-22,18.69722222,12.6,24.7,240.2256944,0.306,55,2.372986111,,8
2022,1,9,9-Jan-22,18.46423611,13.1,24.7,232.6354167,0.306,55,2.731388889,,9
2022,1,10,10-Jan-22,18.62534722,10.9,26.1,264.8715278,0.34,55,2.524201389,,10
2022,1,11,11-Jan-22,18.23993056,12.9,24.5,239.6666667,0.306,55,2.869861111,,11
2022,1,12,12-Jan-22,18.33541667,12.7,24.3,253.2708333,0.153,55,3.211145833,,12
2022,1,13,13-Jan-22,18.88333333,10.8,26.1,270.0555556,0.051,55,2.512013889,,13
2022,1,14,14-Jan-22,19.41631944,11.9,27,269.6215278,0.068,55,2.011944444,,14
2022,1,15,15-Jan-22,18.96979167,12.8,26.4,218.4930556,0.068,55,2.013576389,,15
2022,1,16,16-Jan-22,20.04583333,13.7,27.1,258.6840278,0.136,55,2.303159722,,16
2022,1,17,17-Jan-22,17.79895833,14.8,23.8,114.8611111,16.696,55,2.303159722,,17
2022,1,18,18-Jan-22,18.58368056,15.1,24.8,172.6527778,0.017,55,2.642222222,,18
2022,1,19,19-Jan-22,19.265625,16,24.2,199.3159722,0,55,2.4334375,,19
2022,1,20,20-Jan-22,19.84513889,13.8,26.9,246.7430556,0.034,55,2.581354167,,20
2022,1,21,21-Jan-22,18.76875,16.1,24.1,161.5173611,2.176,55,2.610625,,21
2022,1,22,22-Jan-22,19.47847222,14.5,25.2,251.4722222,0,55,2.738333333,,22
2022,1,23,23-Jan-22,19.09340278,12.6,25.7,242.4375,0,55,2.511979167,,23
2022,1,24,24-Jan-22,19.865625,14.2,25.9,250.0104167,0,55,3.070590278,,24
2022,1,25,25-Jan-22,19.80555556,14,25.6,264.9444444,0,55,2.715208333,,25
2022,1,26,26-Jan-22,18.78263889,12,26.2,264.4548611,0,55,2.314409722,,26
2022,1,27,27-Jan-22,18.91354167,12.8,25.9,266.5902778,0,55,2.456145833,,27
2022,1,28,28-Jan-22,20.34965278,12.5,28.3,251.1597222,0.119,55,2.672118056,,28
2022,1,29,29-Jan-22,19.93125,13.7,26.8,253.4618056,0,55,2.698020833,,29
2022,1,30,30-Jan-22,19.57152778,12.3,26.2,264.8576389,0.119,55,2.962604167,,30
2022,1,31,31-Jan-22,20.325,15.4,26.5,204.8784722,0.017,55,2.231319444,,31
2022,2,1,1-Feb-22,20.82638889,16,26.7,173.0138889,0,55,2.152013889,,32
2022,2,2,2-Feb-22,21.07638889,15.5,27.2,226.5034722,0,55,2.870729167,,33
2022,2,3,3-Feb-22,19.52256944,15,25.6,185.59375,0.051,55,2.875208333,,34
2022,2,4,4-Feb-22,19.71701389,13.9,27.2,245.6145833,0.17,55,2.551840278,,35
2022,2,5,5-Feb-22,20.34861111,12.2,29,240.2951389,5.853,55,2.489340278,,36
2022,2,6,6-Feb-22,21.12604167,15.1,28.4,250.375,0.119,55,2.683993056,,37
2022,2,7,7-Feb-22,19.58125,15.3,27,177.4340278,12.131,55,2.164583333,,38
2022,2,8,8-Feb-22,19.32118056,14.6,25.9,267.3819444,0.987,55,2.428194444,,39
2022,2,9,9-Feb-22,18.93784722,12,25.9,262.1354167,0,55,2.183368056,,40
2022,2,10,10-Feb-22,20.08194444,12.3,27.3,269.8680556,0,55,2.085590278,,41
2022,2,11,11-Feb-22,20.54895833,13.4,27.4,272.8784722,0,55,2.2265625,,42
2022,2,12,12-Feb-22,20.87395833,14.4,27.8,246.7083333,0,55,2.3940625,,43
2022,2,13,13-Feb-22,21.43993056,14.7,29.4,266.5902778,0,55,2.443333333,,44
2022,2,14,14-Feb-22,20.93368056,12.8,29,238.3784722,0,55,2.269652778,,45
2022,2,15,15-Feb-22,20.53263889,15,28.5,173.8263889,0,55,2.177777778,,46
2022,2,16,16-Feb-22,21.41527778,14.3,29.4,269.5659722,0,55,2.036736111,,47
2022,2,17,17-Feb-22,22.109375,13.8,30.5,272.1493056,0,55,2.256979167,,48
2022,2,18,18-Feb-22,21.26145833,15.3,28.4,181.2361111,7.965,55,2.256979167,,49
2022,2,19,19-Feb-22,21.26909722,15.3,28.6,260.1041667,0.102,55,2.319097222,,50
2022,2,20,20-Feb-22,21.26145833,14.5,29.9,277.75,0.306,55,2.253020833,,51
2022,2,21,21-Feb-22,19.98854167,14.8,28.2,159.0798611,0.034,55,2.577881944,,52
2022,2,22,22-Feb-22,18.71145833,15.6,26.4,99.26736111,25.401,55,2.577881944,,53
2022,2,23,23-Feb-22,18.94513889,15.5,25.8,159.2083333,15.219,55,2.577881944,,54
2022,2,24,24-Feb-22,18.66736111,15.1,23.4,179.1666667,0.034,55,2.577881944,,55
2022,2,25,25-Feb-22,19.13055556,15.1,24.7,203.2951389,0.068,55,2.371041667,,56
2022,2,26,26-Feb-22,19.99166667,13.4,27.7,273.1979167,0.221,55,2.159861111,,57
2022,2,27,27-Feb-22,20.75347222,13.6,28.5,281.1458333,0.102,55,2.520763889,,58
2022,2,28,28-Feb-22,20.95902778,13.8,27.5,273.7847222,0.068,55,2.897395833,,59
2022,3,1,1-Mar-22,20.51284722,15,26.8,257.8263889,0.102,55,3.0184375,,60
2022,3,2,2-Mar-22,18.52298851,14,26.4,328.5977011,0.034,55,2.331609195,,61
