datetime,nee,h2o,LE,H,ET,LAI,SWC_1,SWC_2,SWC_3
8/1/2018,2.044343306,0.744041372,33.57994446,29.56297097,1.932272736,0.3,27.5768056,42.3940278,22.7117361
8/2/2018,1.734306901,0.836755402,37.98465358,36.19551192,2.27606784,-99.99,27.8771528,42.4634722,21.4767361
8/3/2018,1.527134994,0.844099001,38.20442598,38.93546962,2.335135893,-99.99,27.5343224,42.1274038,20.569391
8/4/2018,1.021779366,0.81921498,37.14165969,43.40815305,2.42332359,-99.99,27.967507,41.7507348,19.7327502
8/5/2018,0.709803354,0.756192227,34.27667223,45.80647682,2.234153576,0.3,27.7650694,41.6855556,19.0018056
8/6/2018,0.49074765,0.696225693,31.62953385,48.01998047,2.041931251,-99.99,27.5413889,41.6236806,18.6493056
8/7/2018,0.210738178,0.662449785,29.92319118,52.92635638,2.031196459,-99.99,27.509375,41.6893056,18.4036111
8/8/2018,0.1136291,0.621639348,27.8330137,51.78883459,1.933869937,-99.99,27.4632639,40.9131944,17.6332639
8/9/2018,-0.067487081,0.587911468,26.31437619,55.60689767,1.84414571,0.3,27.5062587,40.2920723,16.7123783
8/10/2018,-0.174084749,0.566205679,25.35134042,58.39127555,1.7904089,-99.99,27.5122917,39.4820139,15.7025694
8/11/2018,-0.138732157,0.51349974,22.88473482,56.61192205,1.621472909,-99.99,27.5300558,38.7713389,15.0308926
8/12/2018,-0.087393968,0.433933141,19.31500987,53.36063479,1.368957401,-99.99,27.3527778,38.06375,14.4295833
8/13/2018,-0.052400309,0.366963255,16.36281106,51.43188539,1.161748815,0.3,27.1925,37.3239583,13.6538194
8/14/2018,-0.030633889,0.331941624,14.7710468,50.86071459,1.050693677,-99.99,26.8207639,36.3164583,12.961875
8/15/2018,-0.022975102,0.318688134,14.18388486,51.21937562,1.009909932,-99.99,27.1947917,35.7645139,12.360625
8/16/2018,-0.025231509,0.298500117,13.2895725,49.5565972,0.959256761,-99.99,27.1763194,35.0751389,11.8930556
8/17/2018,-0.022854223,0.278357196,12.39449256,48.40182364,0.903500113,0.3,26.859375,34.2354167,11.5963889
8/18/2018,0.005973212,0.253673553,11.29881196,47.4984325,0.829679485,-99.99,26.6639066,33.6146789,11.4716302
8/19/2018,0.08479453,0.223214993,9.742731457,44.12953408,0.732149391,-99.99,26.6008333,33.2303472,11.3803472
8/20/2018,0.064497405,0.22490448,9.814577037,45.33199607,0.730709051,-99.99,26.2485654,32.5711686,11.2486354
8/21/2018,0.034531927,0.206131451,9.119245928,46.30262262,0.685908046,0.3,26.6803472,32.1336111,10.999375
8/22/2018,0.018715266,0.20874875,9.22946542,49.07616376,0.697652661,-99.99,26.3172222,31.6409722,10.9548611
8/23/2018,0.174711017,0.242117745,10.70973789,46.12480839,0.799464371,-99.99,26.0463889,31.1501389,10.6699306
8/24/2018,0.233000771,0.256236998,11.33627454,44.60113499,0.842094988,-99.99,26.3824306,30.3971528,10.5265972
8/25/2018,0.269625662,0.260110657,11.50852321,43.37237416,0.847426318,0.4,26.6198198,30.349009,10.2857658
8/26/2018,0.283368377,0.261115222,11.55374409,44.41220946,0.84665232,-99.99,-99.99,-99.99,-99.99
8/27/2018,0.361025798,0.246494533,10.91079638,41.31271977,0.798337027,-99.99,-99.99,-99.99,-99.99
8/28/2018,0.390500647,0.24515384,10.85106416,40.68586289,0.796056291,-99.99,-99.99,-99.99,-99.99
8/29/2018,0.392308793,0.240974789,10.66759561,40.1273718,0.7828428,0.3,-99.99,-99.99,-99.99
8/30/2018,0.406891421,0.228292034,10.10902534,39.39427107,0.749418005,-99.99,-99.99,-99.99,-99.99
8/31/2018,0.402271732,0.243444716,10.77710892,43.41288754,0.80039191,-99.99,-99.99,-99.99,-99.99
9/1/2018,0.426009945,0.23213715,10.27877549,44.73175649,0.767114173,-99.99,26.390205,27.4702733,9.7187927
9/2/2018,0.242236638,0.203810509,9.016656151,53.84088785,0.682590537,0.4,26.2146528,27.388125,9.5884722
9/3/2018,0.202747182,0.193047189,8.535001998,58.67813632,0.657287425,-99.99,25.9695139,27.2544444,9.5454861
9/4/2018,0.191890938,0.1934821,8.344221275,62.88832366,0.667673895,-99.99,26.0357639,27.0530556,9.5288194
9/5/2018,0.214172652,0.197908696,8.534024629,65.55252226,0.686983247,-99.99,25.6064583,27.0204861,9.7073611
9/6/2018,0.161557843,0.204262727,8.810805519,72.46670753,0.710501211,0.2,25.9388889,27.0379861,9.6413889
9/7/2018,0.107950622,0.212161865,9.15635701,79.21890748,0.741494856,-99.99,25.8485734,26.9505219,9.6235212
9/8/2018,0.092596356,0.215841096,9.315215106,84.81692506,0.774325577,-99.99,25.7173611,26.8244444,9.5190278
9/9/2018,0.108376935,0.219393669,9.468477126,87.01561304,0.783268412,-99.99,26.0899306,26.6817361,9.4902083
9/10/2018,0.096093066,0.21884892,9.367979108,88.08726539,0.789252794,0.2,26.1622222,26.6080556,9.3774306
9/11/2018,0.066821863,0.231760268,9.905522531,89.97392971,0.829008204,-99.99,26.2047222,26.3274306,9.1538194
9/12/2018,0.118386669,0.218866963,9.361051835,86.78749899,0.799538358,-99.99,26.2234028,26.0579167,8.91875
9/13/2018,0.098044208,0.211842454,9.018885703,88.20538267,0.780491639,-99.99,26.2645139,25.9209722,8.7501389
9/14/2018,0.116211578,0.200023781,8.70293827,86.45591044,0.743539333,0.3,26.6954861,25.7635417,8.6347917
9/15/2018,0.083736756,0.202901354,8.821975387,88.58208565,0.757001252,-99.99,26.5127778,25.6552083,8.4697222
9/16/2018,0.114644966,0.200762603,8.726433548,88.14629204,0.754288037,-99.99,26.1331944,25.5264583,8.2885417
9/17/2018,0.141612296,0.18816713,8.171940544,85.879943,0.719196724,-99.99,25.7670139,25.2951389,8.1679861
9/18/2018,0.16418678,0.184799572,8.024634586,84.33186468,0.692611157,0.3,25.3910417,25.0513194,8.0357639
9/19/2018,0.125875137,0.181940697,7.899731223,87.15257704,0.695349488,-99.99,25.4950694,25.036875,7.8555556
9/20/2018,0.161611011,0.179268662,7.858176224,85.51284756,0.68247545,-99.99,25.5529861,25.0465278,7.8678472
9/21/2018,0.163979896,0.166775699,7.357611043,84.37173852,0.659762808,-99.99,25.2551389,24.9892361,7.7704167
9/22/2018,0.177325544,0.1548612,6.80686246,83.57138644,0.622692323,0.3,25.6658333,24.8723611,7.5660417
9/23/2018,0.190658293,0.144646754,6.387728717,82.68512624,0.598153062,-99.99,25.2199306,24.7201389,7.5507639
9/24/2018,0.173194582,0.146817204,6.483714094,82.8161653,0.604073346,-99.99,25.3349306,24.606875,7.6052083
9/25/2018,0.146379809,0.139310791,6.100858838,82.7403085,0.569097378,-99.99,25.1890972,24.6785417,7.5392361
9/26/2018,0.102569715,0.132016935,5.780500961,82.1711231,0.54470165,0.4,25.19,24.5701389,7.5272917
9/27/2018,0.076584614,0.132441051,5.798586417,81.73268257,0.547785714,-99.99,25.2058333,24.5679861,7.390625
9/28/2018,0.033581515,0.125222284,5.478514843,83.07882787,0.541075141,-99.99,25.1902778,24.5192361,7.4132639
9/29/2018,0.0501779,0.121741551,5.325217332,80.0927792,0.522785938,-99.99,25.4079167,24.5172917,7.3676389
9/30/2018,0.017187817,0.105680098,4.549187274,80.6232872,0.475715025,0.3,25.1404861,24.5050694,7.3810417
10/1/2018,0.011599971,0.104878432,4.49262223,80.88443391,0.468317907,-99.99,25.4419444,24.2905556,7.2364583
10/2/2018,0.171897562,0.175015897,7.592489496,79.82884302,0.679721109,-99.99,25.1608333,24.1339583,7.0913889
10/3/2018,0.503184007,0.308661662,13.49835586,74.72184439,1.07720359,-99.99,25.3767361,24.1384028,7.2429167
10/4/2018,0.69569553,0.383374921,16.79819861,72.8133562,1.301352257,0.4,25.1218056,24.1603472,7.0466667
10/5/2018,0.813163569,0.427366916,18.80260293,69.71429133,1.440383967,-99.99,25.3197222,24.0375694,7.0446528
10/6/2018,0.87120626,0.479776634,21.11507087,68.91898953,1.591593145,-99.99,25.1560417,24.1119444,7.0958333
10/7/2018,0.893994229,0.507450643,22.33493182,69.82490524,1.664359667,-99.99,25.3180556,24.0406944,6.963125
10/8/2018,0.967567599,0.527120391,23.16523728,66.26693833,1.701383995,0.2,25.1156944,23.6729861,6.7302778
10/9/2018,0.959297715,0.544411721,23.92660807,67.28445912,1.752839268,-99.99,25.1601389,23.5284028,7.031875
10/10/2018,0.999650721,0.561216307,24.73293332,66.33271989,1.795243156,-99.99,24.8902778,23.5566667,7.3291667
10/11/2018,1.039388771,0.568876305,25.10062419,65.65418936,1.815078004,-99.99,24.8665972,23.6529167,7.6786111
10/12/2018,0.842359558,0.512187404,22.53915666,69.29704522,1.640386815,0.2,24.6672917,23.7231944,7.9308333
10/13/2018,0.502512952,0.385916334,16.95741605,75.14875811,1.264487364,-99.99,24.9860417,23.7852778,8.0996528
10/14/2018,0.300458115,0.312083991,13.66349237,78.98344102,1.046383798,-99.99,24.7734722,23.848125,8.1315972
10/15/2018,0.171795208,0.276918707,12.10901627,81.56585139,0.945173279,-99.99,24.6304167,23.9388889,8.1000694
10/16/2018,0.11704524,0.239204819,10.43959013,81.91299847,0.844478455,0.3,24.8119777,23.9247042,7.9785665
10/17/2018,0.062740095,0.213655776,9.313501421,84.11186008,0.787951677,-99.99,25.0611111,23.9926389,7.9049306
10/18/2018,0.137404743,0.261582332,11.48248269,81.40658954,0.93576506,-99.99,24.818125,24.0002778,7.8316667
10/19/2018,0.21223707,0.295362423,12.984759,76.25724504,1.052441226,-99.99,24.5726389,23.9609722,7.6582639
10/20/2018,0.250918951,0.383628057,16.89916371,72.0530614,1.319581992,0.3,24.8388194,23.9509028,7.6197917
10/21/2018,0.297423513,0.419432786,18.34546178,68.87618623,1.412883699,-99.99,24.9247917,23.8470139,7.4527778
10/22/2018,0.402162723,0.512288233,22.41393704,63.94045018,1.699324727,-99.99,24.6507639,23.7128472,7.2770139
10/23/2018,0.514930544,0.580003446,25.40959543,60.71455165,1.89627188,-99.99,24.8786111,23.3925,6.8883333
10/24/2018,0.532463262,0.648050204,28.44743264,58.21372137,2.098103196,0.3,24.8366667,23.1000694,6.6525
10/25/2018,0.571937625,0.670999229,29.46060964,56.18212783,2.158775237,-99.99,24.9036111,22.83375,6.7672917
10/26/2018,0.56222992,0.683077394,29.99725513,57.64851137,2.186914428,-99.99,24.7361111,22.8327083,6.9135417
10/27/2018,0.599779124,0.691793362,30.38128907,55.04292058,2.204866431,-99.99,24.5723611,22.8213194,6.9674306
10/28/2018,0.564682679,0.744810634,32.70255672,57.79844216,2.379687418,0.4,24.4652083,22.8804861,7.1741667
10/29/2018,0.56597296,0.76519789,33.59254484,62.92553701,2.428171249,-99.99,24.1535417,22.9373611,7.349375
10/30/2018,0.533403394,0.721740791,31.65616023,66.13917468,2.30514796,-99.99,24.5025694,23.0679861,7.585625
10/31/2018,0.433657737,0.725441036,31.92163022,70.79639493,2.330760498,-99.99,24.3406944,23.2229861,7.8225694
11/1/2018,0.300378179,0.645285546,28.4641838,75.08588523,2.09724072,0.3,24.1870474,23.2805014,7.8545265
11/2/2018,0.187670014,0.591504641,25.96005649,78.22881362,1.934790835,-99.99,24.1675,23.2265278,7.7484722
11/3/2018,0.16499862,0.536016565,23.50462769,79.68768464,1.772022697,-99.99,24.2968056,23.0944444,7.7238194
11/4/2018,0.186002962,0.503595427,22.07315944,77.17680588,1.696997865,-99.99,24.4453472,23.0965972,7.8748611
11/5/2018,0.18596623,0.485622328,21.28083582,75.7156573,1.639955483,0.4,24.1172222,23.1822222,8.0845833
11/6/2018,0.093456279,0.487288635,21.36996052,78.37842278,1.650520722,-99.99,24.2627083,23.3284028,8.238125
11/7/2018,-0.05287191,0.386446112,17.02517387,82.28107391,1.336982076,-99.99,24.2634722,23.4277083,8.3500694
11/8/2018,-0.16179042,0.319787876,14.08289585,82.97560718,1.131835485,-99.99,24.3159722,23.5014583,8.3192361
11/9/2018,-0.219632283,0.268239695,11.80822414,85.43988849,0.976044695,0.2,24.4621528,23.4539583,8.0159028
11/10/2018,-0.224220766,0.228018962,9.985237142,85.65661462,0.855390539,-99.99,24.4572917,23.3733333,7.9365278
11/11/2018,-0.229141585,0.216044021,9.457355999,86.20223802,0.811085336,-99.99,24.1375087,23.4163535,7.870842
11/12/2018,-0.225027239,0.197232024,8.728943547,82.98608079,0.779256275,-99.99,24.1229167,23.4383333,7.7499306
11/13/2018,-0.211502364,0.1881886,8.336077099,84.64683659,0.75951467,0.2,24.4422222,23.535,7.6579167
11/14/2018,-0.236592483,0.183890672,8.014264551,89.21670231,0.745074991,-99.99,24.6324306,23.4465278,7.5907639
11/15/2018,0.169192189,0.385602779,16.93133681,85.32518206,1.308916207,-99.99,24.6940278,23.3309722,7.5717361
11/16/2018,0.583703896,0.535244433,23.53648763,77.89382256,1.75155448,-99.99,24.8561111,23.2752083,7.4820833
11/17/2018,0.920002928,0.662309814,29.04260809,71.73853701,2.140858851,0.3,24.5911111,23.1574306,7.31375
11/18/2018,1.140079882,0.831342936,36.49783132,68.28544129,2.656908152,-99.99,24.4020833,23.008125,7.2681944
11/19/2018,1.271433921,0.948878663,41.68491694,64.36907155,3.009720388,-99.99,24.510625,23.0084028,7.2215278
11/20/2018,1.313913246,1.121171903,49.34404601,59.92262206,3.523247408,-99.99,24.1640972,22.6239583,20.388125
11/21/2018,1.33717756,1.314364688,57.89199224,53.9886903,4.051386816,0.3,24.1458333,22.2394444,24.5436806
11/22/2018,1.382521805,1.504493328,66.307454,51.97657017,4.59551848,-99.99,23.9159722,22.2333333,21.6902083
11/23/2018,1.345923949,1.6711079,73.65859781,45.75353305,5.097015645,-99.99,23.725625,22.4751389,20.0852778
11/24/2018,1.202612089,1.843851739,81.42709381,39.62658943,5.60153009,-99.99,23.6629167,22.9517361,19.0909028
11/25/2018,0.714759328,1.862309043,82.23734172,38.9528713,5.716129108,0.4,23.5645833,23.1011806,18.6377083
11/26/2018,0.249462879,1.873116566,82.71745132,39.31297991,5.751729902,-99.99,23.6272222,23.1035417,27.0709028
11/27/2018,-0.141371986,1.882009892,83.11337039,38.12276498,5.783236531,-99.99,23.5790972,23.7054861,24.4663194
11/28/2018,-0.635863898,1.915481193,84.5919447,37.99713317,5.896820119,-99.99,23.52375,24.4526389,22.8279861
11/29/2018,-1.049563321,1.966793652,86.85830085,35.39370162,6.064254518,0.3,23.4641667,24.9826389,24.5934028
11/30/2018,-1.430562678,1.96942052,86.97613522,33.81823478,6.081774813,-99.99,23.5190972,25.4165278,25.1472222
12/1/2018,-1.688252233,2.02500212,89.39628503,33.97949515,6.310693175,-99.99,23.4424306,26.0967361,24.3734028
12/2/2018,-1.987423856,2.071464411,91.434489,34.35652461,6.462650811,-99.99,23.1580556,26.8524306,23.6768056
12/3/2018,-2.308752419,2.071350801,91.44208554,32.58252598,6.463003955,0.4,23.2084028,27.8479167,23.0345833
12/4/2018,-2.521580939,2.120819697,93.60732912,32.70198791,6.625997368,-99.99,22.9527083,28.6759722,26.3653472
12/5/2018,-2.425242856,2.022730669,89.27783614,30.80041281,6.32182332,-99.99,23.0202778,35.7855556,29.8789583
12/6/2018,-2.42056177,1.990083704,87.83505261,29.9628132,6.209507263,-99.99,23.1209028,37.1809028,27.7319444
12/7/2018,-2.613292172,2.049729262,90.4516784,29.59457236,6.389897003,0.4,22.9739583,36.8258333,26.0738889
12/8/2018,-2.592028504,2.053518628,90.62592325,28.37927447,6.397422496,-99.99,23.0634028,40.4152083,31.2484028
12/9/2018,-2.455369548,2.077335175,91.68048636,28.36371823,6.436622854,-99.99,23.053125,38.8014583,28.6342361
12/10/2018,-2.412858248,2.08982245,92.23699148,27.9463237,6.479225097,-99.99,22.8490278,38.2113889,26.94625
12/11/2018,-2.281996916,2.048557132,90.51456228,28.18681679,6.322279632,0.4,22.900625,43.0002083,34.0122222
12/12/2018,-2.129774434,2.063210827,91.16914342,27.60931778,6.358985795,-99.99,23.0833681,40.351357,30.3244259
12/13/2018,-1.982533217,2.120748969,93.68576928,29.5068373,6.537526239,-99.99,27.1961646,39.488424,28.6089958
12/14/2018,-1.658446036,2.040367418,90.14818035,28.15553318,6.285802219,-99.99,29.3931612,41.3941382,33.1267969
12/15/2018,-1.700648677,2.104975299,92.99139317,29.19359829,6.446057425,0.5,31.5838328,42.6537282,35.8982578
12/16/2018,-1.776711997,2.136341896,94.35806391,29.75066567,6.553318686,-99.99,31.5552301,40.7414923,32.755788
12/17/2018,-1.68297176,2.095568562,92.56160766,30.34045534,6.434551907,-99.99,31.3349791,40.0785814,30.2511127
12/18/2018,-1.685133822,2.07702814,91.73148735,30.42317471,6.3639253,-99.99,31.2211806,39.6704861,28.358125
12/19/2018,-1.811540347,2.060707299,91.00863592,31.70736647,6.343063378,0.6,30.7390972,39.2847917,26.3893056
12/20/2018,-1.727168343,2.036357135,89.91948527,32.08864356,6.267672211,-99.99,30.5870049,39.2296039,25.1410702
12/21/2018,-1.914112618,1.978378779,87.27869684,32.602374,6.116809992,-99.99,30.4619777,39.0404596,23.8732591
12/22/2018,-2.128087735,1.893485777,83.53613422,33.07877826,5.857514136,-99.99,30.1560585,38.8567549,22.7616992
12/23/2018,-2.141750227,1.836347279,81.01515748,33.56569981,5.672296842,0.7,29.9339596,38.949826,21.4029923
12/24/2018,-2.427463924,1.879461872,82.90053343,35.75472369,5.815059629,-99.99,29.9471816,38.9588727,19.6793319
12/25/2018,-2.747825724,1.859095488,81.99440269,38.06946711,5.78022542,-99.99,29.8944444,38.6539583,18.13875
12/26/2018,-2.927539877,1.838422165,81.08264558,41.3539228,5.70612721,-99.99,29.6649306,38.4224306,16.8300694
12/27/2018,-3.094448455,1.81419091,80.13536219,42.94356813,5.627034343,1.3,29.37375,38.2259028,15.948125
12/28/2018,-3.190910055,1.787666312,78.96415138,44.01803688,5.557350421,-99.99,29.5173974,38.2783577,15.3533055
12/29/2018,-3.272805203,1.762372631,77.83629178,45.28518118,5.478753302,-99.99,29.2315972,38.2453472,14.8818056
12/30/2018,-2.940217991,1.737012645,76.7330307,44.47621879,5.402399464,-99.99,29.4184722,37.9327778,14.3866667
12/31/2018,-2.698577488,1.736403754,76.71602557,43.96216994,5.3982338,1.3,29.4786806,37.6872222,14.0615972
1/1/2019,-2.677330356,1.781441273,78.69996706,44.74654609,5.55090094,-99.99,29.4609028,37.2558333,13.5581944
1/2/2019,-2.700684304,1.787983129,78.98513506,44.75213796,5.576209114,-99.99,29.4152778,36.5171528,13.3313194
1/3/2019,-2.659080072,1.766022841,78.04109712,44.9939405,5.499934676,-99.99,29.4267223,36.2271399,12.9810717
1/4/2019,-2.531792379,1.755216949,77.5859051,44.25981669,5.481268227,1.4,29.3120833,35.9315972,12.2640278
1/5/2019,-2.3492455,1.780345793,78.71321554,42.51219841,5.575239435,-99.99,29.1113889,35.4299306,11.9739583
1/6/2019,-2.105183956,1.75163832,77.28016218,41.92994157,5.47931062,-99.99,28.971786,35.1276581,12.0859625
1/7/2019,-1.917798009,1.719121271,75.84869766,42.31429818,5.384638594,-99.99,28.946875,34.8847917,12.1923611
1/8/2019,-1.611802792,1.72326158,76.04451416,40.79093339,5.398876611,1.4,28.9279167,34.2588194,12.0338194
1/9/2019,-2.131619575,1.749797808,77.18959451,43.82773335,5.472386274,-99.99,28.9194444,33.7061806,12.2161806
1/10/2019,-2.462836641,1.768799253,77.99100929,45.89492023,5.538916654,-99.99,28.8481944,33.419375,12.2798611
1/11/2019,-2.308651063,1.622296212,71.5131365,45.15665403,5.084462292,-99.99,28.7975,32.9040972,12.0506944
1/12/2019,-2.25459099,1.462657841,64.49643899,46.08238125,4.601609233,1.3,28.6480556,32.2764583,11.8484028
1/13/2019,-2.25459099,1.462657841,64.49643899,46.08238125,4.601609233,-99.99,28.5724306,31.6460417,11.6633333
1/14/2019,-2.25459099,1.462657841,64.49643899,46.08238125,4.601609233,-99.99,28.4111343,31.1368824,11.5265832
1/15/2019,-2.25459099,1.462657841,64.49643899,46.08238125,4.601609233,-99.99,28.4083333,30.5191667,11.2438889
1/16/2019,-2.517470729,1.517588315,66.90224963,51.40645792,4.822094088,1.5,28.325625,30.0672917,11.0532639
1/17/2019,-99.99,-99.99,-99.99,-99.99,-99.99,-99.99,28.1345833,29.6018056,10.965625
1/18/2019,-99.99,-99.99,-99.99,-99.99,-99.99,-99.99,28.0640278,29.151875,10.7849306
1/19/2019,-99.99,-99.99,-99.99,-99.99,-99.99,-99.99,27.9533333,28.7051389,10.5760417
1/20/2019,-99.99,-99.99,-99.99,-99.99,-99.99,1.5,27.7427778,28.1856944,10.3702778
1/21/2019,-99.99,-99.99,-99.99,-99.99,-99.99,-99.99,27.5217361,27.6117361,10.1178472
1/22/2019,-99.99,-99.99,-99.99,-99.99,-99.99,-99.99,27.496875,27.029375,9.8953472
1/23/2019,-99.99,-99.99,-99.99,-99.99,-99.99,-99.99,27.3504167,26.5408333,9.5689583
1/24/2019,-99.99,-99.99,-99.99,-99.99,-99.99,1.4,27.2410417,26.0386111,9.4494444
1/25/2019,-99.99,-99.99,-99.99,-99.99,-99.99,-99.99,27.0650694,25.7283333,9.2786806
1/26/2019,-99.99,-99.99,-99.99,-99.99,-99.99,-99.99,26.8766017,25.3810585,9.1027159
1/27/2019,-99.99,-99.99,-99.99,-99.99,-99.99,-99.99,26.7128472,25.1015278,8.9514583
1/28/2019,-0.227792138,0.781348974,33.05441804,81.80978468,2.471129736,1.4,26.5135417,24.8301389,8.710625
1/29/2019,-0.227792138,0.781348974,33.05441804,81.80978468,2.471129736,-99.99,26.5236111,24.4739583,8.6878472
1/30/2019,-0.227792138,0.781348974,33.05441804,81.80978468,2.471129736,-99.99,26.2447222,24.2629861,8.491875
1/31/2019,-0.227792138,0.781348974,33.05441804,81.80978468,2.471129736,-99.99,26.0059028,24.0979861,8.4365278
2/1/2019,-0.227792138,0.781348974,33.05441804,81.80978468,2.471129736,1.3,25.7647228,23.7745324,8.2627338
2/2/2019,-0.227792138,0.781348974,33.05441804,81.80978468,2.471129736,-99.99,25.6257302,23.5849791,8.1891516
2/3/2019,-0.227792138,0.781348974,33.05441804,81.80978468,2.471129736,-99.99,25.5454167,23.3026389,8.1089583
2/4/2019,-0.227792138,0.781348974,33.05441804,81.80978468,2.471129736,-99.99,25.3895139,23.2111111,7.9870833
2/5/2019,-0.227792138,0.781348974,33.05441804,81.80978468,2.471129736,1,25.4943056,22.9213889,7.8225694
2/6/2019,-0.094617179,0.598929148,25.69346304,91.30513804,1.858921991,-99.99,25.4721528,22.69875,7.7472222
2/7/2019,-0.107659964,0.350158494,15.41187194,97.2848608,1.117353287,-99.99,25.3345139,22.5092361,7.7347917
2/8/2019,-0.17637648,0.30165087,13.27707827,95.1739604,0.998220794,-99.99,25.2059028,22.3578472,7.6645833
2/9/2019,-0.156490527,0.278658295,12.26418869,93.38418645,0.945240192,1.6,24.9063158,22.1851228,7.5556491
2/10/2019,-0.172616499,0.278794266,12.26728768,93.83116422,0.944678358,-99.99,24.6571528,22.02375,7.4661806
2/11/2019,-0.116630365,0.270183989,11.88868481,91.25021553,0.920673027,-99.99,24.7124036,21.9081289,7.4199019
2/12/2019,-0.112147952,0.263263482,11.53528289,91.4865571,0.897701768,-99.99,24.6287204,21.7944367,7.3428373
2/13/2019,-0.090514325,0.26184207,11.47483281,90.99748646,0.896856488,1.1,24.654375,21.6274306,7.2
2/14/2019,-0.079137802,0.27004532,11.83576226,91.30682059,0.925857232,-99.99,24.4014593,21.4734538,7.1111188
2/15/2019,-0.085776999,0.268579749,11.77393834,92.35637755,0.929189941,-99.99,24.3003484,21.416446,7.1662718
2/16/2019,0.049698827,0.330908069,14.41278821,89.99803608,1.115619549,-99.99,24.2944444,21.3565278,7.1608333
2/17/2019,0.077296511,0.359403022,15.66972759,89.81016986,1.200010437,1,24.3580959,21.1820709,7.1460042
2/18/2019,0.110190782,0.389693397,17.00478005,89.46120854,1.292839323,-99.99,24.1445758,21.1605007,7.1319889
2/19/2019,0.158805568,0.403292323,17.60559529,87.44096129,1.331569609,-99.99,24.2427778,21.1302083,7.1338194
2/20/2019,0.26531319,0.460922058,20.11726087,85.63979736,1.502221074,-99.99,24.1899861,21.0229485,6.9794159
2/21/2019,0.261175943,0.47201445,20.6026992,86.43975588,1.540134705,0.7,24.1822222,20.7715972,6.7534028
2/22/2019,0.275591451,0.478875296,20.93813326,86.50702111,1.558414592,-99.99,24.2501389,20.4871528,6.8190278
2/23/2019,0.278418939,0.486208918,21.07166688,86.80835596,1.562883627,-99.99,24.178125,20.4970833,7.081875
2/24/2019,0.273840768,0.479047544,20.73322682,86.96109412,1.528428717,-99.99,24.0810848,20.333936,7.1070236
2/25/2019,0.310682401,0.472462746,20.37065825,80.95079604,1.490776094,0.6,23.9410453,20.2809756,7.0606272
2/26/2019,0.203656486,0.386536523,16.53042765,81.10836181,1.250388216,-99.99,24.05762,20.2076548,7.1344468
2/27/2019,0.472458434,0.469749427,20.19354598,77.95679677,1.505975645,-99.99,23.8413074,20.2222531,7.0876912
2/28/2019,0.891242913,0.632049864,27.33782242,75.34225092,2.000788059,-99.99,23.75,20.2049306,6.9970139
3/1/2019,1.140885177,0.777774063,33.73789087,74.99333104,2.433473286,0.6,23.6002778,20.2307639,6.9754167
3/2/2019,1.215737187,0.855261074,37.15914844,73.68768034,2.654639483,-99.99,23.6170833,20.2242361,6.7498611
3/3/2019,1.213658309,0.957342291,41.64368493,72.20382155,2.959734323,-99.99,23.7318056,20.1475,6.7697917
3/4/2019,1.183592693,1.025149868,44.62645586,70.46952554,3.16794675,-99.99,23.7317361,20.1140972,6.6765972
3/5/2019,1.13195115,1.091475445,47.73578239,68.76227481,3.39033728,0.5,23.7682841,19.8080169,14.4552039
3/6/2019,1.101050269,1.141120878,49.94771574,66.9892779,3.551271787,-99.99,23.7779861,19.7449306,16.3958333
3/7/2019,1.135382212,1.189956084,52.16774984,71.07037535,3.705800729,-99.99,23.8859722,19.8222222,15.9155556
3/8/2019,1.065861684,1.227177449,53.96650806,72.15656248,3.811395192,-99.99,23.8952083,19.8674306,15.0071528
3/9/2019,0.775847225,1.121479456,49.31320507,74.70909399,3.485671158,0.5,23.9387769,19.9299514,13.7667825
3/10/2019,0.325704588,0.944595602,41.52496635,78.36106914,2.941604396,-99.99,23.8938022,19.9366992,12.5688719
3/11/2019,0.049508962,0.79651894,35.01792587,79.61123111,2.504079819,-99.99,23.8892361,20.0461806,11.6003472
3/12/2019,-0.12062936,0.667394065,29.34652072,82.33644619,2.132951886,-99.99,23.835,20.1877778,11.0134722
3/13/2019,-0.102914667,0.566297754,24.87825759,84.35471802,1.825039522,0.3,23.7029861,20.2493056,10.5861806
3/14/2019,-0.042021596,0.502364997,22.06396188,85.79749549,1.6384912,-99.99,23.7031944,20.2140278,10.1935417
3/15/2019,-0.008240812,0.431820274,18.95840378,87.87451569,1.424842413,-99.99,23.7371091,20.1768589,9.8936067
3/16/2019,0.051174682,0.383928877,16.777209,89.14751336,1.273175122,-99.99,23.7786806,20.1959722,9.5668056
3/17/2019,0.029100184,0.338505937,14.77949957,89.27014696,1.154120691,0.5,23.6843056,20.2699306,9.2821528
3/18/2019,0.044340373,0.30085845,13.12396169,89.85257112,1.037879269,-99.99,23.5973611,20.2704861,8.9552083
3/19/2019,0.069824827,0.287185791,12.37615762,90.01691804,0.998672358,-99.99,23.5855641,20.2741416,8.6730203
3/20/2019,0.108020166,0.277133825,11.93030384,88.10558743,0.973029147,-99.99,23.5194019,20.2148122,8.361822
3/21/2019,0.123399596,0.275738775,11.86468936,89.44863093,0.969693621,0.4,23.5764296,20.2190377,8.1672943
3/22/2019,0.133686399,0.260384871,11.19017474,89.10837932,0.928156629,-99.99,23.5694986,20.243663,8.0128134
3/23/2019,0.09511681,0.243432296,10.47293671,89.86824445,0.88709884,-99.99,23.6437413,20.1642559,7.8073018
3/24/2019,0.055316085,0.225949928,9.704998382,89.88525018,0.840191897,-99.99,23.7840972,20.1704861,7.7694444
3/25/2019,0.080541881,0.221839549,9.524821976,88.4992912,0.831599563,0.4,23.7244243,20.1087927,7.6495464
3/26/2019,0.326019729,0.330068028,14.36319079,85.98395218,1.165223205,-99.99,23.5272601,20.114395,7.5853268
3/27/2019,0.330972975,0.362038392,15.77254681,85.85786008,1.243733165,-99.99,23.5788889,20.0772917,7.3865278
3/28/2019,0.362880907,0.374125457,16.3039834,84.32103642,1.282503837,-99.99,23.6022917,19.9278472,7.2422917
3/29/2019,0.351150656,0.378445166,16.62468966,84.63410853,1.303138459,0.3,23.6163649,19.9382312,7.1735376
3/30/2019,0.341510955,0.367050531,16.12576552,85.60783084,1.270706801,-99.99,23.6205575,19.8289199,6.9649477
3/31/2019,0.310789726,0.349562736,15.36121707,84.48136635,1.218917029,-99.99,23.4032639,19.6288889,6.8279167
4/1/2019,0.335533254,0.351402572,15.44360249,84.39348879,1.224169268,-99.99,23.5259722,19.54,7.1092361
4/2/2019,0.347835729,0.347187822,15.24884715,83.32875462,1.209716846,0.4,23.5742361,19.5665278,7.240625
4/3/2019,0.333269733,0.34612328,15.20148311,82.27867949,1.202940501,-99.99,23.5025,19.5889583,7.3776389
4/4/2019,0.352205667,0.357699959,15.71021026,82.4845944,1.232475671,-99.99,23.5127437,19.5475627,7.2288301
4/5/2019,-99.99,-99.99,-99.99,-99.99,-99.99,-99.99,23.5269499,19.4119081,7.014415
4/6/2019,-99.99,-99.99,-99.99,-99.99,-99.99,0.5,23.42125,19.2061111,6.9058333
4/7/2019,-99.99,-99.99,-99.99,-99.99,-99.99,-99.99,23.2284028,19.16125,6.87
4/8/2019,-99.99,-99.99,-99.99,-99.99,-99.99,-99.99,23.3035417,19.2169444,6.8534028
4/9/2019,-99.99,-99.99,-99.99,-99.99,-99.99,-99.99,23.4088889,19.2089583,6.8195139
4/10/2019,-99.99,-99.99,-99.99,-99.99,-99.99,0.4,23.4355556,19.2100694,6.7298611
4/11/2019,-99.99,-99.99,-99.99,-99.99,-99.99,-99.99,23.4393056,19.1875694,6.6345139
4/12/2019,-99.99,-99.99,-99.99,-99.99,-99.99,-99.99,23.4535417,19.1261806,6.5502778
4/13/2019,-99.99,-99.99,-99.99,-99.99,-99.99,-99.99,23.5169916,19.1385097,6.4641365
4/14/2019,-99.99,-99.99,-99.99,-99.99,-99.99,0.7,23.5383333,19.0656944,6.39625
4/15/2019,-99.99,-99.99,-99.99,-99.99,-99.99,0.3,23.4438194,18.8995833,6.2919444
4/16/2019,-99.99,-99.99,-99.99,-99.99,-99.99,-99.99,23.2640278,18.9002778,6.3325694
4/17/2019,-99.99,-99.99,-99.99,-99.99,-99.99,-99.99,23.2613398,18.8954672,6.2990934
4/18/2019,-99.99,-99.99,-99.99,-99.99,-99.99,-99.99,23.2741643,18.8584262,6.1488858
4/19/2019,-99.99,-99.99,-99.99,-99.99,-99.99,0.4,23.2377871,18.7761308,6.0622825
4/20/2019,-99.99,-99.99,-99.99,-99.99,-99.99,-99.99,23.0226323,18.7820334,6.0966574
4/21/2019,1.729695999,0.90083633,41.60314266,43.64039961,2.857981681,-99.99,22.94242,18.7059805,6.0089708
4/22/2019,1.928680717,1.014513032,48.12574345,41.46545259,3.138880533,-99.99,22.9491301,18.4888657,5.8345164
4/23/2019,2.188706043,1.220098246,57.20631971,38.36928057,3.757289064,0.3,23.1698955,18.1580488,5.7310801
4/24/2019,2.399636709,1.423156587,66.16214692,35.8337117,4.360956224,-99.99,22.7380056,18.0029289,17.388145
4/25/2019,2.556032837,1.602907074,74.09209149,33.57988983,4.896735945,-99.99,22.6108787,17.8970014,21.9444212
4/26/2019,2.472518109,1.76932142,81.44258602,31.50926952,5.373645728,-99.99,22.4894774,17.841115,22.7078049
4/27/2019,2.18796913,1.855419725,85.22565287,31.00024194,5.644802181,0.4,22.3933844,17.8263744,25.3398747
4/28/2019,1.86287482,1.863183827,85.77334576,31.72087264,5.689987108,-99.99,22.3256089,17.7969381,23.4687543
4/29/2019,1.234761224,1.766616511,80.46590944,31.92623377,5.398732361,-99.99,22.2653472,17.9339583,21.3049306
4/30/2019,0.618379545,1.755226328,79.95875462,34.10273656,5.362911911,-99.99,22.276875,17.9249306,19.9177778
5/1/2019,0.116501084,1.734178993,78.14622675,33.86407547,5.305983757,0.3,22.3488194,17.9495139,19.0185417
5/2/2019,-0.388744359,1.639013695,72.24911638,36.15797353,5.081391998,-99.99,22.3899306,18.0794444,17.9555556
5/3/2019,-0.755868463,1.529857079,67.44824397,37.5324737,4.742248791,-99.99,22.1938846,18.1017373,16.7559416
5/4/2019,-1.105808753,1.404168284,61.90713082,37.51514586,4.353048572,-99.99,22.1693436,18.0463687,15.527514
5/5/2019,-1.436110984,1.297013787,57.17990776,37.44629294,4.020608889,0.7,22.1331633,17.9986395,14.6161565
5/6/2019,-1.480723479,1.192711416,52.57214647,38.1795837,3.732052568,-99.99,-99.99,-99.99,-99.99
5/7/2019,-1.431693356,1.108838772,48.89437896,38.62397734,3.467617771,-99.99,-99.99,-99.99,-99.99
5/8/2019,-1.457994595,1.046926951,46.16748984,40.19732778,3.28268837,-99.99,-99.99,-99.99,-99.99
5/9/2019,-1.402216756,1.012799833,44.65992681,41.37137857,3.178980809,0.3,-99.99,-99.99,-99.99
5/10/2019,-1.423530183,0.975007346,42.99043521,43.12220739,3.069400742,-99.99,-99.99,-99.99,-99.99
5/11/2019,-1.334566499,0.85412374,37.65871262,44.02613776,2.701080438,-99.99,-99.99,-99.99,-99.99
5/12/2019,-1.267742192,0.79662829,35.12543487,43.78593468,2.529081857,-99.99,-99.99,-99.99,-99.99
5/13/2019,-1.124827218,0.856367053,37.91407217,41.86070521,2.71126927,0.3,-99.99,-99.99,-99.99
5/14/2019,-0.916112709,0.885441006,39.21476357,40.145746,2.799958691,-99.99,-99.99,-99.99,-99.99
5/15/2019,-0.787118197,0.893910181,39.59681852,40.08313768,2.828377257,-99.99,-99.99,-99.99,-99.99
5/16/2019,-0.717526624,0.891596919,39.49507773,38.9961852,2.820897408,-99.99,-99.99,-99.99,-99.99
5/17/2019,-0.683027052,0.845498783,37.45859458,38.1090533,2.681442039,0.2,-99.99,-99.99,-99.99
5/18/2019,-0.556290951,0.906912366,40.09899499,36.4126506,2.851399501,-99.99,-99.99,-99.99,-99.99
5/19/2019,-0.486931264,0.988721094,43.71936653,36.28082534,3.092912579,-99.99,-99.99,-99.99,-99.99
5/20/2019,-0.382898984,1.00703726,44.54458363,33.58304918,3.140696185,-99.99,-99.99,-99.99,-99.99
5/21/2019,-0.309151595,1.06313029,47.03692112,32.23214244,3.306258723,0.7,-99.99,-99.99,-99.99
5/22/2019,-0.375482727,1.105429458,48.91356975,31.35217036,3.426659657,-99.99,-99.99,-99.99,-99.99
5/23/2019,-0.453341887,0.992315635,43.78002437,30.69271314,3.077391893,-99.99,-99.99,-99.99,-99.99
5/24/2019,-0.597106452,0.936420893,41.30247197,32.32102058,2.903537188,-99.99,-99.99,-99.99,-99.99
5/25/2019,-0.651187391,0.909532994,40.11016933,34.69761907,2.820117806,0.5,-99.99,-99.99,-99.99
5/26/2019,-0.696629437,0.861322293,37.9841172,34.15866783,2.672075294,-99.99,-99.99,-99.99,-99.99
5/27/2019,-0.66216767,0.873738933,38.53083109,36.70770896,2.705721353,-99.99,-99.99,-99.99,-99.99
5/28/2019,-0.474435572,0.882977429,39.11293612,37.89114254,2.700870845,-99.99,-99.99,-99.99,-99.99
5/29/2019,-0.320158099,0.89688354,39.51268318,36.50298981,2.728654684,0.9,-99.99,-99.99,-99.99
5/30/2019,-0.208825258,0.940200648,41.42756079,36.05576589,2.863387934,-99.99,-99.99,-99.99,-99.99
5/31/2019,-0.060405489,0.903094684,39.78931479,34.67929234,2.747973272,-99.99,-99.99,-99.99,-99.99
6/1/2019,0.096043283,0.956081424,42.51786501,33.07140239,2.911524599,-99.99,21.9475472,18.7187421,10.0796226
6/2/2019,0.091619174,1.053844478,46.84078317,32.87369103,3.214096981,0.8,21.8409312,18.7035441,17.4790827
6/3/2019,0.043207237,1.148290914,51.01109335,31.71680877,3.507863155,-99.99,21.961324,18.5177003,25.7577003
6/4/2019,0.249347624,1.156625964,51.39404546,26.65264749,3.531995929,-99.99,21.9525,18.4841667,22.9747222
6/5/2019,0.38485954,1.189468412,52.85869184,24.37435622,3.629591962,-99.99,21.7494093,18.4251564,21.2640723
6/6/2019,0.265353218,1.223311993,54.3666464,20.56722786,3.733467787,0.2,21.6711605,18.3864489,23.60959
6/7/2019,0.040676836,1.164750252,51.68908317,17.99199735,3.597430996,-99.99,21.5597222,18.3936806,23.3730556
6/8/2019,-0.314360733,1.110357056,49.50117912,17.53238476,3.453745874,-99.99,21.4184722,18.5009028,21.7967361
6/9/2019,-0.555359785,1.0539728,47.00754641,17.35036159,3.278543562,-99.99,21.5068198,18.5346555,20.4189283
6/10/2019,-0.87476287,1.060222905,47.28051609,18.72912407,3.297983929,0.2,21.4285017,18.3015331,19.5087108
6/11/2019,-1.19720599,1.02841618,45.48402796,19.68221122,3.200310758,-99.99,21.4784819,18.3385097,19.0442897
6/12/2019,-1.389921813,1.009173481,44.62737675,21.54036352,3.14062062,-99.99,21.3052192,18.4851079,18.3890049
6/13/2019,-1.408020154,0.921312249,40.75143075,20.47230658,2.868059059,-99.99,21.2481944,18.6048611,17.5109028
6/14/2019,-1.774856375,0.942297688,41.46702978,22.22516583,2.920187248,0.3,21.33,18.7332639,16.4952778
6/15/2019,-1.994169254,0.9534098,41.94318976,24.66398482,2.958792572,-99.99,21.4216667,18.7234722,15.4617361
6/16/2019,-1.864722547,0.88808194,39.05346831,24.63641883,2.756495179,-99.99,21.3950694,18.8210417,14.7448611
6/17/2019,-1.956635358,0.893305824,39.27763729,27.91342769,2.772930588,-99.99,21.3340972,18.8915278,14.0050694
6/18/2019,-1.87301886,0.874509777,38.44295886,29.41861366,2.717352892,0.2,21.4957521,18.9685237,13.0827298
6/19/2019,-1.773895947,0.854422967,37.54991251,30.29814774,2.654829106,-99.99,21.4675,18.940625,12.5195139
6/20/2019,-1.611742536,0.807673711,35.48009145,29.85913123,2.511945474,-99.99,21.5,19.0438889,11.84375
6/21/2019,-1.380836528,0.733191177,32.19115521,29.92520217,2.284708986,-99.99,21.5,18.9940972,11.3102778
6/22/2019,-1.180596751,0.635877481,27.86926015,28.5881332,1.98119409,0.2,21.5,18.9866388,11.1595685
6/23/2019,-1.170876234,0.61165592,26.7983971,30.64808065,1.907074313,-99.99,21.4457143,19.1709408,10.8779094
6/24/2019,-1.036246195,0.588099633,25.95477915,33.90668273,1.850076078,-99.99,21.4126389,19.3402778,10.5113889
6/25/2019,-0.934578257,0.563302187,24.8581089,35.11512015,1.774786113,-99.99,21.5965278,19.375,9.9795139
6/26/2019,-0.968219385,0.58000532,25.58627046,39.00379939,1.838794884,0.3,21.6193056,19.2015972,9.7539583
6/27/2019,-0.850575582,0.542276261,23.91598205,39.16178853,1.739105581,-99.99,21.6457639,19.2079167,9.521875
6/28/2019,-0.732797375,0.471625406,20.79904765,38.19214612,1.522394479,-99.99,21.6097222,19.1852778,9.3445139
6/29/2019,-0.684180444,0.458255379,20.20864523,40.5181204,1.483267537,-99.99,21.4525694,19.1990972,9.3184028
6/30/2019,-0.667202171,0.461129387,20.33150977,43.68167309,1.49743994,0.3,21.4001389,19.289375,9.1648611
7/1/2019,-0.58604739,0.443973833,19.49809311,44.76786219,1.440957453,-99.99,21.5377778,19.3139583,9.0263194
7/2/2019,-0.529408065,0.432398352,19.00933571,45.96611636,1.415248657,-99.99,21.6422917,19.3983333,8.8684722
7/3/2019,-0.439973611,0.419756483,18.32534493,47.80881951,1.375436355,-99.99,21.6919444,19.31375,8.5619444
7/4/2019,-0.332586883,0.380309479,16.58256098,48.02030685,1.266623975,1.2,21.6990278,19.2611111,8.3645139
7/5/2019,-0.268144287,0.346046087,15.07091627,48.309182,1.164061415,-99.99,21.6021528,19.3086111,8.3301389
7/6/2019,-0.212461551,0.32058039,13.94911462,48.67196914,1.08119606,-99.99,21.5774306,19.3874306,8.1924306
7/7/2019,-0.197127894,0.300144689,12.97834564,50.13628912,0.999929688,-99.99,21.5509028,19.3065278,7.8888194
7/8/2019,-0.174878736,0.287599661,12.42342678,50.24449656,0.964544363,1.1,21.6979833,19.2376217,7.9205146
7/9/2019,-0.09062917,0.253415675,10.91484931,49.91303815,0.866289514,-99.99,21.7613194,19.3988889,7.8997222
7/10/2019,-0.05278286,0.233130244,10.02097623,48.43914832,0.806271647,-99.99,21.7991661,19.3835997,7.6958999
7/11/2019,-0.056883491,0.22105365,9.563032555,48.58932796,0.778970205,-99.99,21.7240278,19.3215972,7.5717361
7/12/2019,-0.029523461,0.210984165,9.120276252,48.56346911,0.75154928,1.1,21.7579861,19.4035417,7.5821528
7/13/2019,0.013689478,0.223733984,9.571942702,47.7127414,0.751451372,-99.99,21.8159028,19.3059028,7.4211111
7/14/2019,0.030012715,0.210930691,9.010861135,46.96866613,0.707085558,-99.99,21.8870833,19.1813889,7.3151389
7/15/2019,0.053099516,0.202167119,8.625989153,46.09698915,0.672880818,-99.99,21.6112735,19.195755,7.2195546
7/16/2019,0.044412745,0.201992692,8.616301339,46.35104731,0.674150824,1.2,21.5007655,19.1082116,7.0888657
7/17/2019,0.055731071,0.193666965,8.319985388,44.15592029,0.659990629,-99.99,21.557312,19.0410864,6.9681058
7/18/2019,0.018717615,0.207990672,8.950997068,47.43700994,0.697993865,-99.99,21.5829861,18.9602778,7.0545833
7/19/2019,0.002106135,0.211257811,9.094142605,47.27569831,0.701621125,-99.99,21.5938194,19.0146528,7.0866667
7/20/2019,-0.013318465,0.218013438,9.388228227,50.51107538,0.726222617,0.9,21.555,18.9305556,7.0182639
7/21/2019,-0.042123739,0.230061559,9.918182372,53.49089099,0.761564116,-99.99,21.2329167,18.9852778,7.0866667
7/22/2019,-0.068150103,0.232406605,10.01973042,55.41609989,0.770133667,-99.99,21.1756606,19.0600139,6.9381085
7/23/2019,-0.077357523,0.196511408,8.667813906,55.04590929,0.715069069,-99.99,21.2215031,19.0005567,6.9894224
7/24/2019,-0.091381679,0.187629693,8.232573101,55.01068565,0.683971103,0.5,21.3586111,19.125625,6.924375
7/25/2019,-0.059247205,0.180597537,7.922379812,54.15656329,0.662790976,-99.99,21.3193593,19.0705637,6.9069589
7/26/2019,0.075921835,0.202759112,8.869018657,49.96240836,0.718431594,-99.99,21.363125,19.1346528,6.9184028
7/27/2019,0.249223593,0.294919373,12.93576883,49.86294073,0.993240273,-99.99,21.5706944,19.0581944,6.7420139
7/28/2019,0.361561162,0.30496804,13.37982899,47.5420304,1.040666395,0.7,21.5618056,18.9599306,6.6022917
7/29/2019,0.435349958,0.403418676,17.82288508,49.12733538,1.321677624,-99.99,21.4102778,18.9046528,6.5560417
7/30/2019,0.462727954,0.444641472,19.64686225,48.76639805,1.442530584,-99.99,21.4018056,18.9275694,6.4713194
7/31/2019,0.478420839,0.465704784,20.44996382,48.72576086,1.491338083,-99.99,21.4581476,18.8625348,6.3951253
8/1/2019,0.466593807,0.487556348,21.41135066,49.77008271,1.55048949,0.5,21.564375,18.7345139,6.4288889
8/2/2019,0.492758145,0.489707799,21.50596521,51.08818805,1.556316455,-99.99,21.5050694,18.72125,6.5568056
8/3/2019,0.513775874,0.501192391,22.05529888,52.67601087,1.593009136,-99.99,21.2936806,18.6904167,6.7289583
8/4/2019,0.456849602,0.499985802,22.01401271,57.52451447,1.605714811,-99.99,21.2915972,18.6954167,6.9528472
8/5/2019,0.353343813,0.462466891,20.39271199,60.53951722,1.499582783,0.6,21.5847917,18.8859722,7.2334028
8/6/2019,0.22237189,0.362268134,15.97271556,60.44011728,1.193871091,-99.99,21.623697,19.0216122,7.3567755
8/7/2019,0.144388602,0.335483103,14.74778032,62.8437448,1.097028739,-99.99,21.6025766,19.0889276,7.3517409
8/8/2019,0.073375516,0.228324286,9.92089964,63.20829674,0.800117416,-99.99,21.6625694,19.0584722,7.1724306
8/9/2019,0.086103173,0.169003693,7.30180288,59.91573181,0.622141834,0.2,21.665,19.0175,7.0556944
8/10/2019,0.105156505,0.135997412,5.973531434,57.13916272,0.532107336,-99.99,21.66375,18.9553472,6.863125
8/11/2019,0.148779193,0.108393112,4.75924793,54.50631802,0.448575646,-99.99,21.6380654,18.9270007,6.706263
8/12/2019,0.143421639,0.098477944,4.321516993,53.06440546,0.413999923,-99.99,21.327627,18.7751566,6.6500348
8/13/2019,0.148372896,0.082418838,3.612126957,51.42663332,0.369221733,0.5,21.4322222,18.8229167,6.6871528
8/14/2019,0.213351951,0.079377286,3.448704962,46.18225171,0.34762042,-99.99,21.5075694,18.8565278,6.5171528
8/15/2019,0.224906464,0.077592652,3.370665867,45.63054172,0.342914433,-99.99,21.532707,18.5940153,6.2738344
8/16/2019,0.175468608,0.076961518,3.341472123,48.10673914,0.349561655,-99.99,21.5188587,18.5000696,6.3394572
8/17/2019,0.182999977,0.074080012,3.256466087,46.81603807,0.351101712,0.4,21.3349306,18.4855556,6.2720139
8/18/2019,0.149322795,0.074625438,3.248232922,47.78921544,0.351154009,-99.99,21.4676389,18.485,6.1389583
8/19/2019,0.131661751,0.07288224,3.169973849,50.16138736,0.356524493,-99.99,21.4665972,18.4545139,6.0518056
8/20/2019,0.16097634,0.129488724,5.675988587,54.07635103,0.538306553,-99.99,21.493737,18.3546973,6.1562283
8/21/2019,0.127237713,0.134016104,5.873386323,58.07107776,0.563083137,0.2,21.2382046,18.4727905,6.2562978
8/22/2019,0.130089169,0.135558952,5.94063102,58.29282384,0.569884882,-99.99,21.1987456,18.5535889,6.2159582
8/23/2019,0.107672164,0.147131954,6.451563902,60.35337594,0.601988591,-99.99,21.2749826,18.6192495,6.3695622
8/24/2019,0.064893469,0.146769007,6.450275548,62.24157975,0.608957235,-99.99,21.4788889,18.6654167,6.2195139
8/25/2019,0.054958255,0.140613076,6.177596132,62.41680156,0.599780546,0.5,21.4120474,18.6456825,6.1692201
8/26/2019,0.132263918,0.171710948,7.521071797,60.45670562,0.688133904,-99.99,21.3686806,18.6646528,6.1547222
8/27/2019,0.407651114,0.311865514,13.71151421,59.82691644,1.110651793,-99.99,21.3176389,18.6834722,6.1250694
8/28/2019,0.787856171,0.503506628,22.21747295,55.69125028,1.693283335,-99.99,21.329375,18.675,6.12125
8/29/2019,1.016106403,0.627593968,27.70794729,51.61246017,2.05485823,0.4,21.4603472,18.7569444,6.0254167
8/30/2019,1.163113193,0.671249905,29.6350536,46.05700992,2.179824625,-99.99,21.6757639,18.6811111,5.9802083
8/31/2019,1.311244414,0.736061616,32.50551132,40.1639594,2.362404963,-99.99,21.6363194,18.6065278,5.8793056
9/1/2019,1.347766467,0.837313925,36.97509121,40.34051607,2.664325384,-99.99,21.2107939,18.4405989,10.5382312
9/2/2019,1.440708859,0.88027519,38.87767236,35.93720668,2.785356558,0.5,21.3169916,18.1905292,22.6585655
9/3/2019,1.495756384,0.925701972,40.89088416,33.55727064,2.90787753,-99.99,21.2295549,18.0833797,20.2481224
9/4/2019,1.443719374,1.001033424,44.21734071,32.02098118,3.123897593,-99.99,21.0794444,18.0329167,19.1817361
9/5/2019,1.323200177,1.033089733,45.66521704,30.82357801,3.218787554,-99.99,21.153125,18.0501389,18.3031944
9/6/2019,0.912517834,0.995376773,44.00197419,30.30898906,3.096123676,0.2,20.9748086,18.1412665,17.5997216
9/7/2019,0.450150346,0.901918504,39.94681994,32.47415267,2.812719153,-99.99,21.015299,18.2454103,16.500904
9/8/2019,0.08817413,0.858607533,38.1071945,36.4938984,2.692158358,-99.99,21.1612701,18.0485694,15.4352408
9/9/2019,-0.202093386,0.839924376,37.26504924,40.48081244,2.639810867,-99.99,20.9052778,18.1400694,14.8529861
9/10/2019,-0.401707943,0.843489071,37.40728636,44.62589805,2.655165991,0.2,20.9195833,18.1298611,14.20375
9/11/2019,-0.491428895,0.805658475,35.73425425,47.14292256,2.546391002,-99.99,21.0982639,18.1910417,13.71625
9/12/2019,-0.623805786,0.798010989,35.38838306,52.22884513,2.530055514,-99.99,21.0997917,18.4519444,13.2556944
9/13/2019,-0.676470219,0.792938623,35.15331536,55.15184457,2.522140892,-99.99,21.0876389,18.6938194,12.5072917
9/14/2019,-0.690482187,0.761121211,33.7456567,60.49442793,2.423289439,0.1,20.9489583,18.79375,11.6949306
9/15/2019,-0.674434178,0.725422748,32.16477651,64.96812325,2.32358605,-99.99,21.2276389,18.9775694,11.0336111
9/16/2019,-0.590471106,0.649327213,28.79887264,68.18396878,2.098985396,-99.99,21.20875,19.0695833,10.3959028
9/17/2019,-0.504789562,0.567885386,25.11708974,69.42560327,1.852930888,-99.99,21.1227778,19.0865972,9.8872222
9/18/2019,-0.375052234,0.508547151,22.41175555,70.09265349,1.666884293,0.3,21.1611266,19.0850487,9.4463143
9/19/2019,-0.285634413,0.424632592,18.71631618,69.55469317,1.411988862,-99.99,21.2615331,19.0526132,9.0556794
9/20/2019,-0.256010616,0.380382156,16.76798815,70.26595502,1.279745414,-99.99,21.3538248,19.0640473,8.7403338
9/21/2019,-0.249887443,0.343598534,15.1467256,70.06989537,1.162959439,-99.99,21.158125,19.0538889,8.4019444
9/22/2019,-0.219063356,0.320192061,14.11403337,68.87039179,1.092972885,0.4,21.0479861,19.04,8.1714583
9/23/2019,-0.239251462,0.294541069,12.98160759,72.57840614,1.019299831,-99.99,21.1997222,19.0611111,7.9739583
9/24/2019,-0.185676674,0.26263479,11.57016544,71.79068519,0.952351593,-99.99,21.2002778,18.960625,7.6354167
9/25/2019,-0.134850349,0.246504709,10.85462516,72.26413426,0.921870053,-99.99,21.2134685,18.8884226,7.4900868
9/26/2019,-0.015637749,0.2985625,12.8356156,71.74327068,1.043035219,0.5,21.2596528,18.8461111,7.3459722
9/27/2019,0.156445971,0.352044268,15.2049559,69.09333101,1.187307088,-99.99,21.3938151,18.7220292,7.0974983
9/28/2019,0.151182893,0.372276467,16.09847697,69.47708921,1.24902684,-99.99,21.4032639,18.7843056,7.2179861
9/29/2019,0.12496394,0.392433698,16.98854526,72.34908325,1.307324278,-99.99,21.5229167,18.9461806,7.1247917
9/30/2019,0.193067984,0.420781224,18.28795504,67.27563905,1.388202782,0.2,21.4645139,19.0307639,6.8663194
10/1/2019,0.330133156,0.516195975,22.38531441,63.6659745,1.647459011,-99.99,21.4189583,19.0336111,6.7406944
10/2/2019,0.329282521,0.555941736,24.1818697,65.15318529,1.766895977,-99.99,21.3011806,18.7366667,6.3281944
10/3/2019,0.34391446,0.577482959,25.13356345,66.31076734,1.831020058,-99.99,21.4072222,18.6305556,6.5655556
10/4/2019,0.496338902,0.668244012,29.14360728,64.08271719,2.094481554,0.5,21.4755556,18.6565278,6.7253472
10/5/2019,0.715149365,0.829473978,36.27587613,59.34538664,2.569608398,-99.99,21.4180556,18.6309028,6.5618056
10/6/2019,1.018598119,0.95252365,41.95043576,54.63686996,2.971409221,-99.99,21.1170139,18.45375,6.3533333
10/7/2019,1.271965961,1.115049519,49.14606401,52.29386875,3.477616306,-99.99,21.160334,18.3052888,6.5574113
10/8/2019,1.474669599,1.283571352,56.60777967,47.88184842,3.992082735,0.6,21.3277778,18.5730556,6.871875
10/9/2019,1.721873892,1.415688555,62.45436788,41.91657712,4.393969553,-99.99,21.2122222,18.643125,6.9909028
10/10/2019,1.75605864,1.569387895,69.23085319,42.17202022,4.871305008,-99.99,21.1815972,18.4240278,12.5834028
10/11/2019,1.604553639,1.659167881,73.42666935,42.68057834,5.182310082,-99.99,21.2490972,18.0747917,22.6643056
10/12/2019,1.759928799,1.741020116,76.80037647,36.78793326,5.397147631,1.3,21.1433634,17.9753301,24.7407227
10/13/2019,1.717772176,1.833099826,80.56838485,28.90507556,5.647522744,-99.99,21.1073868,17.934007,27.2513589
10/14/2019,1.377167339,1.883587212,82.76674477,24.69227538,5.793199799,-99.99,20.9901389,17.990625,25.1069444
10/15/2019,1.149733106,1.981980924,87.09536942,24.75869185,6.081193303,-99.99,20.9115278,18.0522222,23.5859028
10/16/2019,0.811600874,1.998714507,87.81064042,24.91884092,6.133804709,0.7,20.9264767,18.34246,22.2747047
10/17/2019,0.417674465,1.96415405,86.24899763,24.34652543,6.032950466,-99.99,20.8759722,18.4156944,24.5724306
10/18/2019,0.057667948,1.970541484,86.50630696,26.04528394,6.05107849,-99.99,20.8069444,18.1060417,29.2683333
10/19/2019,-0.344673231,2.046050731,89.84096638,25.9875307,6.286196672,-99.99,20.6672006,18.516922,29.9013231
10/20/2019,-0.628049828,2.054945838,90.24693396,25.629968,6.312133216,1.3,20.6366481,21.7527816,27.3198887
10/21/2019,-0.871394714,2.137997621,94.0336714,25.34986337,6.559833974,-99.99,20.8562674,23.5277159,25.6029248
10/22/2019,-1.212477643,2.238460398,98.93002925,26.57222063,6.910294641,-99.99,20.9847387,24.1739373,24.0803484
10/23/2019,-1.334517718,2.332369983,103.2447739,29.02772323,7.216319993,-99.99,20.9986111,24.4239583,22.9272222
10/24/2019,-1.190716268,2.37281611,105.0529782,30.44732472,7.335393373,1,20.8037526,24.594788,29.0722724
10/25/2019,-1.328271171,2.284237394,101.1487871,29.35253834,7.065162091,-99.99,20.7954007,27.3112892,30.6122648
10/26/2019,-1.366219876,2.280721435,101.0059832,29.16243064,7.040921792,-99.99,20.6684722,29.3661111,30.5774306
10/27/2019,-1.499918435,2.310010114,102.3119891,29.85680262,7.12538103,-99.99,20.8902778,29.47375,28.4304167
10/28/2019,-1.497193481,2.282512163,101.1045522,28.46097778,7.040112785,1.7,20.9999306,29.2909028,26.6990278
10/29/2019,-1.44046365,2.266370759,100.3765075,29.33650299,6.990558327,-99.99,20.999375,29.0361111,25.2036111
10/30/2019,-1.581890845,2.303209392,101.9878943,29.11401635,7.105107904,-99.99,21,28.7934028,23.9604167
10/31/2019,-1.578733228,2.233948565,98.70422523,28.02603073,6.900892217,-99.99,20.9998611,28.548125,23.5297917
11/1/2019,-1.691524973,2.183335896,96.23125732,27.4828225,6.746362529,1.4,21,28.3576389,23.4
11/2/2019,-1.709305522,2.115916349,93.37903675,26.72534835,6.553614969,-99.99,21,28.1455687,23.0219819
11/3/2019,-1.96201449,2.109810437,93.11555186,27.11686538,6.548472119,-99.99,20.9999304,27.9524704,22.5075852
11/4/2019,-2.136457366,2.101667055,92.74700166,28.26245235,6.541084922,-99.99,21,27.7379694,24.5554937
11/5/2019,-2.387850424,2.053277112,90.60159714,29.23566128,6.407800464,1.6,21.0027778,27.7320833,23.395625
11/6/2019,-2.518621096,2.006330715,88.52621175,30.58300234,6.262554473,-99.99,21.0014583,27.7074306,21.9797917
11/7/2019,-2.630842031,2.002785593,88.37227759,31.48635663,6.250884496,-99.99,21.0011111,27.6968056,20.6027083
11/8/2019,-2.662969496,1.954368736,86.32297141,31.26285652,6.09378201,-99.99,21.0452712,27.4926287,19.7141864
11/9/2019,-2.599255643,1.881126961,83.10083267,31.568122,5.867250225,1.5,20.9690278,27.2791667,18.60625
11/10/2019,-2.612879078,1.826864905,80.71930739,32.23997015,5.692355217,-99.99,21.253125,27.1327778,17.5988194
11/11/2019,-2.840906608,1.834501132,81.06291751,34.83616817,5.603602556,-99.99,21.2821528,26.96875,16.4219444
11/12/2019,-3.029308902,1.831197314,80.9164088,36.61534414,5.600884202,-99.99,21.1306944,26.749375,15.0872917
11/13/2019,-3.045429053,1.781001032,78.69348206,37.95877675,5.448954066,1.5,21.123125,26.3218056,14.5545833
11/14/2019,-3.037200205,1.743100731,77.02421166,39.85338097,5.331334771,-99.99,21.2180556,26.0830556,14.1726389
11/15/2019,-2.931263721,1.812612203,80.25747523,41.34381736,5.536137929,-99.99,21.2020139,25.7911806,14.0014583
11/16/2019,-2.842953464,1.865426922,85.16402493,40.34895096,5.644840526,-99.99,20.9332639,25.5911806,13.8264583
11/17/2019,-2.96123337,1.967967823,89.96054105,40.77908273,5.972501675,1.1,20.9579861,25.3752083,13.5586111
11/18/2019,-2.749331736,1.931377266,87.75370224,40.16603658,5.756578639,-99.99,21.0569241,25.0758525,13.2373695
11/19/2019,-2.583542381,1.901841852,86.84876938,37.89020494,5.689469206,-99.99,21.2099306,24.7883333,12.9738889
11/20/2019,-2.68559778,1.888017873,88.71628474,36.28792466,5.638318356,-99.99,21.2289583,24.2609722,12.6032639
11/21/2019,-2.431597685,1.841345654,89.50564094,33.36110819,5.509693184,0.4,21.0443056,23.8731944,12.4346528
11/22/2019,-2.371262793,1.935803821,93.67640582,32.93942611,5.796829624,-99.99,20.9769444,23.6704861,26.3913194
11/23/2019,-2.225622772,2.009916407,97.87579075,32.27859613,6.027824264,-99.99,21.2498611,30.5789583,30.84125
11/24/2019,-1.980567316,2.054568348,100.0234982,29.95576655,6.162685155,-99.99,27.2065972,32.4127778,30.1142361
11/25/2019,-2.003196181,2.009139354,97.97652197,27.54301658,6.010121184,1.4,29.722439,50.2816028,36.3870383
11/26/2019,-1.806509052,2.03449567,98.40298853,27.52426929,5.981021514,-99.99,30.6143433,55.5059764,36.1711605
11/27/2019,-1.509735658,1.925064711,93.35532572,25.33144871,5.553956331,-99.99,29.1681723,43.6615705,31.8742877
11/28/2019,-1.778868047,1.966646416,95.58318763,25.77920905,5.770582036,-99.99,28.4838889,40.9961111,29.3471528
11/29/2019,-1.918018082,2.00523487,96.67041609,26.38029099,5.895063145,1.4,28.1077083,39.8588194,27.4571528
11/30/2019,-1.839929979,1.967610927,92.84099607,26.48082676,5.779389352,-99.99,28.7656944,47.5320139,34.9777778
12/1/2019,-1.933342817,1.983162615,91.93401645,27.85117883,5.887461295,-99.99,30.2001837,51.8671994,36.961501
12/2/2019,-1.678333186,1.880000773,88.69741292,25.57708596,5.506090915,-99.99,29.3839944,51.5166319,36.6024356
12/3/2019,-1.628390595,1.81097444,84.15269352,23.2646617,5.178963619,1.5,29.2569241,49.1063326,35.301531
12/4/2019,-1.803284695,1.750497687,81.70205436,22.0672207,5.00279006,-99.99,28.7919164,48.1142857,35.0243902
12/5/2019,-1.831836048,1.713407964,79.09758074,21.91048824,4.792456069,-99.99,28.7277855,52.6633008,38.5670613
12/6/2019,-2.051846595,1.681401035,76.36089161,21.54797681,4.848050958,-99.99,29.3822222,52.9097222,39.4015278
12/7/2019,-2.255290624,1.76573036,80.29350858,23.46594137,5.19377615,0.5,29.1685417,54.2131944,39.3169444
12/8/2019,-2.237181703,1.838178514,83.47313321,24.77050096,5.424389428,-99.99,29.3208333,54.964375,40.0471528
12/9/2019,-1.916479117,1.838044432,83.6686282,25.50189144,5.427535363,-99.99,29.2017361,54.5333333,39.7203472
12/10/2019,-1.715742021,1.874798316,84.86913747,25.7392215,5.577167643,-99.99,29.1020891,53.606546,39.3860724
12/11/2019,-1.620947853,1.897931057,85.13578175,25.99898886,5.665842849,2.1,29.0725436,53.4613937,38.955331
12/12/2019,-1.659188847,1.936845536,85.53966662,26.89908671,5.861626287,-99.99,28.7479861,47.3547222,36.3311111
12/13/2019,-1.592257313,2.007380042,89.2230463,28.66402037,6.196201878,-99.99,28.5946528,45.06125,34.0320139
12/14/2019,-1.460759927,2.105204206,93.14376284,30.48193355,6.49469717,-99.99,28.339749,43.6439024,31.413101
12/15/2019,-1.430125115,2.197144045,98.07053904,31.95073642,6.89569066,1.7,28.2215278,42.9199306,29.4390972
12/16/2019,-1.360140743,2.129705457,95.11773019,30.9664034,6.688927013,-99.99,28.1803472,42.4011111,29.5003472
12/17/2019,-1.357015665,2.034991809,90.72506455,30.09717984,6.391472027,-99.99,28.0501391,41.6246175,28.1303894
12/18/2019,-1.357263212,1.974577449,88.06489657,29.58796516,6.202371904,-99.99,27.8124306,41.0878472,26.2725
12/19/2019,-1.546402655,1.926214958,85.73715373,28.15444942,6.04822642,1.7,27.7878472,40.6152083,24.3232639
12/20/2019,-1.865053175,1.982927538,88.26913703,29.01688101,6.234982561,-99.99,27.6172917,40.0891667,22.5145139
12/21/2019,-1.898925825,1.963658591,86.91989091,28.42723069,6.180674566,-99.99,27.8681944,39.6307639,20.8415278
12/22/2019,-2.332790256,1.986839544,87.9315785,29.41892078,6.238757698,-99.99,27.5431944,39.0679861,20.0171528
12/23/2019,-2.396674984,1.960933232,86.96733736,28.6666832,6.15853682,1.5,27.6310417,38.6934028,19.4661806
12/24/2019,-2.743529723,1.929763707,85.58958776,27.85966237,6.059199019,-99.99,27.2772222,38.211875,19.8065972
12/25/2019,-2.896298098,1.918906144,85.11800955,27.33982285,6.026392583,-99.99,27.3638194,37.8883333,20.8709722
12/26/2019,-3.012071842,1.978308665,87.66970954,28.04741752,6.212620494,-99.99,27.380459,37.5380389,24.4513908
12/27/2019,-2.991686315,2.079706707,92.12994429,27.91384816,6.520273538,0.2,27.1804167,38.5951389,32.763125
12/28/2019,-2.92643122,2.098717619,92.96429466,27.43073811,6.583728818,-99.99,27.4341667,51.4334028,37.2613194
12/29/2019,-2.93746951,2.142365993,94.88397272,28.56478818,6.714349378,-99.99,27.73875,49.9504167,36.0947917
12/30/2019,-2.847416946,2.130975724,94.17564192,28.88425376,6.634819975,-99.99,27.6213194,44.6959028,33.1345139
12/31/2019,-3.035833239,2.163341709,95.59427197,29.4389038,6.721957461,1.4,27.7122917,43.1380556,31.176875
1/1/2020,-3.070984603,2.19537642,97.47861508,29.79409583,6.791712626,-99.99,27.6797222,42.0363194,29.3253472
1/2/2020,-3.194866533,2.181055831,97.01384078,29.87398923,6.718734005,-99.99,27.4406944,41.56625,27.1389583
1/3/2020,-2.923043076,2.237133189,100.0997774,29.46717531,6.875871913,-99.99,27.4,41.1713889,25.1591667
1/4/2020,-3.113460233,2.175236805,97.36953539,29.02482771,6.686668593,1.8,27.4126565,40.6602225,23.6134214
1/5/2020,-3.191007943,2.189239859,97.97690162,28.80590197,6.732326354,-99.99,27.2226481,40.2395819,22.1908014
1/6/2020,-3.253064671,2.185959976,97.81854983,28.61921569,6.707473137,-99.99,27.1543811,39.8985396,21.9575104
1/7/2020,-3.26495351,2.190650597,98.01165798,28.80096095,6.725307285,-99.99,27.2350767,39.4808926,31.5421897
1/8/2020,-2.961888403,2.150711775,96.34910337,27.39818844,6.605070882,0.7,27.3419736,38.7756776,34.7940931
1/9/2020,-3.087620508,2.131478427,95.49575222,26.56754052,6.574522237,-99.99,27.2516667,38.7989583,33.6315278
1/10/2020,-3.153241783,2.146291287,96.14819892,26.71235786,6.597506194,-99.99,27.1,38.8704861,32.3432639
1/11/2020,-2.89367977,2.082325992,92.86594768,25.46414779,6.432068166,-99.99,27.1000694,38.9106944,30.5395139
1/12/2020,-2.912404911,2.050846715,91.13159097,25.00078966,6.355669278,0.6,27.1013222,38.8349339,28.6504523
1/13/2020,-3.066299138,2.010063246,88.7083723,25.90092693,6.241297826,-99.99,27.1993056,44.4634722,35.8602778
1/14/2020,-2.955223471,2.072706573,91.45605122,26.31283764,6.428866609,-99.99,27.0905556,43.5965278,33.48875
1/15/2020,-2.950159497,2.091612305,92.28098562,26.95915875,6.462935483,-99.99,26.8434028,42.1652778,31.7655556
1/16/2020,-3.068851333,2.059272626,90.85900985,27.02714846,6.385292557,1.5,26.8043175,41.4181058,30.1412953
1/17/2020,-3.355588596,2.035596473,89.82900122,26.0989846,6.300081572,-99.99,26.809388,40.9034771,28.5772601
1/18/2020,-3.751753768,2.042184816,90.20472468,27.047192,6.313348228,-99.99,26.8447772,40.5623955,26.7474234
1/19/2020,-3.63765657,1.954456572,86.33770563,26.18899772,6.040206078,-99.99,26.923419,40.0457957,24.67123
1/20/2020,-3.41467387,1.842982271,81.31654893,25.35114418,5.704531099,2.1,27.015625,39.6211111,22.9178472
1/21/2020,-3.173352464,1.800136747,79.42034047,25.97958656,5.501531104,-99.99,27.0777083,39.0864583,20.9394444
1/22/2020,-3.357149781,1.792831509,79.22557913,27.33060604,5.472126251,-99.99,27.0794444,38.4469444,19.4376389
1/23/2020,-3.540211813,1.702713988,75.93145077,28.11342893,5.192798087,-99.99,26.9416667,37.8020833,18.3370139
1/24/2020,-3.621865057,1.711689195,76.3349115,29.56220773,5.220939023,1.6,26.8109028,37.119375,17.5172222
1/25/2020,-3.663047712,1.705742198,76.0880428,30.60593551,5.219471129,-99.99,26.8,36.4799861,16.8222377
1/26/2020,-3.446481066,1.716801546,76.58336843,30.96331832,5.253921719,-99.99,26.8200694,35.9743056,25.8611806
1/27/2020,-3.281926607,1.743706242,77.78298719,31.70429806,5.3260067,-99.99,26.7825,35.3036806,31.1697222
1/28/2020,-3.55231666,1.764905216,78.72032242,31.0023076,5.379056626,2.1,26.5333102,40.2015994,34.3667594
1/29/2020,-3.809107547,1.886634008,84.08131034,32.56626178,5.768531304,-99.99,26.5872133,39.2923558,31.9735928
1/30/2020,-3.962960103,1.98194467,88.39753785,33.37467829,6.089713199,-99.99,26.5999306,38.3117361,30.1934722
1/31/2020,-4.437804613,2.090024972,93.22654125,34.08576429,6.456113569,-99.99,26.5986101,37.4846421,28.2717165
2/1/2020,-4.36852157,2.209707127,98.2869121,34.35110729,6.840925381,1.4,26.5998608,47.7426583,35.8160056
2/2/2020,-4.118686302,2.349110574,104.0175945,33.93030896,7.277877725,-99.99,26.8956159,51.6802366,37.0275574
2/3/2020,-3.878138075,2.366959893,104.8024898,32.4813962,7.352890352,-99.99,27.4126389,50.5621528,35.8870139
2/4/2020,-3.910195488,2.402654322,106.3770615,31.62556165,7.449459578,-99.99,27.3365278,45.3345139,33.3442361
2/5/2020,-4.23136075,2.433820999,107.7373166,31.75884273,7.548186093,1.7,27.4379861,43.6610417,31.5227778
2/6/2020,-4.278114349,2.475340159,109.5135887,31.10277769,7.697122411,-99.99,27.302714,42.8372303,29.5438413
2/7/2020,-4.233631444,2.524491781,111.4690061,32.3155546,7.872165002,-99.99,27.235421,41.9857342,27.0903271
2/8/2020,-3.918795132,2.483831634,109.670349,32.56284352,7.747552083,-99.99,27.1102154,41.4282835,24.8797081
2/9/2020,-3.846769805,2.438200699,107.6593565,33.20968537,7.595589217,1.1,26.9789583,40.9801389,23.0645139
2/10/2020,-3.483001205,2.364844752,104.3745561,32.36213993,7.382716247,-99.99,27.0227778,40.1946528,21.0225694
2/11/2020,-3.360120374,2.27161712,100.3658287,31.76471529,7.066165648,-99.99,26.9533009,39.4959694,19.0696317
2/12/2020,-3.464323129,2.2344602,98.70892564,33.030722,6.933522485,-99.99,26.9249479,38.5822794,17.6988186
2/13/2020,-3.509945529,2.209641892,97.61263199,34.80695921,6.837973147,1.3,26.7472474,37.758676,16.8142857
2/14/2020,-3.288942552,2.148268659,94.89352128,35.72808982,6.649473794,-99.99,26.6677801,36.8364649,16.195755
2/15/2020,-3.078568883,2.145673075,95.01221447,37.37169983,6.617421799,-99.99,26.4716771,35.9899791,15.7002088
2/16/2020,-3.095027195,2.108578432,93.39544419,40.17502899,6.509120779,-99.99,26.4999304,35.0878134,15.4276462
2/17/2020,-2.970474492,2.023921688,89.68117984,41.06295551,6.258671372,1.2,26.4088194,34.2311111,15.5668056
2/18/2020,-3.010676813,1.987466136,88.07813283,41.91106876,6.130428635,-99.99,26.3720139,33.37875,15.5159028
2/19/2020,-2.997344917,1.994230479,88.36334627,43.12791786,6.162628718,-99.99,26.3448611,32.5395833,15.5204167
2/20/2020,-3.204080745,2.016800197,89.40117228,45.80794709,6.246784655,-99.99,26.1072917,31.695625,15.2907639
2/21/2020,-2.900091109,2.038126864,90.31413405,47.69405357,6.336985137,1.2,25.962726,30.9849791,15.0723227
2/22/2020,-2.807227568,2.007635521,88.72672328,50.06707018,6.245209151,-99.99,25.9134401,30.2699164,14.6933148
2/23/2020,-2.673184628,1.958831715,86.7596611,51.46455593,6.1052521,-99.99,25.8031989,29.690612,14.5726704
2/24/2020,-2.645506278,1.888914431,83.67372943,51.83726964,5.894313659,-99.99,25.6871528,29.0954167,14.3786111
2/25/2020,-2.233007101,1.744073246,76.9640024,51.36563861,5.45495354,1,25.4461806,28.4664583,14.045
2/26/2020,-1.926521007,1.691120192,74.64994172,50.01916357,5.279855312,-99.99,25.3165972,28.1368056,13.8954167
2/27/2020,-1.75510833,1.729499659,76.33284567,49.98443273,5.365689806,-99.99,25.1265972,27.6515972,13.7853472
2/28/2020,-1.50589157,1.797461348,79.31759682,49.66551412,5.565365162,-99.99,24.8618056,27.0125694,13.6875694
2/29/2020,-1.380755112,1.871371825,82.56420923,47.97566085,5.7870212,1.5,24.6577484,26.6385685,13.585754
3/1/2020,-1.341372259,1.899956603,83.74301039,46.74046053,5.882509555,-99.99,24.4963889,26.1565972,13.5114583
3/2/2020,-1.613608755,1.935603017,85.3058536,46.48152845,5.976084702,-99.99,24.5548611,28.7227778,31.9424306
3/3/2020,-1.520738382,1.940519486,85.52034573,45.97940925,6.009386658,-99.99,24.3877778,28.7404167,29.3822917
3/4/2020,-1.392955228,1.913827523,84.15689388,43.81338007,5.91741232,0.8,24.2945139,28.4081944,26.9990972
3/5/2020,-1.356161021,1.95519293,85.98038466,44.12684864,6.033827671,-99.99,24.2432639,28.0511806,28.7293056
3/6/2020,-1.648437788,2.028518448,89.48915289,45.55430186,6.278849482,-99.99,24.2161111,27.5620139,26.6349306
3/7/2020,-1.735702821,1.990259462,87.7998726,47.32635141,6.150254292,-99.99,24.1397917,27.2779861,23.3495139
3/8/2020,-1.670794273,1.945775788,85.84575328,48.91081141,6.016991946,1,24.1447793,26.9292221,20.3274702
3/9/2020,-1.764826751,1.84575989,81.43853423,50.1412941,5.707564936,-99.99,23.8554861,26.7353472,18.1855556
3/10/2020,-1.626557451,1.726400802,76.3071541,54.16050683,5.339169488,-99.99,23.8440278,26.43375,16.8038194
3/11/2020,-1.464876551,1.638734509,72.58292796,57.45408891,5.079936605,-99.99,23.6474306,26.2211806,15.631875
3/12/2020,-1.392539411,1.512501918,67.02924404,59.64988226,4.712267863,0.2,23.4815972,25.8738889,14.8599306
3/13/2020,-1.347464963,1.419001337,62.90868641,61.27671853,4.425520588,-99.99,23.4470424,25.4974252,14.502714
3/14/2020,-1.310058492,1.430006485,63.39774357,65.09493988,4.463101786,-99.99,23.3465991,25.1866233,14.0817787
3/15/2020,-1.269893876,1.369779169,60.74684756,68.71398022,4.305949071,-99.99,23.1138194,24.8084722,13.878125
3/16/2020,-1.157801768,1.342866236,59.3895566,71.840593,4.218482541,1.3,23.0722222,24.4293056,13.6063194
3/17/2020,-1.118096594,1.330546685,58.84446742,75.53242911,4.191520465,-99.99,22.9803472,23.9035417,13.4139583
3/18/2020,-1.129158687,1.2892809,57.01757458,79.71653124,4.096176708,-99.99,22.9502778,23.4838194,13.1227083
3/19/2020,-0.959114329,1.243431139,55.00029407,80.98448916,3.973802366,-99.99,22.8979847,23.0100069,12.9498263
3/20/2020,-0.829737504,1.147121941,50.64166635,77.8572308,3.677986184,1.1,22.7720139,22.5233333,12.7377083
3/21/2020,-0.664886816,1.092681954,48.19885088,74.96519377,3.495377977,-99.99,22.7069444,22.3165972,12.5928472
3/22/2020,-0.326966186,1.109999826,48.97383651,72.30422854,3.539489078,-99.99,22.6763889,21.8339583,12.4649306
3/23/2020,-0.122663034,1.135427387,50.10108383,69.14811511,3.613495006,-99.99,22.53875,21.6125,12.3693056
3/24/2020,-0.271747486,1.168044867,51.53995379,65.95797541,3.713194993,1,22.3574705,21.3261293,12.2442669
3/25/2020,-0.263448791,1.252248305,55.25251224,62.97551443,3.964490244,-99.99,22.4587169,20.867364,12.0774059
3/26/2020,-0.253656428,1.294857287,57.12437624,59.67439683,4.100666207,-99.99,22.3593598,20.7530271,13.8376479
3/27/2020,-0.250279117,1.406435726,62.24091896,56.54081023,4.449270896,-99.99,22.4034075,20.4559805,30.9903338
3/28/2020,-0.326835761,1.489598619,66.0914204,51.83607149,4.700837476,1,22.3866295,20.3155989,28.244429
3/29/2020,-0.529162955,1.620446553,71.8608128,50.41049941,5.108175231,-99.99,22.2245833,19.1203472,33.8228472
3/30/2020,-0.805478123,1.751059368,77.61749183,50.80012607,5.490546966,-99.99,22.3416956,18.8134816,32.2148019
3/31/2020,-1.022931186,1.862062389,82.43313681,50.90873174,5.848321629,-99.99,22.2875694,19.2007639,29.9965972
4/1/2020,-1.428517183,1.940724442,85.89331567,52.01631889,6.101218556,0.1,22.1173611,19.6677083,27.6730556
4/2/2020,-1.554754853,1.958184004,86.66838211,50.73009478,6.158497712,-99.99,22.2360417,20.180625,25.385625
4/3/2020,-1.585222535,1.969932829,87.36298684,52.8604964,6.210371234,-99.99,22.3010417,20.4654861,23.3920139
4/4/2020,-1.675416066,1.936898534,85.91077659,52.30512471,6.118479271,-99.99,22.3075747,20.6553162,21.3708826
4/5/2020,-1.797538077,1.888413512,83.77632379,52.61147705,5.974141087,0.1,22.2633079,20.8026407,19.3316887
4/6/2020,-1.867115855,1.803446952,79.96725456,52.90170045,5.711647045,-99.99,22.2261806,21.0129861,17.9686111
4/7/2020,-1.715986697,1.738938243,76.94525441,53.38310498,5.511499518,-99.99,22.1649306,21.07875,16.9229167
4/8/2020,-1.537939791,1.598253152,70.74737389,50.937343,5.07877879,-99.99,22.1159722,20.98875,16.1539583
4/9/2020,-1.363957875,1.484003015,65.71197207,50.70047358,4.749125206,0.3,22.0542043,20.9618485,15.3956915
4/10/2020,-1.03943716,1.440127372,63.77955325,50.82772879,4.603812432,-99.99,22.0494444,21.0225,14.8640278
4/11/2020,-0.711171438,1.348557161,59.74652024,51.7529294,4.326887041,-99.99,22.0686111,21.0208333,14.3741667
4/12/2020,-0.621815207,1.271629197,56.34836511,52.27304838,4.081806896,-99.99,22.1202778,21.0321528,14.1220833
4/13/2020,-0.114287927,1.161620251,51.51583315,48.59653856,3.722141643,0.7,22.169375,21.0685417,13.836875
4/14/2020,0.2597475,1.128063109,50.05336286,47.13508623,3.605716392,1,22.1897704,21.029158,13.6787056
4/15/2020,0.470576619,1.121663953,49.89414526,46.16291019,3.570728441,-99.99,22.1984712,21.0393329,13.5240445
4/16/2020,0.455054682,1.09233029,48.47671623,43.06945364,3.48206528,-99.99,22.1861111,20.9079167,13.3044444
4/17/2020,0.432677868,1.084024738,48.26842952,39.76009054,3.460987242,-99.99,22.0923291,20.8117852,13.2422594
4/18/2020,0.570308262,1.140228245,50.80241798,37.75013132,3.627286573,0.8,22.2864111,21.4439721,20.1419512
4/19/2020,0.414337617,1.221252392,54.50598295,36.12216342,3.879821018,-99.99,22.2038221,26.1257123,31.6216817
4/20/2020,0.112392402,1.197730181,53.48401871,33.52256454,3.807507154,-99.99,22.3782639,25.9746528,29.2727083
4/21/2020,-0.117799171,1.232579809,55.02503943,30.94755595,3.898320218,-99.99,22.3079167,45.0147917,34.5496528
4/22/2020,-0.22981019,1.310723169,58.48112115,30.35150633,4.138593484,0.3,22.3543689,47.0666667,34.7530556
4/23/2020,-0.75309607,1.396371899,62.06402766,32.62170908,4.418462692,-99.99,31.903066,56.666875,37.1070833
4/24/2020,-0.841708353,1.417868577,63.00410241,32.28509141,4.487888312,-99.99,29.9646298,49.552745,35.3021543
4/25/2020,-0.59614169,1.478304195,65.7642244,31.89711267,4.672841842,-99.99,31.2088283,53.6685933,38.0713092
4/26/2020,-0.214136092,1.577867426,70.15760783,33.9693761,4.974000722,1.4,29.9662718,51.1459233,36.4818118
4/27/2020,-0.219173397,1.614614509,71.63082903,35.52954933,5.070796892,-99.99,29.9946304,52.5733612,36.5378661
4/28/2020,-0.485897114,1.650454338,73.15538726,38.81637757,5.177911688,-99.99,29.4510446,48.535376,34.8248607
4/29/2020,-0.368549132,1.689284738,74.73586669,40.2384849,5.293009803,-99.99,29.1830438,47.1603892,34.5949965
4/30/2020,-0.19434093,1.71352271,75.79301688,41.79633362,5.369144378,1.7,28.9899306,46.8427778,34.7168056
5/1/2020,0.053393014,1.720044587,76.07955413,41.80422511,5.392430114,-99.99,28.8215972,46.0608333,34.1443056
5/2/2020,0.020862233,1.714097694,75.82189829,40.93180944,5.371741966,-99.99,28.7220833,45.2177778,32.7673611
5/3/2020,0.202057687,1.677000485,74.19522533,38.59213664,5.242020726,-99.99,28.5897917,44.3869444,31.4131944
5/4/2020,0.06153092,1.655059694,73.4898105,38.05255828,5.132267999,1.7,28.7021528,43.4316667,29.8554167
5/5/2020,-0.34466377,1.564652514,69.30412065,35.20411608,4.870627173,-99.99,28.4408333,43.0658333,28.2957639
5/6/2020,-0.739862939,1.47979691,65.56572327,32.55420849,4.607135726,-99.99,28.4634722,43.0184722,29.4663889
5/7/2020,-0.805887776,1.466546718,64.98281163,31.28340927,4.568750486,-99.99,28.6217512,44.2109104,32.6384295
5/8/2020,-0.860975128,1.469991185,65.29521213,30.2763612,4.590340054,1.5,28.517364,43.3987448,31.3379358
5/9/2020,-0.934043475,1.476214203,65.55814904,29.63941371,4.621525507,-99.99,28.3,43.0898426,30.6098712
5/10/2020,-1.029223284,1.476073252,65.56015999,30.04238581,4.622593314,-99.99,-99.99,-99.99,-99.99
5/11/2020,-1.182414249,1.491017598,66.22355653,29.44818354,4.66907532,-99.99,-99.99,-99.99,-99.99
5/12/2020,-1.146628087,1.505503142,66.85945794,30.01793554,4.71426184,1.3,-99.99,-99.99,-99.99
5/13/2020,-1.274339072,1.550870601,68.85978799,32.00837576,4.857553206,-99.99,-99.99,-99.99,-99.99
5/14/2020,-1.405457789,1.613374908,71.34459291,34.08385237,5.093106806,-99.99,-99.99,-99.99,-99.99
5/15/2020,-1.299485638,1.631462623,72.13458808,36.14581372,5.137446937,-99.99,-99.99,-99.99,-99.99
5/16/2020,-1.237459997,1.634694903,72.27604469,37.38634018,5.143038795,0.8,-99.99,-99.99,-99.99
5/17/2020,-1.346782799,1.646767168,72.8120284,38.77155581,5.177276561,-99.99,-99.99,-99.99,-99.99
5/18/2020,-1.263965983,1.590349276,70.17737859,37.62381271,4.992927745,-99.99,-99.99,-99.99,-99.99
5/19/2020,-1.234724526,1.509226574,66.62481705,36.65708648,4.734511914,-99.99,-99.99,-99.99,-99.99
5/20/2020,-1.323983972,1.520459333,67.11386759,37.60266557,4.775130583,1.3,-99.99,-99.99,-99.99
5/21/2020,-1.42957075,1.502621657,66.32134663,39.25670607,4.730551987,-99.99,-99.99,-99.99,-99.99
5/22/2020,-1.4293989,1.479073452,65.27002182,39.95254252,4.663906698,-99.99,-99.99,-99.99,-99.99
5/23/2020,-1.339700802,1.433617321,63.25548483,39.6039838,4.519160917,-99.99,-99.99,-99.99,-99.99
5/24/2020,-1.32105542,1.394506019,61.53692012,40.46759113,4.400307418,0.3,27.8435185,39.2192901,18.912037
5/25/2020,-1.458522194,1.424586766,62.8587877,43.20548756,4.502553478,-99.99,27.6654861,39.11125,18.3745139
5/26/2020,-1.495293363,1.444242194,63.71855297,45.86344014,4.569673619,-99.99,27.6,38.4855556,17.7264583
5/27/2020,-1.344875734,1.403152092,61.90193958,46.49885779,4.448640047,-99.99,27.5905424,38.3425591,17.2025035
5/28/2020,-1.301121042,1.409032332,62.15034803,49.76960625,4.474242729,0.3,27.5138985,37.8601807,16.766713
5/29/2020,-1.32016049,1.387334621,61.19143662,50.92995375,4.413341013,-99.99,27.2409028,37.0603472,16.394375
5/30/2020,-1.339272396,1.342242764,59.20228438,52.00225865,4.264853325,-99.99,27.2870833,36.4486111,15.8815972
5/31/2020,-1.353008719,1.293873935,57.0720294,52.28948429,4.101887441,-99.99,27.3847222,35.5609722,15.5463889
6/1/2020,-1.504060692,1.264911426,55.79717729,53.78723892,4.016451925,0.3,27.2224306,34.7360417,15.3969444
6/2/2020,-1.514528863,1.224635633,54.02541575,54.34226678,3.89528054,-99.99,27.2555556,34.0326389,15.2295833
6/3/2020,-1.269622936,1.112069057,49.06852956,50.64298229,3.537742169,-99.99,27.0257639,33.2446528,15.0192361
6/4/2020,-1.155613447,1.035565874,45.70044088,46.82423382,3.297371489,-99.99,26.9490972,32.2617361,14.8689583
6/5/2020,-0.737569294,0.973710399,42.98831368,41.96116086,3.110166115,0.7,26.9992361,31.3680556,14.6911111
6/6/2020,-0.623568952,0.986047909,43.61488867,42.49996884,3.144543695,-99.99,26.7734353,30.6166203,14.5376217
6/7/2020,-0.581643812,0.976729946,43.2083404,41.30679149,3.108615767,-99.99,26.7877778,30.0579861,14.4842361
6/8/2020,-0.35319291,0.986301522,43.63722445,40.22921035,3.121614415,-99.99,26.823975,29.6643502,14.2982627
6/9/2020,-0.101886333,0.973732301,43.10330015,36.29758421,3.07717689,0.9,26.6471528,29.2483333,14.0719444
6/10/2020,0.111783521,0.94175375,41.70654901,33.9883742,2.976142095,-99.99,26.6567361,29.05125,26.1765278
6/11/2020,0.3510837,0.904598124,40.08678888,31.2352128,2.853313684,-99.99,26.5693324,28.7753129,26.3469402
6/12/2020,0.369043648,0.913129242,40.47455573,30.40741859,2.873916661,-99.99,26.3762865,28.7300417,23.9246175
6/13/2020,0.26136961,0.952463689,42.21476555,31.49144567,2.996839485,0.8,26.2960417,28.7253472,24.5576389
6/14/2020,0.191022522,0.952772451,42.31230742,32.48460617,3.001369419,-99.99,26.3479749,28.5835311,23.6575017
6/15/2020,-0.128173359,0.963898428,42.83570144,35.19221638,3.025626729,-99.99,26.2941667,28.3372222,22.2790278
6/16/2020,-0.266953967,0.970068538,43.15379936,34.69851337,3.050156086,-99.99,26.2598332,28.1886032,20.8610146
6/17/2020,-0.332459801,0.958176389,42.62875042,34.66752599,3.015765378,0.7,26.153819,28.1473561,19.9052879
6/18/2020,-0.44605193,0.938175202,41.73914859,34.5574402,2.957718178,-99.99,-99.99,-99.99,-99.99
6/19/2020,-0.603471587,0.915961217,40.74292991,37.27403071,2.889416064,-99.99,-99.99,-99.99,-99.99
6/20/2020,-0.737492553,0.917483238,40.80004764,39.01432956,2.904937145,-99.99,-99.99,-99.99,-99.99
6/21/2020,-0.827717793,0.914089596,40.63829798,41.9569059,2.898261021,0.1,-99.99,-99.99,-99.99
6/22/2020,-0.819678287,0.885550849,39.36949952,43.58432092,2.819964935,-99.99,-99.99,-99.99,-99.99
6/23/2020,-0.876165781,0.896221364,39.82786056,47.65178818,2.86067678,-99.99,-99.99,-99.99,-99.99
6/24/2020,-0.775226779,0.891095051,39.51381381,49.88732557,2.845037576,-99.99,-99.99,-99.99,-99.99
6/25/2020,-0.787629333,0.876521584,38.82012009,53.44426729,2.80360969,0.7,-99.99,-99.99,-99.99
6/26/2020,-0.630960082,0.779394145,34.51226708,51.68618995,2.513440873,-99.99,-99.99,-99.99,-99.99
6/27/2020,-0.614007577,0.743108492,32.914478,52.07559773,2.372309121,-99.99,-99.99,-99.99,-99.99
6/28/2020,-0.656695993,0.735119472,32.57176724,54.65883175,2.348962027,-99.99,-99.99,-99.99,-99.99
6/29/2020,-0.60870949,0.719242831,31.88635683,55.0867053,2.306394773,0.2,-99.99,-99.99,-99.99
6/30/2020,-0.591152455,0.710778584,31.52924172,56.49773233,2.274552083,-99.99,-99.99,-99.99,-99.99
7/1/2020,-0.54037951,0.704379082,31.26895462,56.73323633,2.251939765,-99.99,-99.99,-99.99,-99.99
7/2/2020,-0.499252729,0.699964859,31.10894117,56.8907043,2.22752495,0.2,-99.99,-99.99,-99.99
