"date","nee.osv","h.osv","le.osv","temp.avg.osv","temp.min.osv","temp.max.osv","precip.osv","rg.osv","swc.1.osv","swc.2.osv","swc.3.osv","ts.1.osv","ts.2.osv","ts.3.osv"
2023-04-22,0.647222910638298,7.87825923404255,54.4486924782609,18.0616170212766,16.81,19.594,17.0553191489362,311.852147429218,0.339400659574468,0.230468808510638,0.28056029787234,24.9938936170213,24.4112553191489,22.6996382978723
2023-04-23,-2.59417333333333,30.0066003333333,108.863185833333,19.1896458333333,15.333,23.636,0,311.852147429218,0.339278479166667,0.2180471875,0.319820833333333,25.0465416666667,22.949125,22.5162916666667
2023-04-24,-3.38659517021277,33.0448550212766,99.9546653829787,20.1343617021277,17.323,24.314,0,311.852147429218,0.33611270212766,0.214410638297872,0.295267425531915,24.9,23.6231276595745,24.0157234042553
2023-04-25,-2.198122875,23.7442414166667,90.8967204791667,18.9186458333333,15.945,22.833,5.1,311.852147429218,0.33582575,0.214142375,0.281593104166667,24.9,23.9016041666667,23.3252083333333
2023-04-26,0.724715708333333,13.2742665625,66.041265,18.5533125,16.407,22.86,35,311.852147429218,0.336408291666667,0.250446541666667,0.348877083333333,24.9,23.38425,22.5985625
2023-04-27,-2.7893260625,22.0897071125,98.2919203125,19.0583541666667,15.697,23.061,0.1,311.852147429218,0.337065354166667,0.332974979166667,0.3420118125,24.8408333333333,22.8795,22.2196666666667
2023-04-28,-1.5286150625,9.89898917083333,55.0381095833333,17.8461875,16.687,20.076,11.7,311.852147429218,0.338071479166667,0.343016708333333,0.3400785,24.7,22.7192291666667,21.6473541666667
2023-04-29,-2.50729036170213,17.9169823191489,68.2121218297872,18.041914893617,15.505,21.489,0,311.852147429218,0.336389340425532,0.378636872340426,0.349832617021277,24.5491489361702,22.0883617021277,21.1281914893617
2023-04-30,-1.26281340425532,20.4772228170833,96.8057487083333,18.660125,16.793,22.474,14.3,311.852147429218,0.3344534375,0.385497208333333,0.3513895625,24.3116875,22.317125,22.033625
2023-05-01,-5.52588026086956,21.7530518333333,70.2688817872341,18.0178125,16.165,20.283,22.6,311.852147429218,0.3376333125,0.450878520833333,0.363473604166667,24.020625,22.4161458333333,21.8887708333333
2023-05-02,-2.25749868916667,24.0692503125,91.7207445,18.541,14.621,22.182,0.6,311.852147429218,NA,0.426417354166667,0.340815916666667,23.9,22.3206458333333,22.020375
2023-05-03,-2.20960547916667,23.2859329375,72.9344279166667,18.2651458333333,16.542,21.519,0.1,311.852147429218,NA,0.4153159375,0.326954833333333,23.9,22.4559583333333,22.0316875
2023-05-04,-3.11891936956522,28.4862268695652,90.8089077608696,18.6148723404255,15.124,23.358,0,311.852147429218,0.384822,0.408205255319149,0.313232404255319,23.899,22.6776170212766,22.7867659574468
2023-05-05,-1.7930344625,28.7637235,94.705635875,18.6689791666667,14.483,23.521,0,311.852147429218,0.384619814814815,0.40183125,0.2957403125,23.899,23.12575,23.2025416666667
2023-05-06,-1.46901583333333,29.1692059791667,87.5893789583333,18.8638541666667,15.231,23.423,0,311.852147429218,0.384813266666667,0.395255541666667,0.2773035,23.9,23.3847708333333,23.2686041666667
2023-05-07,-2.65352560416667,30.3816700916667,85.2033269583333,18.7885833333333,15.605,23.073,0,311.852147429218,0.38497915,0.388511125,0.262616041666667,24.0902083333333,23.6559583333333,23.959125
2023-05-08,-2.78209916666667,26.1093772916667,79.8399767375,19.0858125,15.801,23.443,0,311.852147429218,0.384026395833333,0.380827770833333,0.250097916666667,24.2039166666667,23.9905,24.0565416666667
2023-05-09,-1.138445375,19.88508711875,62.292645,18.1690416666667,16.241,21.579,0.1,311.852147429218,0.383674333333333,0.374366666666667,0.238406229166667,24.3754375,23.7156458333333,22.9411041666667
2023-05-10,-3.39522064583333,24.8477420833333,73.9887124791667,18.558,16.061,22.683,0,311.852147429218,0.383429854166667,0.3651604375,0.229582645833333,24.4,23.3327291666667,23.0227916666667
2023-05-11,-3.30619083333333,19.320825625,53.4184922083333,18.1469791666667,15.101,22.147,0,311.852147429218,0.383352104166667,0.3547785,0.2185035,24.4,23.2447291666667,22.488125
2023-05-12,-3.7684649375,32.0195053125,71.3336925,18.0610208333333,14.02,23.32,0,311.852147429218,0.3828898125,0.343277,0.210806125,24.3645416666667,23.0465416666667,22.8728125
2023-05-13,-3.75301372916667,27.3996988125,73.305695125,19.241625,15.48,24.248,0,311.852147429218,0.382147875,0.328731229166667,0.2016409375,24.2077083333333,23.5559791666667,23.68525
2023-05-14,-3.53055468085106,34.991609787234,73.7682364659574,19.2291276595745,16.329,24.042,0,311.852147429218,0.381883,0.310780872340426,0.193274489361702,24.3527659574468,23.9843191489362,24.1516170212766
2023-05-15,-3.308330625,28.4667295,60.8555983958333,18.5895,14.765,23.401,0,311.852147429218,0.381132645833333,0.292450020833333,0.1854563125,24.4066666666667,24.1005625,23.9176458333333
2023-05-16,-3.88659163829787,29.9206169361702,61.4724838297872,18.6019361702128,14.349,23.735,0,311.852147429218,0.380991425531915,0.277598617021277,0.179428361702128,24.6382978723404,24.0544680851064,23.7777021276596
2023-05-17,-4.19992008333333,27.735292,60.5943569166667,19.0666041666667,15.983,23.059,0,311.852147429218,0.380161791666667,0.259979145833333,0.174823645833333,24.7,24.13825,24.0838333333333
2023-05-18,-3.9739705625,28.0365833333333,51.8630745833333,18.2932083333333,13.914,22.885,0,311.852147429218,0.37984725,0.238109708333333,0.170384770833333,24.7,24.1475833333333,23.8388958333333
2023-05-19,-3.12345389583333,25.2745739583333,49.557014625,18.374875,14.627,23.802,0,311.852147429218,0.379961104166667,0.222421541666667,0.166788916666667,24.7002916666667,23.9791666666667,23.5919166666667
2023-05-20,-3.850862,39.98044096875,74.5323513895833,19.4093541666667,13.126,26.121,0,311.852147429218,0.379483375,0.208484729166667,0.163008333333333,24.7005833333333,24.1184166666667,24.4092083333333
2023-05-21,-2.93624972083333,47.5525889583333,62.5948012083333,19.2740833333333,13.296,24.697,0,311.852147429218,0.3783625,0.196086854166667,0.158043729166667,24.7969375,24.6815,24.8546666666667
2023-05-22,-1.99140595744681,41.5724521276596,62.7467668723404,19.8334255319149,15.968,25.448,0,311.852147429218,0.377091446808511,0.187174468085106,0.155067382978723,24.9,25.1300638297872,25.6998723404255
2023-05-23,-2.45284279166667,45.0427652916667,58.400045125,19.7797083333333,16.039,24.785,0,311.852147429218,0.376512583333333,0.179252854166667,0.1508909375,25.0463958333333,25.4805833333333,25.8911875
2023-05-24,-2.73819148541667,50.0158028958333,55.0564096875,18.9878125,14.958,23.772,0,311.852147429218,0.376780520833333,0.1745305625,0.147039583333333,25.2895833333333,25.6215416666667,25.692625
2023-05-25,-2.15841820833333,57.2354522083333,58.9324585041667,19.1093541666667,14.577,23.869,0,311.852147429218,0.375317375,0.170475729166667,0.144236083333333,25.4032291666667,25.6417708333333,25.9271666666667
2023-05-26,-1.13390762222222,40.8410875555556,39.2132713133333,18.0006304347826,14.1,22.593,0,311.852147429218,0.374695760869565,0.167516608695652,0.139572434782609,25.5731086956522,25.6887608695652,25.229847826087
2023-05-27,-1.59876146808511,27.0938531875,31.0948204770833,16.6354375,12.718,21.045,0.3,311.852147429218,0.374718104166667,0.165008375,0.1356715,25.6,25.0378541666667,23.7829583333333
2023-05-28,-1.4199415,52.8843458541667,47.2466573125,17.5011666666667,14.023,22.45,0.1,311.852147429218,0.373520145833333,0.162584770833333,0.132839583333333,25.6,24.4132083333333,23.817875
2023-05-29,0.155596787234042,26.1354732291667,59.497059375,16.5326875,14.068,19.748,2.6,311.852147429218,0.371980541666667,0.162643708333333,0.1296118125,25.5331875,24.1421666666667,22.4492083333333
2023-05-30,-0.833536329166667,29.6689285395833,37.2758358333333,17.2572291666667,13.761,20.815,0,311.852147429218,0.371722916666667,0.164875666666667,0.127937520833333,25.3825,23.2585,21.9690833333333
2023-05-31,-1.17282345833333,46.7825827375,36.0184568125,18.1921875,15.48,23.031,0,165.365089285714,0.37060075,0.164911833333333,0.127445875,25.0885416666667,23.2400416666667,22.9172916666667
2023-06-01,-0.468508270833333,63.1063610625,41.3687939583333,19.1039583333333,14.833,24.043,0,252.177264666667,0.368764520833333,0.1641569375,0.128681895833333,24.9009791666667,23.7848958333333,24.1990208333333
2023-06-02,1.51950706875,52.6693076458333,70.5591538958333,19.108375,15.584,23.989,2.6,273.084606666667,0.367952083333333,0.163917375,0.127872208333333,24.9,24.4011875,24.2286875
2023-06-03,-0.5802323125,40.2495259166667,33.9245725833333,18.0038541666667,14.686,22.032,0,69.77948,0.367679229166667,0.16220275,0.1250346875,24.9494166666667,24.0708125,23.271375
2023-06-04,-0.487119666666667,48.5542925,25.8689717104167,17.6580416666667,13.893,22.83,0,199.467338461538,0.366744416666667,0.160031895833333,0.124157666666667,24.9385833333333,23.5080416666667,22.8974583333333
2023-06-05,-0.461700208333333,63.0873874020833,32.7464265,19.151125,14.114,24.665,0,306.027638333333,0.364671541666667,0.160659,0.125924979166667,24.9,23.9678333333333,24.5734375
2023-06-06,-0.412757033333333,47.3948485625,25.8381980416667,18.8256666666667,15.246,23.877,0.2,200.963371428571,0.3643180625,0.159491625,0.125195770833333,24.9,24.62325,24.5782708333333
2023-06-07,-0.617163666666667,70.2453778541667,33.92224425,18.9507916666667,13.437,24.912,0,360.351916666667,0.363203458333333,0.1583499375,0.124499208333333,25.0414791666667,24.6705,25.0270416666667
2023-06-08,-0.0317181629166667,61.8639663958333,25.9419106458333,19.3562291666667,12.314,26.039,0,365.947982352941,0.3621034375,0.157120895833333,0.123878395833333,25.1002083333333,25.173875,25.5407916666667
2023-06-09,-0.194558875,52.73057891875,13.15418808125,18.7877083333333,15.88,23.801,0,229.634961538462,0.360461104166667,0.156884708333333,0.121691625,25.3316666666667,25.5692291666667,25.3722083333333
2023-06-10,-0.365687747916667,58.3121573541667,15.8575594375,18.2993333333333,13.625,24.316,0,251.44168,0.360287583333333,0.155327729166667,0.119589625,25.5156875,25.1249791666667,24.9422916666667
2023-06-11,-0.565006439583333,70.7535093958333,25.6777865270833,19.5877083333333,14.985,24.609,0,351.391705882353,0.360701395833333,0.155112458333333,0.119270875,25.6,25.6068333333333,26.2159791666667
2023-06-12,-0.00246855319148939,62.3879474680851,27.2958179787234,19.6433829787234,14.916,24.476,0.204255319148936,241.604040555556,0.359112765957447,0.155274489361702,0.118007808510638,25.6651063829787,26.1110638297872,26.5614680851064
2023-06-13,-0.21408016875,58.1011602708333,12.22967714375,17.8407291666667,13.519,22.291,0,190.263558,0.358395145833333,0.153455541666667,0.1151159375,25.9,26.0806458333333,25.8975625
2023-06-14,0.168676388104167,38.03126460625,15.8899746520833,18.8056666666667,14.979,25.013,0,245.055288888889,0.358270145833333,0.152145145833333,0.1132694375,26.04125,25.8496458333333,25.4733125
2023-06-15,-0.33185729787234,46.8358127638298,13.2346876106383,17.8944680851064,14.885,21.546,0,141.378366666667,0.357790021276596,0.151504255319149,0.110648276595745,26.1895744680851,25.3624893617021,24.9390212765957
2023-06-16,-0.0302588520833333,42.1126916666667,9.20341022291667,18.5400625,14.653,23.946,0,188.564481818182,0.3590944375,0.151811104166667,0.109088854166667,25.9539583333333,25.185875,25.0072291666667
2023-06-17,0.18756735,26.3928744375,4.67113053,16.826125,14.586,19.369,0,54.0680333333333,0.358362479166667,0.1502590625,0.106338895833333,25.9,24.7455416666667,23.2700833333333
2023-06-18,-0.212784025,38.9254635416667,10.2035912708333,17.376375,13.353,22.42,0,172.23637,0.356479833333333,0.148524979166667,0.10506325,25.8033333333333,23.7980208333333,23.0062291666667
2023-06-19,-0.04036945625,56.7226858958333,9.4344128375,17.8448958333333,12.974,22.965,0,224.371571428571,0.356340291666667,0.148205625,0.105118089583333,25.5558541666667,24.0485625,24.0741458333333
2023-06-20,-0.27526625,52.5023821041667,6.60437628125,18.4205208333333,14.648,22.697,0,138.181347058824,0.355456895833333,0.148661875,0.105272958333333,25.4,24.6433958333333,24.8287291666667
2023-06-21,-0.124982565909091,38.5590150520455,4.58209852272727,17.8250444444444,15.909,20.93,0,191.656682,0.356001488888889,0.1483514,0.103197777777778,25.3983333333333,24.6354888888889,24.0114
2023-06-22,-0.161930077083333,37.8953321729167,6.75841325,17.1055208333333,14.771,20.052,0,117.71066,0.355913895833333,0.148293708333333,0.101830552083333,25.4,23.998875,23.0838333333333
2023-06-23,-0.168592156875,45.5519246666667,5.55547254166667,16.8699791666667,15.437,18.651,0,61.6243257142857,0.354320166666667,0.147766666666667,0.100765252083333,25.3954166666667,23.6928958333333,22.8996041666667
2023-06-24,-0.146997041666667,41.335999375,9.47358865208333,17.7160416666667,14.228,22.799,0,198.4669,0.353759041666667,0.147156270833333,0.100814564583333,25.1258333333333,23.5740208333333,23.293375
2023-06-25,-0.149268354166667,58.3652352916667,12.4786857354167,18.1606458333333,13.409,24.209,0,249.274870666667,0.354334020833333,0.1471131875,0.101539620833333,25.0972291666667,23.8789375,24.1395833333333
2023-06-26,-0.137356020833333,36.4810471458333,3.68702458125,16.6714583333333,13.496,21.314,0,115.199984444444,0.353371458333333,0.146790291666667,0.099566675,25.0792916666667,24.1429583333333,23.4303333333333
2023-06-27,0.0451249041666667,31.2680964583333,3.18733573333333,16.59075,13.909,20.482,0,94.91048,0.353701395833333,0.145134125,0.0984764,25.09875,23.5931875,22.635875
2023-06-28,0.11752534375,43.2581314583333,7.0960191875,17.3279583333333,12.337,22.773,0,236.090818181818,0.354157645833333,0.144549291666667,0.09813401875,24.934875,23.1856041666667,22.9615416666667
2023-06-29,-0.121448104166667,40.2300379166667,4.06443322916667,16.3421875,13.535,19.664,0,114.412731,0.354513875,0.145076375,0.0969125020833333,24.9,23.4557083333333,22.8799583333333
2023-06-30,-0.0828913541666667,40.4728639583333,5.08147309166667,17.4990208333333,14.715,21.099,0,109.40484375,0.35226525,0.144698645833333,0.0968465416666667,24.8584166666667,23.3421666666667,23.0805833333333
2023-07-01,0.05509129375,34.039699625,4.28291810625,17.0916041666667,14.496,20.392,0,26.13132,0.3514090625,0.144638895833333,0.0959298625,24.7026875,23.2435208333333,22.5473541666667
2023-07-02,-0.08957921875,35.5288970208333,5.95379169791667,16.911875,14.711,19.945,0,85.0538,0.351991729166667,0.143502125,0.0953076395833333,24.7,22.9409583333333,22.3207083333333
2023-07-03,-0.0112304091666667,28.2535736041667,4.7399483,17.1441041666667,13.457,21.055,0,61.3919466666667,0.351988875,0.142200041666667,0.0941326333333333,24.6441666666667,22.62225,21.8103125
2023-07-04,-0.20725164375,47.076167625,4.91328937291667,16.5005625,13.967,19.815,0,167.114634444444,0.351295895833333,0.141924958333333,0.0943513854166667,24.4,22.5246041666667,21.99075
2023-07-05,-0.158587654285714,38.2751602571429,5.43569185714286,15.2665142857143,12.426,18.936,0,12.182875,0.349889542857143,0.140847542857143,0.0914904771428571,24.3788571428571,22.1502857142857,20.6997714285714
2023-07-06,-0.3501258,52.524082165,3.401246285,18.05764,15.835,19.509,0,95.6315,0.34935732,0.14148472,0.094357776,24.07244,21.9892,22.82652
2023-07-07,-0.244842495833333,38.1498047083333,3.54996827291667,16.2290833333333,14.205,18.338,0,100.558816666667,0.351558354166667,0.140658354166667,0.0931201354166667,23.9014583333333,22.0057708333333,21.2084583333333
2023-07-08,-0.227501672916667,45.7686733541667,4.358610375,16.25775,12.365,20.808,0,159.0215725,0.351160395833333,0.141643041666667,0.09312291875,23.8941458333333,21.9752083333333,21.8094166666667
2023-07-09,-0.385279502083333,62.4787768541667,6.9907510625,16.7728125,11.201,23.563,0,248.1138125,0.3498791875,0.141733354166667,0.0937097416666667,23.726375,22.3950625,22.8193541666667
2023-07-10,0.142297638297872,66.5427970833333,13.949419787234,18.6941458333333,10.526,26.258,0,315.307831176471,0.349961770833333,0.142949395833333,0.0950840166666667,23.8036458333333,23.4288125,24.4431666666667
2023-07-11,-0.368015175,70.2142144958333,4.77304516666667,18.7285416666667,13.047,25.434,0,289.709611764706,0.3499860625,0.1438604375,0.0953590333333333,24.0085416666667,24.4583958333333,25.3067291666667
2023-07-12,-0.298108627916667,53.6520551666667,2.42061633333333,16.8208541666667,13.68,20.287,0,189.551163636364,0.351423625,0.143616666666667,0.0932250041666667,24.3270833333333,24.5578541666667,24.0720625
2023-07-13,-0.152781670833333,42.6800239583333,3.9934615,16.9317708333333,12.667,20.859,0,192.6995375,0.352518,0.14246875,0.0912194458333333,24.6304166666667,23.7670833333333,22.9937083333333
2023-07-14,-0.300153827083333,65.4402510208333,5.20880098333333,18.0757083333333,13.391,23.37,0,212.769499444444,0.352539625,0.141973645833333,0.0920284791666667,24.7,23.7428541666667,24.1063333333333
2023-07-15,-0.2131369925,50.8204584166667,3.600792375,17.1300833333333,12.581,22.485,0,132.90998625,0.3525583125,0.14159725,0.0918701395833333,24.7,24.0139375,23.8091041666667
2023-07-16,-0.257464761520833,47.5796602708333,3.74812953333333,16.5162083333333,12.526,20.623,0,203.15679,0.3524610625,0.1407180625,0.0906423625,24.7,23.8344375,23.4171041666667
2023-07-17,0.0154020235416667,25.9196226875,2.62915179166667,15.8563541666667,11.927,19.803,0,67.6549,0.3519930625,0.1395756875,0.0883881895833333,24.7,23.2394791666667,21.9326041666667
2023-07-18,-0.0162810833333333,48.3862409583333,5.04852520833333,16.3076875,12.248,21.51,0,91.40406875,0.349623583333333,0.139518729166667,0.0893055520833333,24.63875,22.6241041666667,22.0020416666667
2023-07-19,-0.0924972020833333,32.3793799791667,1.82937380833333,16.7425416666667,12.407,21.445,0,65.7808923076923,0.349858375,0.1393840625,0.08841736875,24.4,22.6124583333333,21.9943333333333
2023-07-20,-0.507627245833333,74.0742327083333,9.60062008333333,18.8194375,12.138,25.914,0,312.228747058824,0.3494346875,0.13995275,0.0903479208333333,24.2727083333333,23.1090416666667,24.20575
2023-07-21,-0.575021754166667,75.859651375,7.24980914583333,18.5327083333333,13.183,24.255,0,317.91795,0.34853125,0.140947229166667,0.0912562479166667,24.3032291666667,24.612,25.4842916666667
2023-07-22,-0.141016479166667,45.146589,1.18607683333333,17.8510625,14.488,22.474,0,64.0079526666667,0.349635416666667,0.140992416666667,0.0892041729166667,24.585,24.6944583333333,24.3120833333333
2023-07-23,-0.192753214583333,48.8481785416667,3.79687822916667,17.6249375,14.847,21.876,0,183.77623,0.349,0.140714541666667,0.0876388875,24.7895,24.1538958333333,23.6822708333333
2023-07-24,0.185739439583333,34.5622245,4.06237832916667,17.3805,13.129,21.379,0,87.9944833333333,0.3489993125,0.139707604166667,0.0866749979166667,24.8855,23.6353125,22.8955
2023-07-25,-0.45225134125,53.9618304166667,2.17336833333333,18.01325,15.604,22.061,0,164.116609090909,0.349,0.139166583333333,0.0881861125,24.7149791666667,23.6916041666667,23.7087708333333
2023-07-26,-1.61054577659574,39.241872125,8.04213144270833,16.767875,14.221,22.159,0,164.79628,0.349,0.138279270833333,0.0873243020833333,24.7,23.4653125,22.7178541666667
2023-07-27,-0.423289827083333,38.3704697291667,4.5475735625,16.9639791666667,12.305,21.475,0,97.1178,0.3496125,0.137975729166667,0.0859923604166667,24.7,23.0862708333333,22.5613125
2023-07-28,-0.386934589583333,52.2672549770833,1.66436985208333,16.7824375,14.6,20.272,0,100.081443636364,0.348090916666667,0.138093041666667,0.08744375625,24.6408333333333,23.2260416666667,22.8832083333333
2023-07-29,0.3445624675,41.4611092083333,5.531782875,16.6664375,13.595,21.407,0,84.4617666666667,0.346241666666667,0.138025020833333,0.0865069395833333,24.4079166666667,23.1078541666667,22.780375
2023-07-30,-0.9668129375,68.4121957916667,2.28056679166667,17.7510625,12.736,24.262,0,309.830792307692,0.347064625,0.138257604166667,0.0878895833333333,24.4,23.3222083333333,24.0242083333333
2023-07-31,-0.864126789166667,85.7570379166667,5.30906477291667,18.6335208333333,12.907,25.688,0,320.39870625,0.3481785,0.139213895833333,0.0888208270833333,24.4,24.4316458333333,25.5894166666667
2023-08-01,-0.397827577083333,56.4596277916667,2.37347447083333,17.262,14.019,21.612,0,108.095253846154,0.347631291666667,0.139584729166667,0.0870812520833333,24.63125,24.7788125,24.3178125
2023-08-02,-0.368904275,54.553486875,7.12756581465116,17.0278541666667,13.911,20.317,0.1,245.221571428571,0.348478479166667,0.139268041666667,0.0856999958333333,24.8387708333333,24.0385,23.3417708333333
2023-08-03,0.272649272727273,3.31305714545455,-0.346999272727273,15.7755454545455,15.4,16.353,0,311.852147429218,0.348287909090909,0.138657545454545,0.0856878727272727,24.8993636363636,23.9923636363636,22.1384545454545
2023-08-04,NA,NA,NA,19.2443486807764,15.4329311294766,24.1405977961433,2.47705878905105,311.852147429218,NA,NA,NA,NA,NA,NA
2023-08-05,NA,NA,NA,19.2443486807764,15.4329311294766,24.1405977961433,2.47705878905105,311.852147429218,NA,NA,NA,NA,NA,NA
2023-08-06,NA,NA,NA,19.2443486807764,15.4329311294766,24.1405977961433,2.47705878905105,311.852147429218,NA,NA,NA,NA,NA,NA
2023-08-07,NA,NA,NA,19.2443486807764,15.4329311294766,24.1405977961433,2.47705878905105,311.852147429218,NA,NA,NA,NA,NA,NA
2023-08-08,0.456827525,-11.6076558333333,-4.58176641666667,19.1854666666667,16.098,22.773,0,311.852147429218,0.3468466,0.137555533333333,0.08727556,24.3497333333333,24.4576,25.916
2023-08-09,0.621399106382979,26.6774775,26.9948959791667,16.3015208333333,14.345,19.474,1.5,99.71858625,0.346433333333333,0.135685395833333,0.0827381979166667,24.4,23.5042708333333,22.2629791666667
2023-08-10,-0.105830106382979,44.0364266170213,12.8151405319149,17.408,14.541,21.896,0,311.852147429218,0.3466395625,0.134875375,0.08259270625,24.4,22.521,22.0296666666667
2023-08-11,-0.21480330625,43.3598714791667,5.068988875,17.2586875,13.47,21.836,0,311.852147429218,0.347154166666667,0.134964520833333,0.08476110625,24.2779166666667,22.7377916666667,22.5930833333333
2023-08-12,-0.234605034042553,50.668539106383,4.23666636808511,16.4320425531915,11.829,22.031,0,311.852147429218,0.347674510638298,0.135600744680851,0.0854858127659574,24.2,22.8276170212766,22.8488510638298
2023-08-13,-0.41690779375,74.7246617291667,5.16614177083333,17.5681041666667,11.74,23.439,0,311.852147429218,0.345124916666667,0.136506958333333,0.0867979229166667,24.2,23.4890833333333,24.6825
2023-08-14,-0.48590709375,73.5851988020833,3.0954799375,18.22675,12.316,24.093,0,311.852147429218,0.344394479166667,0.136777770833333,0.0868861104166667,24.2193541666667,24.2648958333333,25.2172083333333
2023-08-15,-0.48935948125,80.3863397291667,0.70371125,19.11425,13.956,24.685,0,311.852147429218,0.346938208333333,0.137813208333333,0.0869305583333333,24.4005833333333,24.9925208333333,26.3243333333333
2023-08-16,-0.570065522916667,67.5767742354167,3.66228814583333,18.7436458333333,15.676,22.93,0,311.852147429218,0.3477256875,0.137822208333333,0.0857923604166667,24.7017708333333,25.3404166666667,25.6505
2023-08-17,-0.355388020833333,55.1737532883333,1.81039397916667,18.1871666666667,14.993,22.602,0,311.852147429218,0.346651395833333,0.136536125,0.0842909729166667,24.8998541666667,24.927625,24.8475833333333
2023-08-18,-0.82357799375,86.7416029375,4.67835679375,17.9895416666667,14.351,23.52,0,311.852147429218,0.346015979166667,0.136590229166667,0.08422569375,24.9453958333333,24.7840416666667,25.5409375
2023-08-19,-0.596286747916667,87.1268452708333,4.7508695375,18.8391041666667,13.732,25.125,0,311.852147429218,0.346033354166667,0.1381166875,0.08523958125,25.0647916666667,25.6747291666667,27.3603958333333
2023-08-20,-0.585297547916667,86.8026171458333,8.79887847916667,19.2462708333333,12.044,25.809,0,311.852147429218,0.3469923125,0.1391541875,0.0849048604166667,25.270625,26.3458125,27.4426041666667
2023-08-21,-0.803501425,92.6112228125,3.47336820833333,19.1314791666667,12.717,24.831,0,311.852147429218,0.348833291666667,0.1388548125,0.0834590270833333,25.5277708333333,26.5306041666667,27.309375
2023-08-22,-0.490998014893617,89.4947706170213,4.05702370212766,20.0821875,15.128,25.935,0,311.852147429218,0.3485278125,0.138995166666667,0.0844076416666667,25.7535416666667,27.1993125,29.013875
2023-08-23,-0.3608271275,58.554157575,0.0417905000000001,18.2419285714286,12.746,24.9,0,278.291438461538,0.348756357142857,0.139318428571429,0.0819608904761905,26.0581904761905,27.5766904761905,27.7396428571429
2023-08-24,-0.671146413043478,80.0861260434783,2.34479304347826,18.12525,13.515,24.141,0,286.171682352941,0.349011104166667,0.137926354166667,0.0812350166666667,26.3302916666667,27.1530833333333,27.8310833333333
2023-08-25,-0.71027411875,100.033285,3.20777402083333,18.431375,12.481,24.749,0,339.256022222222,0.349,0.138002791666667,0.0808527791666667,26.4,27.2259583333333,28.0768958333333
2023-08-26,-0.779392227083333,94.355599375,4.50446635416667,19.7287916666667,14.787,25.964,0,370.386570588235,0.349,0.138470166666667,0.0801430479166667,26.5795833333333,27.6986875,29.079375
2023-08-27,-0.597913727083333,71.730661875,3.9952910625,19.4253125,14.237,26.093,0,348.3735,0.349001395833333,0.1387784375,0.07925208125,26.7341666666667,27.9197916666667,28.6428541666667
2023-08-28,-0.643276068085106,67.3340401702128,-0.65875225106383,18.3773958333333,14.17,23.006,0,204.732246666667,0.348955583333333,0.137957645833333,0.0772923625,26.8974791666667,27.4420208333333,27.07075
2023-08-29,-0.617867539583333,62.0630196479167,1.88507589583333,18.0775208333333,13.665,22.525,0,203.206669230769,0.349004208333333,0.136527791666667,0.0757701270833333,26.9,26.5810208333333,25.9279791666667
2023-08-30,-0.454131649583333,53.1469058333333,0.0266542625,18.024625,15.118,21.837,0,184.284475,0.3493105,0.135301354166667,0.074990275,26.865,25.9231041666667,25.0973541666667
2023-08-31,-0.427170473541667,55.7896525208333,0.666096379166667,18.073875,15.239,22.706,0,132.612175,0.3486723125,0.134604125,0.074877775,26.7002916666667,25.4974791666667,25.2118125
2023-09-01,-0.453462965217391,55.8117573478261,0.314138141304348,18.8708085106383,15.46,23.509,0,134.249953846154,0.348085106382979,0.135025574468085,0.0755595808510638,26.4317021276596,25.6354468085106,25.9065957446808
2023-09-02,-0.409953952083333,59.7624141666667,2.710559125,18.6796666666667,15.53,23.494,0,177.4641,0.349588916666667,0.1351799375,0.0752236104166667,26.4,25.593,25.703625
2023-09-03,-0.622154270416667,81.047951875,3.35564883333333,18.9004166666667,12.729,25.891,0,309.284450588235,0.348450645833333,0.1355166875,0.0769284708333333,26.3131458333333,25.8345,26.9213958333333
2023-09-04,-0.347108500833333,56.4122514583333,0.74950983125,18.7764375,14.349,24.476,0,183.688338461538,0.347016625,0.135909041666667,0.07598541875,26.30025,26.3595208333333,26.5339583333333
2023-09-05,-0.563143229166667,69.3016292708333,3.04030791666667,19.6305625,13.736,25.63,0,239.406047058824,0.3470770625,0.135826375,0.0762229166666667,26.4,26.2977083333333,27.1638333333333
2023-09-06,-0.542993399583333,68.6192385625,2.44910901041667,20.4159166666667,13.625,26.98,0,276.93073125,0.3473868125,0.135936770833333,0.0771305520833333,26.4,26.8229791666667,27.9871458333333
2023-09-07,4.29470168085106,30.0712487916667,34.6736285208333,18.5461666666667,15.469,24.235,23.2,183.006933333333,0.347209729166667,0.135391,0.100285416666667,26.540625,26.9472916666667,25.7251875
2023-09-08,4.16427954166667,33.9174194583333,77.4455054166667,17.8262708333333,15.345,20.883,1.5,216.307176923077,0.349186166666667,0.131806895833333,0.25187225,26.6454166666667,24.6317916666667,22.0222291666667
2023-09-09,2.83274042553191,26.2632288297872,51.8218340425532,17.6265957446809,15.183,20.303,0,237.6906,0.347320531914894,0.130307829787234,0.225249617021277,26.2935531914894,23.1594893617021,20.6311276595745
2023-09-10,2.52619547916667,48.3389629166667,56.6845426875,18.7040625,13.124,24.802,0,304.840005882353,0.347008333333333,0.130267291666667,0.215004208333333,25.7641041666667,22.7200625,22.3256458333333
2023-09-11,1.58313407083333,62.2311816875,39.6512204791667,19.6343125,15.061,25.398,0,286.393811764706,0.34506875,0.133102020833333,0.209468020833333,25.3983333333333,23.9331041666667,24.5447708333333
2023-09-12,1.0217568125,61.6810872291667,35.9844958208333,20.1015416666667,15.272,26.385,0,311.178470555556,0.345063208333333,0.134589604166667,0.2025764375,25.32,24.9461041666667,25.84425
2023-09-13,0.434178446808511,41.3743320833333,27.0674512083333,18.544125,15.581,23.426,0,212.366258333333,0.345997854166667,0.1346708125,0.192341020833333,25.3991666666667,25.0428541666667,24.2182708333333
2023-09-14,0.121937625,72.3286178333333,32.4720627083333,19.3026875,15.091,24.612,0,303.076659473684,0.347738104166667,0.134070854166667,0.185522895833333,25.4,24.6033958333333,24.8387083333333
2023-09-15,-0.04901581875,50.8329214583333,21.5041986666667,18.2459166666667,15.113,22.307,0,305.07546,0.3466145625,0.134484,0.175744416666667,25.4,24.9520833333333,24.498
2023-09-16,-0.316091613333333,61.5928619777778,24.7957142444444,19.1857391304348,13.581,25.406,0,335.7980625,0.346,0.134354326086957,0.167461608695652,25.4042608695652,24.9365434782609,25.5514347826087
2023-09-17,1.68586075,48.681597625,58.3296081875,20.0790625,15.784,27.177,7.9,352.875046153846,0.345729166666667,0.135647875,0.157876416666667,25.5048333333333,25.680375,25.9234791666667
2023-09-18,0.85998346875,46.2966245229167,70.4465104166667,19.2705,15.203,24.899,0,296.613668125,0.3450763125,0.134521479166667,0.148725,25.6,24.7414375,23.6110833333333
2023-09-19,-0.0729601875,54.232561875,40.3199923333333,19.4325833333333,14.032,24.854,0,321.485278125,0.345006916666667,0.134595833333333,0.149037520833333,25.6,24.5821458333333,24.465375
2023-09-20,-0.00222400000000003,56.3090926354167,40.7984921875,20.1345,15.045,27.251,0,425.005692307692,0.34501525,0.135688875,0.149384041666667,25.5696875,25.2923541666667,25.9750416666667
2023-09-21,-0.976572204166667,73.673789125,26.63266465,20.1057916666667,14.46,26.739,0,335.614471052632,0.3450083125,0.1370625,0.144192375,25.5958333333333,25.8379166666667,26.5654791666667
2023-09-22,-0.84962096875,67.74360604375,22.256223628125,20.326125,15.959,25.848,0,292.61195625,0.3467090625,0.1379535,0.137704854166667,25.735625,26.3981875,26.8809583333333
2023-09-23,-0.816873625,60.0980591666667,15.170860375,19.5375416666667,15.602,24.746,0,214.412135294118,0.347840291666667,0.137238916666667,0.129849270833333,25.9229166666667,26.2128333333333,25.9602708333333
2023-09-24,-0.771860041666667,65.5471896458333,11.8008631666667,18.8737708333333,16.083,24.308,0,306.5698,0.347098541666667,0.137177104166667,0.124168770833333,26.1702083333333,25.7646458333333,25.3581875
2023-09-25,-0.709406916666667,81.685043875,18.2107063416667,20.5134583333333,14.709,27.223,0,310.9818,0.347341708333333,0.137352104166667,0.122254125,26.2,26.0772291666667,27.2269166666667
2023-09-26,-0.552829179166667,72.9623905625,13.8697946458333,20.2265625,13.955,27.282,0,291.157194117647,0.347786125,0.1384583125,0.119529916666667,26.2048541666667,27.0439375,28.0819791666667
2023-09-27,-0.58160098125,71.6524049583333,9.43157939583333,20.2718541666667,14.796,26.274,0,303.744544666667,0.347131916666667,0.138970104166667,0.116847270833333,26.3844166666667,27.462125,28.2642083333333
2023-09-28,-0.412558936170213,49.4535040425532,3.35051729787234,18.8903333333333,16.028,22.688,0,79.79812,0.347003458333333,0.138249604166667,0.110942333333333,26.6475,26.9250208333333,26.1037291666667
2023-09-29,-0.76765775,87.7337795416667,7.50977770833333,19.8945833333333,13.945,26.59,0,315.982333333333,0.347511145833333,0.1372756875,0.1093069375,26.7,26.3411041666667,26.9581041666667
2023-09-30,-0.16490125,73.4245608333333,9.29231313125,19.7404375,15.228,26.395,0,221.8500375,0.348409041666667,0.137877104166667,0.10608050625,26.7,26.934125,27.3269375
2023-10-01,-0.428553635416667,85.6335548125,12.0364913875,20.8659166666667,16.394,27.582,0,279.479245294118,0.348707645833333,0.137732666666667,0.105049264583333,26.7002916666667,27.3050833333333,28.5874583333333
2023-10-02,-0.570706385416667,68.287862125,6.64150075,20.7868125,14.592,27.581,0,290.7448625,0.348630520833333,0.138065958333333,0.100974325,26.8530416666667,27.7067916666667,28.3215625
2023-10-03,-0.521205729166667,88.9952372916667,4.61829583333333,18.9791666666667,12.246,25.451,0,355.887122222222,0.348842333333333,0.137788291666667,0.0991764395833333,26.9525,27.6097083333333,28.4655
2023-10-04,0.740451753191489,60.08138625,3.15145477083333,17.9697708333333,16.285,21.069,0,311.852147429218,0.348764604166667,0.138080604166667,0.0940444458333333,27.1758333333333,27.3566666666667,26.3929375
2023-10-05,-2.49512210638298,50.8779194375,8.50807545833333,18.7141041666667,15.172,23.322,0.1,311.852147429218,0.3481465625,0.1368034375,0.09125903125,27.2,26.2791041666667,25.5136041666667
2023-10-06,-0.766640710833333,96.1444644791667,8.56099085416667,20.0886875,15.802,26.429,0,311.852147429218,0.346341666666667,0.136109729166667,0.0927965375,26.94875,26.3724166666667,27.8043125
2023-10-07,-1.45333392916667,101.4429525,8.149947625,20.1184583333333,14.916,26.075,0,311.852147429218,0.347261145833333,0.137520916666667,0.0925097208333333,26.9,27.6183333333333,29.317625
2023-10-08,-0.872891572729167,94.1575331875,7.99204977083333,20.7373958333333,13.074,27.895,0,311.852147429218,0.347339583333333,0.138268729166667,0.0910381875,27.0802083333333,28.2909166666667,29.9349583333333
2023-10-09,-0.910831316666667,103.579851666667,4.776643125,21.1456666666667,14.465,27.939,0,311.852147429218,0.347367375,0.138782666666667,0.0891118104166667,27.3589583333333,28.8646458333333,30.5419375
2023-10-10,-0.840806426666667,91.0041606666667,1.41607013333333,20.8044347826087,16.307,27.404,0,311.852147429218,0.346559434782609,0.139037673913043,0.0879115913043478,27.6289130434783,29.3571739130435,31.0805
2023-10-11,-0.9099388875,94.8566341041667,3.02240585416667,20.6513333333333,14.572,26.529,0,311.852147429218,0.348512479166667,0.1385833125,0.0851527791666667,27.8994583333333,29.4122916666667,30.7255625
2023-10-12,-0.944356232608696,100.785337608696,6.82981849782609,21.2242340425532,14.611,27.947,0,29.4434,0.348902106382979,0.13808385106383,0.0832764744680851,28.0053191489362,29.493829787234,31.0569787234043
2023-10-13,-0.74576043,98.463902,7.79418395744681,22.0697446808511,14.436,29.036,0,427.229765,0.34894470212766,0.137812063829787,0.0825829787234043,28.2640425531915,29.9195106382979,31.896
2023-10-14,-0.808537160416667,103.408186416667,0.342914770833333,22.0937083333333,16.24,28.139,0,428.301035,0.348954854166667,0.138261104166667,0.0808923604166667,28.4841666666667,30.2092291666667,31.9303333333333
2023-10-15,-0.733203666666667,92.2465402708333,1.81956345833333,21.9380625,17.653,27.562,0,348.26060952381,0.348772166666667,0.139035458333333,0.0783048625,28.6658333333333,30.1795833333333,31.303625
2023-10-16,-0.803898585416667,100.233450664583,25.068026875,20.6519375,16.415,25.559,0.5,391.861627272727,0.348795854166667,0.137568083333333,0.0765333375,28.89875,29.6020833333333,30.4973541666667
2023-10-17,-0.328250447021277,68.0889755833333,6.82218189583333,20.5868333333333,16.998,26.705,0.1,287.020152380952,0.349854145833333,0.1364423125,0.0753937395833333,28.9,29.4539583333333,29.876
2023-10-18,-1.00629947241667,109.6925425,2.49232446666667,21.1431666666667,17.401,25.88,0,391.894776190476,0.349925020833333,0.1355479375,0.07631041875,28.9,29.35,31.0038125
2023-10-19,-0.523258595833333,86.5148322604167,31.7760793854167,19.6680833333333,16.879,24.565,0.9,333.004863636364,0.349721541666667,0.1351145625,0.0737250020833333,28.9,29.2220833333333,28.9907916666667
2023-10-20,-0.828845227083333,81.6878717458333,8.91177539583333,19.6337708333333,14.752,24.338,0,333.19557,0.349497916666667,0.134738916666667,0.0733263916666667,28.8608333333333,28.4168541666667,28.5655208333333
2023-10-21,-0.565639597916667,81.2110427708333,6.86635814375,20.1332083333333,15.766,25.426,0,317.377223809524,0.347310479166667,0.133247270833333,0.0743236166666667,28.6002083333333,28.2291666666667,28.7231875
2023-10-22,-0.6749431875,86.8134325625,8.90564183333333,21.2947916666667,16.207,26.313,0,335.479890909091,0.348216666666667,0.1336555625,0.0745513958333333,28.5989583333333,28.6166666666667,29.8582083333333
2023-10-23,-0.802760760416667,95.77151625,8.136808875,20.9188333333333,15.512,26.956,0,386.78877,0.348463208333333,0.133876458333333,0.0758381916666667,28.589375,29.1278541666667,31.0514791666667
2023-10-24,-0.427690941041667,93.220549375,3.76824269565217,21.2557708333333,15.268,26.838,0,361.825854545455,0.348806208333333,0.134257645833333,0.0749798583333333,28.6,29.6706458333333,31.2439375
2023-10-25,-0.9086036625,98.4367478895833,2.92267647916667,21.4290208333333,17.083,26.312,0,373.886510952381,0.349029770833333,0.13408125,0.0738986145833333,28.778125,29.8505625,31.314625
2023-10-26,1.12370113125,65.822745,48.8800003854167,19.7530208333333,16.887,24.274,1.9,302.015273636364,0.349205625,0.133015979166667,0.07047221875,28.9,29.145625,28.3735208333333
2023-10-27,-0.3496863125,64.8720917708333,13.8070363791667,19.9925625,16.107,24.466,0,275.167909523809,0.348958354166667,0.130541,0.0710805541666667,28.8666666666667,27.7537291666667,27.5170416666667
2023-10-28,-0.530526477083333,71.3861383541667,4.50467442916667,20.44425,15.294,26.183,0,299.917995238095,0.3477,0.129572979166667,0.0720034666666667,28.5904166666667,27.4879166666667,27.7265416666667
2023-10-29,-0.57778849375,67.6509671875,3.98387127916667,20.4365,16.2,25.093,0,293.171014285714,0.3479083125,0.129555520833333,0.07233610625,28.3047916666667,27.6243958333333,28.1601041666667
2023-10-30,-0.57068521875,80.7964620833333,3.108163125,19.8387291666667,16.069,25.109,0,320.12380952381,0.347330541666667,0.1300409375,0.0718270833333333,28.2589583333333,27.6245208333333,28.220625
2023-10-31,0.620462110416667,70.1825992083333,33.0219361666667,19.5774791666667,16.661,24.131,4.5,286.435794090909,0.345870125,0.129595166666667,0.0708041666666667,28.001875,27.452,27.4059583333333
2023-11-01,1.88114145833333,53.8521379375,50.2918070416667,20.1858125,15.984,25.036,0,301.581122727273,0.346807625,0.128078479166667,0.0703937541666667,28,26.6365416666667,25.7536458333333
2023-11-02,3.86484117666667,42.0798043416667,83.1614575,18.8945,16.545,22.208,32.9,304.403186363636,0.34699025,0.127092354166667,0.119070833333333,27.828625,26.0304583333333,24.1640416666667
2023-11-03,4.29499585416667,35.0883234541667,93.2378145833333,18.2791666666667,16.62,22.504,8.3,326.501173181818,0.345402041666667,0.126275729166667,0.275398583333333,27.5325,24.6805625,22.6790416666667
2023-11-04,3.1381070625,37.2510174375,89.3478125,18.2175,15.528,21.34,8.6,294.158937826087,0.344057645833333,0.123460458333333,0.293974333333333,27.0503333333333,23.66,22.1207708333333
2023-11-05,3.14151129166667,38.0209249625,94.8734031914894,18.8022916666667,16.419,23.165,7.2,313.003794545455,0.343301333333333,0.12855625,0.288827791666667,26.5979166666667,23.2799375,22.212875
2023-11-06,2.59477470723404,49.0865571276596,119.628037425532,19.3158723404255,16.171,24.13,28.3914893617021,442.302968181818,0.340882957446809,0.141045404255319,0.293982319148936,26.250085106383,23.5087659574468,23.5320638297872
2023-11-07,1.53838258333333,47.5288904333333,130.1900144375,19.1218333333333,15.6,23.813,35.8,471.368223478261,0.362130318181818,0.5385839375,0.331077791666667,25.7748541666667,22.8621041666667,23.4044375
2023-11-08,0.714409875,36.8955162916667,91.3758471041667,18.588125,16.887,21.94,3.1,329.380918181818,0.383976,0.484067979166667,0.312096083333333,25.4152916666667,23.5605833333333,22.7636666666667
2023-11-09,-0.0135127291666667,37.1354547916667,94.4620206979167,19.1361041666667,15.534,23.055,0,388.748533333333,0.3827041875,0.469227770833333,0.298436208333333,25.3677083333333,23.0490416666667,22.3030833333333
2023-11-10,-0.4215591875,23.4759630770833,74.1232822916667,18.7955,16.011,22.5,17.8,265.69565,0.382324872340426,0.465976395833333,0.323344520833333,25.0960416666667,22.7913125,21.8894791666667
2023-11-11,-2.3136363125,24.4310841875,80.35180375,18.0381875,15.136,21.423,11.1,278.587202727273,0.381782411764706,0.547644458333333,0.35676525,24.8687291666667,22.0964583333333,21.305375
2023-11-12,-0.333274375,31.6984373125,88.3486691041667,18.82325,16.501,23.126,4.4,342.781672727273,0.384631714285714,0.502800020833333,0.332704145833333,24.6477083333333,22.0705833333333,21.8277083333333
2023-11-13,-1.77336152173913,70.6975497291667,113.4761018125,18.9746666666667,16.485,22.721,3.9,418.362254545455,0.38471875,0.517711083333333,0.344822270833333,24.4002083333333,22.4561666666667,22.3571875
2023-11-14,0.677807782608696,25.1263677042553,84.7404021702128,18.5663125,16.327,23.09,22.2,332.427271428571,0.3842767,0.532916666666667,0.357936125,24.2884791666667,22.264125,22.3182291666667
2023-11-15,-1.66221395744681,24.6452216666667,95.8526175416667,18.4241041666667,16.633,22.498,5.7,327.110717391304,NA,0.524032666666667,0.35124375,23.9025,22.4021666666667,22.0445
2023-11-16,-0.847309998958333,29.2320148541667,119.3023975,18.5588125,16.259,22.067,6.6,379.330668181818,NA,0.535081958333333,0.3556083125,23.9964583333333,22.3416458333333,21.9241041666667
2023-11-17,-0.50160489375,19.172599375,94.3867345833333,18.5839583333333,16.268,22.186,2.5,301.921754782609,NA,0.521429895833333,0.349035458333333,23.9322916666667,22.2382708333333,21.7579166666667
2023-11-18,-2.43528429787234,28.7200957446809,106.692342978723,19.1631489361702,16.243,23.038,1.73617021276596,360.371509090909,NA,0.513408510638298,0.343392212765957,23.9095744680851,22.3002978723404,22.1891276595745
2023-11-19,-1.48031412708333,39.3082404375,118.5532454375,19.327125,16.451,23.334,1.4,426.024477272727,0.384995285714286,0.498195833333333,0.322333333333333,23.9045833333333,22.6427291666667,22.7735
2023-11-20,-0.327875125,35.5950815,102.276744270833,18.8102916666667,15.887,23.295,0.4,398.037259090909,0.384991038461538,0.484889583333333,0.310067375,24.1135416666667,22.953125,23.1864791666667
2023-11-21,-3.78156895833333,30.7576602291667,92.3105670833333,18.8851458333333,16.914,22.183,14.2,319.640898695652,0.384988833333333,0.5385729375,0.362691041666667,24.2,22.721875,22.4217708333333
2023-11-22,-4.31456612765957,32.0676216666667,101.149781666667,18.2911041666667,16.524,21.889,8.7,360.605489090909,NA,0.538554833333333,0.367232604166667,24.1210416666667,22.5445208333333,22.4344583333333
2023-11-23,-2.25968075208333,33.2904064166667,93.3596870833333,18.4119791666667,16.009,21.807,3.6,332.882750434783,NA,0.518664583333333,0.350840333333333,23.9004166666667,22.5248541666667,22.3160625
2023-11-24,-4.15112854166667,38.7577104375,101.234063833333,18.5965416666667,16.201,22.586,9,392.393336363636,0.385,0.523065979166667,0.358929166666667,23.9,22.5361875,22.5512291666667
2023-11-25,-1.9593731627907,41.910419255814,90.7423890697674,18.6260208333333,16.171,22.4,6.8,319.919885714286,NA,0.552608375,0.376272208333333,23.9,22.5870208333333,22.569
2023-11-26,-5.26291036956522,36.491903375,94.1440078958333,18.3128333333333,15.642,21.965,8.4,339.004644545455,NA,0.557616041666667,0.3865625,23.8616458333333,22.4705625,22.3667291666667
2023-11-27,-4.2396554375,28.3189202083333,128.225334791667,19.4688958333333,15.776,24.041,2.6,471.507686363636,NA,0.5491625,0.3716729375,23.7096041666667,22.7203333333333,23.0390833333333
2023-11-28,-1.20499617021277,23.278930106383,74.3089753255319,19.0666382978723,16.667,23.432,0,349.5513,NA,0.513701425531915,0.341580893617021,23.8398723404255,22.7731276595745,22.4249361702128
2023-11-29,-2.6907625,35.6991231916667,125.878053125,19.5375416666667,16.519,23.983,0,498.21279047619,NA,0.497737520833333,0.321502770833333,23.9,22.9528125,23.35575
2023-11-30,-2.86145958333333,33.8016072916667,117.94656615625,19.1962916666667,15.457,23.404,0,483.408214285714,0.384666666666667,0.486692333333333,0.297056916666667,23.9120833333333,23.1549791666667,23.1158958333333
2023-12-01,-3.37488629166667,33.9794330416667,111.783351479167,19.0845833333333,14.869,23.944,0,461.959777272727,0.38434188372093,0.478891041666667,0.276661791666667,24.1285416666667,23.2253958333333,23.3488333333333
2023-12-02,-2.88862082978723,26.085479625,97.9825900570833,19.513,14.764,24.388,0,411.976604545455,0.383998645833333,0.473573604166667,0.2603249375,24.2,23.3973541666667,23.477625
2023-12-03,-3.89324345833333,42.2234234166667,99.2572896666667,19.2648333333333,16.648,23.413,0,401.681293913043,0.3836229375,0.468485416666667,0.247611041666667,24.2119791666667,23.6899166666667,24.1459375
2023-12-04,-3.37510227659575,29.077347212766,79.0741831914894,18.9782553191489,15.925,23.501,0,363.49848,0.38299929787234,0.460031893617021,0.236065212765957,24.3676595744681,23.8942978723404,23.9174680851064
2023-12-05,-4.51290716666667,30.8256402083333,96.2922539270833,19.2105,15.701,24.028,0,404.089252272727,0.382301375,0.454037479166667,0.224146583333333,24.4,23.9385208333333,24.5282708333333
2023-12-06,-5.10366574468085,41.277177522766,87.1937204255319,19.0801063829787,16.362,23.583,0,383.176736363636,0.38234470212766,0.447594340425532,0.211365255319149,24.5789361702128,24.3275744680851,24.9313829787234
2023-12-07,-5.60630644208333,43.9262198479167,96.9856283666667,19.162,13.776,24.675,0,473.767580952381,0.382406270833333,0.441664583333333,0.200075041666667,24.7,24.5596875,25.2516458333333
2023-12-08,-4.47237460625,38.3212235833333,101.520308979167,19.3130833333333,14.632,24.828,0,446.488163636364,0.381907,0.4307110625,0.189208333333333,24.835,24.9258958333333,25.69525
2023-12-09,-5.94053188541667,43.48931615625,86.8020849145833,18.6891458333333,14.402,23.861,0,398.565322727273,0.381681270833333,0.420955583333333,0.178212520833333,24.9,24.9204583333333,25.4515208333333
2023-12-10,-5.06364974468085,46.6899675,80.6340814583333,19.388,16.503,23.565,0.8,397.255942857143,0.3812715,0.40704725,0.171019395833333,25.0172291666667,25.0659791666667,25.7436666666667
2023-12-11,-4.15657510416667,38.4977035833333,84.1883916666667,19.1832291666667,15.521,23.854,0.1,396.180853636364,0.380993020833333,0.3951596875,0.16616875,25.1,25.06025,25.2713125
2023-12-12,-4.55870891666667,31.0628566666667,73.665427523125,19.2441458333333,15.004,24.279,0,353.752301818182,0.380360375,0.379901395833333,0.161479833333333,25.18875,24.9262083333333,25.2768958333333
2023-12-13,-3.81291379166667,34.4139445,70.2117684583333,19.6378958333333,15.866,24.745,0,349.701747619048,0.380001395833333,0.360325041666667,0.1584631875,25.3722916666667,25.0139375,25.424375
2023-12-14,-4.01666070833333,43.9415468541667,66.1398162916667,19.6510208333333,17.216,23.878,0.1,355.748605,0.379427104166667,0.341574291666667,0.155460395833333,25.4,25.2133541666667,25.6365
2023-12-15,-2.72605472916667,45.9971169583333,98.5586985416667,18.9676666666667,16.036,22.86,4.7,373.156636363636,0.379234708333333,0.328387541666667,0.1517076875,25.4,25.074625,24.7364791666667
2023-12-16,-2.61876677083333,30.9619754166667,56.7657764166667,18.2689791666667,16.297,21.587,0,235.594292173913,0.378401395833333,0.320795125,0.1476916875,25.4004375,24.40525,23.3316666666667
2023-12-17,-4.56923645833333,36.5086466666667,76.5166383958333,18.9273333333333,15.664,23.38,0,376.452345238095,0.378628458333333,0.3111279375,0.147515875,25.4,23.9816458333333,23.6171458333333
2023-12-18,-4.15361957446809,43.4176418723404,76.3425066382979,18.791914893617,15.601,23.308,0.102127659574468,400.290808636364,0.378126212765957,0.298731191489362,0.148481595744681,25.2953191489362,24.1455106382979,24.272829787234
2023-12-19,-5.3621896875,38.2885253833333,72.6807898958333,19.2912708333333,16.034,23.725,0,350.935447272727,0.377714604166667,0.285978083333333,0.14684975,25.10375,24.4213541666667,24.5471041666667
2023-12-20,-6.64922435416667,46.6052956458333,74.8686781625,18.8055625,14.531,23.848,0,403.148766666667,0.377504145833333,0.2755139375,0.1446409375,25.19875,24.3427083333333,24.1805416666667
2023-12-21,-5.14217447916667,48.5464457916667,75.9433494375,19.5510208333333,15.624,24.474,0,407.98790952381,0.376630520833333,0.26659725,0.1448069375,25.2320833333333,24.469375,24.6062708333333
2023-12-22,-2.09486797916667,33.0963614583333,71.780208125,19.3068958333333,15.924,23.698,2.2,323.935877826087,0.375859645833333,0.2599985625,0.142389541666667,25.3791666666667,24.6075,24.3630416666667
2023-12-23,-1.62928489361702,31.0999983333333,74.8060625416667,18.9365208333333,16.357,23.239,6.7,309.771827272727,0.375679208333333,0.257749270833333,0.140968020833333,25.4,24.2421458333333,23.2109166666667
2023-12-24,-2.82000625,40.9349636875,94.5508904416667,20.2195625,16.905,24.796,0.7,409.784418181818,0.376147875,0.256179875,0.144542354166667,25.3997916666667,24.0295208333333,23.7247291666667
2023-12-25,-3.57713083333333,49.1774559375,93.8728047916667,20.300375,17.159,25.006,0,417.596077272727,0.374984020833333,0.255018104166667,0.147246541666667,25.3933333333333,24.4133333333333,24.3957916666667
2023-12-26,-2.31409020833333,27.4881638541667,65.2225641458333,18.96475,16.807,22.359,0.6,248.066905652174,0.374240270833333,0.253947208333333,0.147088208333333,25.4,24.3403541666667,23.2751875
2023-12-27,-5.75009827083333,52.241493125,84.2313998125,18.9125208333333,14.839,23.137,0,434.423147619048,0.374420833333333,0.248488854166667,0.146543125,25.3983333333333,23.7012083333333,23.0310833333333
2023-12-28,-5.73167641666667,54.72657044375,87.8769051875,19.9571458333333,15.719,24.862,0,444.766820909091,0.373204833333333,0.244560416666667,0.145565958333333,25.1491666666667,23.7622916666667,23.629125
2023-12-29,-4.66600570833333,51.7287727083333,71.1093776041667,20.2183125,15.596,25.202,0,410.62315,0.371802791666667,0.241050020833333,0.1458063125,25.1,24.3314583333333,24.8240833333333
2023-12-30,-4.42952136625,45.890260625,62.9886157291667,20.2108958333333,16.759,25.209,0,330.628995652174,0.3707381875,0.237916625,0.14458475,25.2539583333333,24.7342916666667,24.7983541666667
2023-12-31,-3.58882191489362,51.6279924042553,74.8227634723404,20.5957234042553,17.186,25.443,0,386.320818181818,0.370130914893617,0.235240744680851,0.143863425531915,25.3986808510638,24.9930212765957,25.512170212766
2024-01-01,-2.97828765957447,63.6938478510638,79.1968505744681,20.5546382978723,16.906,25.019,2.14468085106383,395.649725652174,0.369471595744681,0.232351042553192,0.14401485106383,25.5152978723404,25.3320638297872,25.7347021276596
2024-01-02,-0.390903583333333,27.6393533333333,89.4048805208333,20.070875,16.559,24.677,18.7,328.04157826087,0.367508354166667,0.231672958333333,0.288881291666667,25.6,25.0164375,23.9716458333333
2024-01-03,-3.64684195,44.8597177083333,99.7051616041667,20.1327708333333,17.197,24.79,0,425.126163636364,0.36718475,0.232616083333333,0.263298645833333,25.6,24.5085416666667,23.782625
2024-01-04,-2.472028125,36.249977125,84.2305463125,19.9585416666667,16.085,24.532,0,390.425947619048,0.365962479166667,0.232954166666667,0.237090333333333,25.6,24.4005416666667,23.7327291666667
2024-01-05,-0.362973623404255,32.4019186875,80.2535945833333,19.1352291666667,16.565,24.905,9.3,303.877733333333,0.364867354166667,0.234846520833333,0.2209875,25.6,24.4082708333333,23.6886666666667
2024-01-06,-1.23485736170213,24.3002184680851,71.7720370212766,19.0948958333333,16.539,23.044,10.8,280.316440909091,0.36630275,0.235236125,0.297623645833333,25.5944166666667,23.9932916666667,23.1266875
2024-01-07,-4.87409393478261,29.9394575957447,75.0584752608696,18.9210208333333,16.762,22.923,11,273.232816363636,0.364334729166667,0.373465916666667,0.358577104166667,25.4079375,23.4795,22.4166041666667
2024-01-08,-4.30556560416667,32.0629008333333,86.0574467083333,19.4325,16.566,23.663,0,356.87425,0.3645569375,0.407511104166667,0.325778520833333,25.3429166666667,23.3028958333333,22.6438125
2024-01-09,-2.2706268125,42.1814320208333,102.498712645833,19.0758958333333,15.932,23.211,0,462.743835,0.364993729166667,0.3936895625,0.304316,25.1004166666667,23.3920416666667,22.9172083333333
2024-01-10,-1.66446902083333,31.421931125,80.6905849375,18.7933125,14.917,22.806,0.7,326.663609090909,0.364658333333333,0.382581958333333,0.2849221875,25.1,23.3915416666667,22.6578958333333
2024-01-11,-0.113755500625,22.6134528958333,85.812798875,19.1455833333333,16.004,24.147,3,297.416660909091,0.363495875,0.377629875,0.2801145625,25.0395625,23.4124375,23.0084583333333
2024-01-12,-0.315461255319149,20.7534253404255,59.825932787234,19.5916808510638,16.952,23.85,16.2382978723404,259.611365238095,0.363,0.373197106382979,0.288378723404255,24.9065531914894,23.5739361702128,23.2238936170213
2024-01-13,-1.65573614583333,13.36993225,56.2317183333333,18.5205833333333,16.359,22.042,31,190.842838181818,0.363976395833333,0.566025041666667,0.380438208333333,24.9005625,22.9590833333333,22.063375
2024-01-14,-3.46853616666667,18.920570625,69.4366705,20.0861041666667,17.754,24.479,0,277.532742857143,0.373748604166667,0.514395895833333,0.356488208333333,24.7193125,22.9295625,22.7235208333333
2024-01-15,-5.36069904166667,32.0219576875,100.179331145833,20.3378125,17.241,24.64,0.1,379.929759090909,0.37499025,0.489043770833333,0.338269354166667,24.7,23.22425,23.0623125
2024-01-16,-3.71089155625,28.84619995625,93.811605875,20.3816458333333,16.408,25.062,0,366.765286363636,0.37521175,0.4784979375,0.320872916666667,24.7,23.3978125,23.0750833333333
2024-01-17,-3.34472889361702,19.9416915957447,73.3892105354167,20.1912916666667,16.927,24.187,0,312.153266666667,0.3742903125,0.469874979166667,0.3034194375,24.7,23.4716666666667,23.0907916666667
2024-01-18,-4.82033121276596,33.8640324375,70.8031381854167,19.3738958333333,17.009,23.031,0,311.020845454545,0.374335375,0.463942333333333,0.2880708125,24.7,23.5080833333333,23.1464166666667
2024-01-19,-1.38143847826087,18.257520826087,51.2803986956522,18.885652173913,16.861,23.699,0,315.6817325,0.373316,0.462705826086957,0.277526043478261,24.7,23.4506086956522,22.0890869565217
2024-01-20,NA,NA,NA,19.2443486807764,15.4329311294766,24.1405977961433,2.47705878905105,311.852147429218,NA,NA,NA,NA,NA,NA
2024-01-21,NA,NA,NA,19.2443486807764,15.4329311294766,24.1405977961433,2.47705878905105,311.852147429218,NA,NA,NA,NA,NA,NA
2024-01-22,NA,NA,NA,19.2443486807764,15.4329311294766,24.1405977961433,2.47705878905105,311.852147429218,NA,NA,NA,NA,NA,NA
2024-01-23,NA,NA,NA,19.2443486807764,15.4329311294766,24.1405977961433,2.47705878905105,311.852147429218,NA,NA,NA,NA,NA,NA
2024-01-24,NA,NA,NA,19.2443486807764,15.4329311294766,24.1405977961433,2.47705878905105,311.852147429218,NA,NA,NA,NA,NA,NA
2024-01-25,NA,NA,NA,19.2443486807764,15.4329311294766,24.1405977961433,2.47705878905105,311.852147429218,NA,NA,NA,NA,NA,NA
2024-01-26,NA,NA,NA,19.2443486807764,15.4329311294766,24.1405977961433,2.47705878905105,311.852147429218,NA,NA,NA,NA,NA,NA
2024-01-27,NA,NA,NA,19.2443486807764,15.4329311294766,24.1405977961433,2.47705878905105,311.852147429218,NA,NA,NA,NA,NA,NA
2024-01-28,NA,NA,NA,19.2443486807764,15.4329311294766,24.1405977961433,2.47705878905105,311.852147429218,NA,NA,NA,NA,NA,NA
2024-01-29,NA,NA,NA,19.2443486807764,15.4329311294766,24.1405977961433,2.47705878905105,311.852147429218,NA,NA,NA,NA,NA,NA
2024-01-30,NA,NA,NA,19.2443486807764,15.4329311294766,24.1405977961433,2.47705878905105,311.852147429218,NA,NA,NA,NA,NA,NA
2024-01-31,NA,NA,NA,19.2443486807764,15.4329311294766,24.1405977961433,2.47705878905105,311.852147429218,NA,NA,NA,NA,NA,NA
2024-02-01,NA,NA,NA,19.2443486807764,15.4329311294766,24.1405977961433,2.47705878905105,311.852147429218,NA,NA,NA,NA,NA,NA
2024-02-02,NA,NA,NA,19.2443486807764,15.4329311294766,24.1405977961433,2.47705878905105,311.852147429218,NA,NA,NA,NA,NA,NA
2024-02-03,NA,NA,NA,19.2443486807764,15.4329311294766,24.1405977961433,2.47705878905105,311.852147429218,NA,NA,NA,NA,NA,NA
2024-02-04,NA,NA,NA,19.2443486807764,15.4329311294766,24.1405977961433,2.47705878905105,311.852147429218,NA,NA,NA,NA,NA,NA
2024-02-05,NA,NA,NA,19.2443486807764,15.4329311294766,24.1405977961433,2.47705878905105,311.852147429218,NA,NA,NA,NA,NA,NA
2024-02-06,NA,NA,NA,19.2443486807764,15.4329311294766,24.1405977961433,2.47705878905105,311.852147429218,NA,NA,NA,NA,NA,NA
2024-02-07,4.54899446666667,19.7280771428571,30.1483096,21.1504375,17.698,26.22,0,221.3082,0.3547721875,0.2186179375,0.1468669375,25.5691875,24.818875,25.8601875
2024-02-08,-1.63056313043478,59.9252875217391,47.7667123913043,20.0799574468085,15.995,24.99,0,346.46801047619,0.355288468085106,0.21596570212766,0.142480404255319,25.5935106382979,24.2167446808511,23.9068510638298
2024-02-09,-3.1881835,94.8256305957447,58.6617616956522,20.99225,15.873,26.338,0,462.242281818182,0.3547020625,0.211693020833333,0.142619458333333,25.6,24.1723333333333,24.1944166666667
2024-02-10,-2.31485904166667,94.275330625,40.8263551875,20.6353541666667,17.094,26.15,0,447.477745454545,0.3518270625,0.207705520833333,0.141052729166667,25.6,24.6275208333333,24.78425
2024-02-11,1.02347804347826,82.1811141666667,42.8679999166667,19.9715208333333,14.369,25.995,0,399.424136363636,0.350790291666667,0.204976354166667,0.139758416666667,25.645625,24.3418958333333,24.2198958333333
2024-02-12,-1.11971540425532,85.8119974255319,39.6180618510638,20.5517872340426,14.427,26.679,0,468.13976,0.351204276595745,0.202267361702128,0.137490765957447,25.8865957446809,24.2088723404255,24.1819361702128
2024-02-13,-1.58229275,92.4387514583333,44.8547252916667,21.2822708333333,15.747,27.181,0,457.016406363636,0.3491444375,0.199790270833333,0.1359881875,25.9,24.3016458333333,24.4383958333333
2024-02-14,-1.79152989583333,94.9882627708333,45.7184597708333,21.4698541666667,15.821,27.646,0,459.037708181818,0.347145854166667,0.198558333333333,0.133406270833333,25.9,24.3666666666667,24.4311458333333
2024-02-15,-1.268003875,98.68084925,40.7539063333333,21.3949791666667,14.98,27.626,0,467.302736363636,0.346602770833333,0.1985965,0.129863895833333,25.9897916666667,24.0755208333333,24.4282916666667
2024-02-16,-1.29816732083333,95.317843625,33.3711044583333,20.8541458333333,14.839,26.93,0,431.147031818182,0.345893791666667,0.1932875,0.125423625,26.186875,24.0350625,24.5105416666667
2024-02-17,-0.800805354166667,95.718712875,29.2733037083333,21.065,15.829,27.359,0,446.365109090909,0.344077770833333,0.1821778125,0.121653458333333,26.2,24.5730416666667,25.0164166666667
2024-02-18,-0.0404023208333333,91.02838486875,39.1461746041667,22.64675,14.906,29.692,0,443.197413636364,0.342684020833333,0.171933395833333,0.1177785,26.3199583333333,24.68775,25.1627916666667
2024-02-19,-0.700810154166667,84.4945500208333,29.0326452489362,23.0520625,17.381,29.571,0,416.217023809524,0.342023645833333,0.164563166666667,0.113438875,26.4,25.1644583333333,25.7461041666667
2024-02-20,0.556785063829787,88.803695106383,29.8636784680851,22.11375,17.195,28.551,11.4,387.176622727273,0.341458333333333,0.157462666666667,0.109374729166667,26.5229166666667,25.5188125,26.1125833333333
2024-02-21,2.81695689130435,65.145895,94.9486069914894,21.8541875,16.798,28.033,0.1,449.789654545455,0.342402020833333,0.152391041666667,0.107754479166667,26.7,25.3263125,24.5581666666667
2024-02-22,0.55576950212766,74.7184082978723,62.0599921276596,20.8623125,16.122,26.323,0,473.387157142857,0.342598604166667,0.147356416666667,0.10734425,26.6983333333333,24.3073541666667,23.3295208333333
2024-02-23,-0.607598085106383,66.6611476595745,48.9664576808511,20.1678333333333,16.552,25.245,0,359.800263636364,0.341170875,0.142736166666667,0.107365291666667,26.4218541666667,23.6658958333333,22.5486041666667
2024-02-24,0.8690823,64.8371465,89.0828111041667,18.935875,16.09,24.258,17.4,408.313423809524,0.340578479166667,0.139151375,0.113052104166667,26.2128333333333,23.3682291666667,22.2379375
2024-02-25,0.9735875625,46.7814953541667,75.0300177708333,20.5370833333333,16.065,25.742,0.2,363.462113181818,0.341,0.139931229166667,0.141245104166667,25.9389583333333,23.4754791666667,22.4522083333333
2024-02-26,0.3146299375,38.2009586458333,63.2710788297872,21.0555416666667,16.668,26.914,0,303.731928181818,0.341,0.140939583333333,0.152409020833333,25.9,23.412,22.7089375
2024-02-27,2.08205695744681,45.8925810416667,81.865189375,20.5018958333333,17.288,27.153,3.5,377.015275714286,0.340987479166667,0.141678458333333,0.148382666666667,25.8408333333333,23.6033125,23.1189791666667
2024-02-28,-0.297851875,39.1687091875,88.8855965625,20.0833125,15.678,26.25,8.9,349.1405,0.341,0.1935895625,0.181166625,25.6608333333333,23.5727083333333,23.022375
2024-02-29,-1.78974368085106,66.6409454468085,100.327183244681,21.4696666666667,17.313,26.542,3.2,464.206056086956,0.3407614375,0.192161083333333,0.197786416666667,25.6,23.848875,23.4650625
2024-03-01,-1.43054924395833,62.728874125,106.8999814375,21.0516875,16.2,26.196,0,490.396990909091,0.340861125,0.186613166666667,0.18086875,25.6095833333333,24.0131666666667,23.4067291666667
2024-03-02,-0.297201936170213,45.1166421276596,89.1871606595745,21.1835106382979,17.125,26.198,0,401.989457142857,0.340997170212766,0.182846914893617,0.168582659574468,25.7582765957447,24.0025744680851,23.1852340425532
2024-03-03,-1.87439635416667,65.0795259583333,94.7706317173913,21.3179791666667,16.243,27.179,0,467.743345217391,0.340994458333333,0.1797139375,0.157393125,25.7433333333333,23.91225,23.3614583333333
2024-03-04,-0.680499354166667,41.163923375,57.2909823645833,21.5509375,16.181,27.877,0,325.932540909091,0.340989604166667,0.175720125,0.145754875,25.629375,23.6367708333333,23.0340833333333
2024-03-05,-2.15334789583333,93.9972214583333,52.9688096333333,20.7500833333333,17.428,25.549,0,496.006952380952,0.339529166666667,0.1726638125,0.138207625,25.6002083333333,23.8452708333333,23.5016875
2024-03-06,-1.14712810416667,86.5613888958333,45.5883065416667,20.4968125,16.453,25.772,0,389.112418181818,0.33827775,0.172431291666667,0.1316354375,25.6,24.0114791666667,23.6233958333333
2024-03-07,-0.717173085106383,80.2793125531915,46.9868658297872,21.0090208333333,15.449,26.842,0,383.339869565217,0.3388875,0.168334666666667,0.125118104166667,25.5994166666667,23.6773333333333,23.4149166666667
2024-03-08,-0.99249995,98.35050425,39.4602065625,21.682125,15.353,28.288,0,444.405168181818,0.3383764375,0.1676284375,0.121931895833333,25.5964791666667,24.2047916666667,24.299375
2024-03-09,-0.5725418125,104.806164083333,44.8233758958333,21.4876666666667,16.934,27.208,0.3,452.610577272727,0.339261791666667,0.167672916666667,0.1198868125,25.6,24.7303333333333,24.9489791666667
2024-03-10,-1.52276810416667,105.318980625,29.3208408125,21.3601666666667,16.354,27.36,0,432.491777272727,0.3391631875,0.168459645833333,0.117625645833333,25.6591666666667,24.8665416666667,24.9464375
2024-03-11,-1.15506505,104.000296041667,31.0799556041667,21.4849375,16.608,27.438,0,460.676114285714,0.338453416666667,0.166792333333333,0.114188145833333,25.8989583333333,24.7575416666667,24.9360416666667
2024-03-12,-2.04603951111111,93.3093248888889,26.2875730888889,21.2112978723404,14.959,27.753,0,447.116485714286,0.338394872340426,0.165694170212766,0.112096127659574,25.8984893617021,24.9346808510638,25.2648936170213
2024-03-13,-1.125208,113.582413958333,26.48817225,21.53225,15.596,27.851,0,454.105695454545,0.337161104166667,0.162896520833333,0.1086131875,25.9064583333333,24.8093541666667,25.4055
2024-03-14,-0.627584958333333,85.0934223333333,17.4724748085106,20.686625,16.635,26.527,0,326.482590909091,0.337979145833333,0.161070854166667,0.106195125,26.1852083333333,25.5783958333333,25.5949583333333
2024-03-15,-1.003103875,92.3529896458333,19.7922309583333,20.3200625,15.358,26.028,0,367.024609523809,0.3379743125,0.1623555625,0.1040124875,26.2820833333333,25.3111666666667,25.0186458333333
2024-03-16,-0.682583791666667,103.189006625,25.2986136041667,20.5602291666667,14.77,26.782,0,446.976795238095,0.336598583333333,0.160562479166667,0.101734027083333,26.3624791666667,24.9175833333333,25.0694375
2024-03-17,-1.46273318125,84.8230631875,15.9196101276596,22.1367083333333,15.515,29.486,0,377.601736363636,0.335229145833333,0.159695854166667,0.100098608333333,26.3408333333333,25.1557083333333,25.4745
2024-03-18,-0.271989479166667,90.9897675,12.7449670625,21.85325,16.881,27.715,0,393.5065,0.335474958333333,0.158881229166667,0.0982534270833333,26.4,25.7054166666667,26.0948541666667
2024-03-19,-0.80469775,102.723453375,16.776740625,21.6567083333333,16.586,27.896,0,370.200143478261,0.3350035,0.158543791666667,0.0974618125,26.4560416666667,25.9951458333333,26.2850625
2024-03-20,0.434808416666667,97.81171875,27.2906471340426,21.2271041666667,17.049,27.019,0.4,395.68125,0.3342639375,0.159055458333333,0.0971986104166667,26.6989583333333,26.2768958333333,26.4708333333333
2024-03-21,-0.0791335625,100.456052666667,28.5528785625,21.712625,16.728,27.925,0.1,411.729586363636,0.333823604166667,0.159480583333333,0.09545904375,26.7058333333333,26.314875,26.4736041666667
2024-03-22,-0.398918125,119.799279354167,11.5476549361702,22.2737083333333,16.561,28.805,0,446.893113636364,0.334643,0.1591430625,0.0952513895833333,26.845125,26.3425416666667,26.8972708333333
2024-03-23,-1.99016365909091,63.5406588125,11.4760245454545,20.8573958333333,16.189,27.551,37.7,243.771443181818,0.335166020833333,0.158673625,0.102371545833333,26.9,26.6691041666667,26.66075
2024-03-24,3.56386763043478,59.6970421458333,73.4422484222222,20.5887916666667,16.531,26.684,7.8,356.458690454545,0.334986791666667,0.156834041666667,0.325111854166667,26.9002083333333,25.12,23.4726458333333
2024-03-25,4.66652025,63.83495175,90.3756102083333,20.4628958333333,15.283,27.478,11.1,447.622227142857,0.335588125,0.186098083333333,0.329229395833333,26.8363958333333,24.7308333333333,23.9706875
2024-03-26,1.85779074468085,65.1279251489362,76.7000057446809,21.111170212766,18.003,25.762,0,403.256380952381,0.335010617021277,0.286599319148936,0.306108531914894,26.6993617021277,24.1743191489362,23.662829787234
2024-03-27,1.845814625,64.4256608333333,89.9175181666667,20.4258333333333,17.714,26.288,0,469.38371,0.334638895833333,0.299593708333333,0.288048604166667,26.434375,23.9220625,23.3747291666667
2024-03-28,0.8370391875,51.1462189583333,77.8653958541667,20.2695625,17.047,25.235,0.1,387.906319545455,0.333323604166667,0.290115291666667,0.269273625,26.3714166666667,23.9145625,23.2440208333333
2024-03-29,-1.01212525416667,48.9736524458333,78.1715587291667,20.3267083333333,15.752,25.535,3,384.796918181818,0.333011083333333,0.27546525,0.252441708333333,26.2015416666667,23.8253541666667,23.0468541666667
2024-03-30,1.38662112765957,57.4647361458333,97.506466,19.6996041666667,17.704,24.45,2.2,397.672542173913,0.3330243125,0.260989583333333,0.237491666666667,26.015625,23.7383541666667,23.0941041666667
2024-03-31,-0.200746875,54.7123599791667,86.9080391666667,19.345375,16.365,23.474,0,361.348839130435,0.333713208333333,0.2442971875,0.228416,25.9,23.5516666666667,22.719375
2024-04-01,-2.84431854166667,66.1594664375,89.8354072083333,19.6933125,16.655,24.313,0.3,411.351710869565,0.333897229166667,0.230230541666667,0.221492395833333,25.7739583333333,23.4248541666667,22.6523541666667
2024-04-02,-0.615271270833333,47.18352506875,101.2076554375,20.2561666666667,17.374,24.641,0,404.502450454545,0.3328986875,0.218534041666667,0.210395104166667,25.6,23.3469375,22.7796666666667
2024-04-03,-2.63626416666667,48.8832592083333,94.5951915416667,20.3784375,16.211,25.5,0,389.476169565217,0.3311945,0.2054215625,0.1990215625,25.6,23.1722083333333,22.5566041666667
2024-04-04,-3.15068189583333,45.2030747916667,97.2489725,20.2412083333333,17.333,25.287,0,408.25065,0.3310416875,0.194875020833333,0.189406229166667,25.466125,23.1032083333333,22.6639583333333
2024-04-05,-4.06614077083333,68.683145875,113.84813725,20.980625,17.46,25.418,0,495.833464090909,0.331001395833333,0.189004833333333,0.180715333333333,25.4,23.4474791666667,23.2234166666667
2024-04-06,-2.10624470212766,30.4821104574468,87.2118623404255,19.5633125,16.104,24.015,0,320.778247619048,0.331005541666667,0.189499291666667,0.305782625,25.4,23.4229166666667,22.5767708333333
2024-04-07,-7.21654283333333,56.4136949047619,138.482603809524,20.8881489361702,16.815,25.548,0,465.868713478261,0.331002829787234,0.472998553191489,0.367012808510638,25.4,23.2303617021277,22.8845957446809
2024-04-08,-1.53595958333333,29.8759903541667,77.2988294791667,20.2167291666667,17.877,24.382,0,288.362395454545,0.331002770833333,0.465007625,0.359252041666667,25.4,23.5539166666667,23.211875
2024-04-09,-4.7948736875,25.0435711354167,88.0406493958333,19.4699583333333,15.668,24.817,0,316.190986363636,0.337461104166667,0.551058291666667,0.394009708333333,25.2495833333333,22.9007291666667,22.2163958333333
2024-04-10,-5.345117,45.0388968297872,115.162355744681,20.7173829787234,16.593,26.32,0,467.7169,0.364401361702128,0.491170914893617,0.361942574468085,24.9750638297872,22.6692553191489,22.2329574468085
2024-04-11,-0.634294145833333,35.2302282291667,105.7396625,20.8168958333333,16.639,26.279,0,403.223831818182,0.367369520833333,0.468253895833333,0.340976645833333,24.9,23.4268541666667,23.0821041666667
2024-04-12,-3.50243711666667,37.4640011875,90.9000399166667,20.3699583333333,16.499,24.764,0,394.072195238095,0.368113208333333,0.505944229166667,0.372913229166667,24.9,23.36375,23.0042916666667
2024-04-13,-2.67668725,26.930602375,80.8690183333333,19.9788333333333,17.242,23.992,0,283.531050909091,0.372411166666667,0.536216645833333,0.3940020625,24.9,23.2202916666667,22.7733333333333
2024-04-14,-3.04664263829787,34.4208642553192,99.261209787234,20.4253125,17.163,25.034,0,381.746166666667,0.377558333333333,0.5488945,0.40049725,24.8606458333333,22.8669166666667,22.6986458333333
2024-04-15,-1.90253589130435,28.6030512765957,91.7458229166667,19.5896666666667,17.165,24.522,0,337.589352380952,0.378125770833333,0.532318770833333,0.395213208333333,24.7036666666667,22.5673125,22.3276875
2024-04-16,-3.96514641666667,30.735823125,104.670158395833,20.039125,16.624,24.465,0,380.129563636364,0.381870854166667,0.55040275,0.408004104166667,24.7,22.8154791666667,22.499875
2024-04-17,-2.98946604166667,41.5671792708333,108.01743225,20.4367708333333,17.298,25.279,12.3,457.111795238095,0.380584666666667,0.517155541666667,0.381365270833333,24.7,22.6795833333333,22.6227916666667
2024-04-18,-1.8516510625,37.197980625,103.937501041667,20.7808541666667,17.978,25.291,0,387.171140909091,0.379344416666667,0.4936604375,0.35876875,24.7,22.9179583333333,22.8872291666667
2024-04-19,-0.701482979166667,21.5896823125,73.2981247916667,19.9644583333333,16.989,24.118,0,261.470027272727,0.3782395625,0.477621520833333,0.340289625,24.7,22.7575,22.4958333333333
2024-04-20,-1.063219875,38.8560580416667,108.793904125,20.0924166666667,16.146,25.003,0,409.861698636364,0.377351458333333,0.4740930625,0.327295125,24.7,22.8570625,22.62725
2024-04-21,-7.93847022727273,17.5977056666667,82.3601686666667,19.1100425531915,16.827,24.052,0,261.240440909091,0.379984404255319,0.560287446808511,0.422226106382979,24.7,22.6215106382979,22.0551914893617
2024-04-22,-4.12991612916667,29.2629947916667,95.4561108333333,19.8986458333333,16.835,24.627,0.1,393.135835,0.383191020833333,0.553748625,0.419630541666667,24.5752083333333,22.6867916666667,22.2825208333333
2024-04-23,-2.51081039583333,22.49398275,72.22283125,20.2185208333333,17.921,24.132,0,287.861675238095,0.38140975,0.523959,0.3998773125,24.4,22.7007083333333,22.4535416666667
2024-04-24,-5.83202586956522,61.799844375,115.334255625,20.0127083333333,17.38,24.687,0,397.841058636364,0.3814095625,0.541495354166667,0.414278395833333,24.4,22.4633541666667,22.3404791666667
2024-04-25,-3.41726934782609,17.4946717916667,79.2796623333333,19.2144166666667,17.838,24.043,24.9,248.921133333333,0.381362479166667,0.548950020833333,0.420497895833333,24.4,22.7097708333333,22.3275208333333
2024-04-26,-6.31797929166667,31.8801994222222,80.0614861666667,18.3502916666667,16.253,22.653,31.8,322.38008047619,0.383926395833333,0.570145854166667,0.436760395833333,24.38025,22.1291458333333,21.5320208333333
2024-04-27,-4.60375217021277,46.0978312708333,99.8716450625,19.747375,17.01,24.009,0.6,363.683796363636,0.383931229166667,0.568232645833333,0.431438229166667,24.2001458333333,22.0867708333333,21.7989375
2024-04-28,-3.356980625,35.1258402708333,79.0321127083333,19.5173125,17.464,22.631,0.3,322.68029047619,0.382457645833333,0.542538541666667,0.410715916666667,24.2,22.34425,22.05975
2024-04-29,-1.9553095,64.2332525957447,90.2943635416667,18.9767083333333,16.257,24.895,61.1,308.597197619048,0.3816270625,0.533611833333333,0.402791666666667,24.1997916666667,22.3586458333333,21.9980625
2024-04-30,-3.80255341666667,30.1200881041667,103.85156375,20.465,17.013,26.243,4.8,370.883980454545,0.3831104375,0.556317395833333,0.423966625,24.1814583333333,22.2752083333333,22.1111041666667
2024-05-01,-7.45323409523809,29.242832195122,114.477028863636,19.776625,17.338,24.714,33.6,313.36276,0.383735416666667,0.571036770833333,0.4380715,23.9629166666667,22.4976041666667,22.3015208333333
2024-05-02,-3.15914959090909,19.8512862166667,66.0984191666667,19.3666041666667,17.605,24.774,6.1,220.983165909091,0.383878479166667,0.576038875,0.438821520833333,23.90125,22.6151458333333,22.3089791666667
2024-05-03,-1.89200145833333,15.9367425416667,78.314794375,20.2574166666667,17.517,23.667,11,250.3533,0.384356229166667,0.579717979166667,0.444922208333333,23.9041666666667,22.3823125,22.0120833333333
2024-05-04,-0.606713191489362,10.9699705,52.0177645416667,18.930125,16.816,23.298,43,199.333647619048,0.38429584375,0.583794458333333,0.451777104166667,23.9,22.2342291666667,21.7029375
2024-05-05,-2.61169654166667,28.7454417291667,79.4747540625,19.8105833333333,16.73,25.594,0.3,355.03268047619,0.384429268292683,0.583661083333333,0.449407666666667,23.7980416666667,22.0595625,21.8471041666667
2024-05-06,-4.70875729166667,13.5796631875,49.4609088541667,18.5736041666667,15.885,22.234,26.6,194.621394545455,0.3843074,0.592354875,0.454965333333333,23.7033541666667,22.0276458333333,21.4368958333333
2024-05-07,-4.78715554166667,25.5702767291667,71.5218475,18.9358125,16.701,22.759,3.2,265.869528181818,0.383970125,0.595632604166667,0.456253458333333,23.7,21.7773541666667,21.3314166666667
2024-05-08,-2.53617916666667,29.5074911083333,70.52325125,18.6087916666667,16.652,22.637,1.5,272.4228,0.3827688125,0.577029104166667,0.4426118125,23.7,21.7601458333333,21.3383541666667
2024-05-09,-1.22528545833333,15.083070625,66.170691,18.2925,15.704,21.964,0.2,221.208736086957,0.382127791666667,0.549443083333333,0.422759,23.6939791666667,21.321125,20.7554166666667
2024-05-10,-2.82686225,28.4665612083333,65.7777335625,18.4341458333333,16.26,22.175,0.9,245.47311,0.381747229166667,0.5323909375,0.406774333333333,23.5706041666667,21.3399791666667,20.8693333333333
